id_cliente,edad,nivel_educacion,limite_credito,meses_mora,meses_mora_previo,meses_mora_acumulados,monto_facturado_mes,monto_facturado_mes_anterior,monto_facturado_dos_meses_antes,monto_pagado_mes,monto_pagado_mes_anterior,monto_pagado_dos_meses_antes,uso_credito,cobertura_pago,incumplio_pago
R-0001,34,universitaria,90000,0,0,0,29239,14027,13559,1518,1500,1000,0.3249,0.0519,no
R-0002,37,posgrado,50000,0,0,0,64400,57069,57608,2500,1815,657,1.288,0.0388,no
R-0003,29,posgrado,250000,0,0,0,70887,67060,63561,3000,3000,3000,0.2835,0.0423,no
R-0004,26,universitaria,70000,2,0,6,41087,42445,45020,2007,3582,0,0.587,0.0488,si
R-0005,47,media,50000,0,0,0,650,3415,3416,3415,3421,2044,0.013,3.0,no
R-0006,40,universitaria,280000,0,0,0,186503,181328,180422,8026,8060,6300,0.6661,0.043,no
R-0007,31,posgrado,280000,0,0,2,498,9075,4641,9075,0,9976,0.0018,3.0,no
R-0008,30,posgrado,40000,0,0,2,18927,21295,25921,3000,5000,0,0.4732,0.1585,no
R-0009,42,media,70000,1,2,8,37042,36171,38355,0,3100,2000,0.5292,0.0,si
R-0010,49,universitaria,310000,0,0,0,13465,7867,7600,7875,7600,11185,0.0434,0.5848,no
R-0011,28,media,500000,0,0,0,22848,23638,18878,1516,1300,1000,0.0457,0.0664,si
R-0012,39,universitaria,70000,0,0,0,70800,72060,69938,4025,2095,1000,1.0114,0.0569,no
R-0013,46,universitaria,50000,0,0,0,28718,29166,0,1000,0,0,0.5744,0.0348,si
R-0014,57,posgrado,200000,0,0,4,152519,148751,144076,0,0,8222,0.7626,0.0,si
R-0015,22,otra,20000,2,0,0,18565,17204,17285,0,1200,1000,0.9282,0.0,no
R-0016,32,universitaria,200000,0,0,2,9076,5787,-684,5818,15,9102,0.0454,0.641,no
R-0017,32,posgrado,340000,0,0,0,3048,5550,23337,5713,23453,4314,0.009,1.8743,no
R-0018,33,media,470000,0,0,0,165254,157784,162702,6400,7566,3000,0.3516,0.0387,no
R-0019,26,posgrado,360000,0,0,0,23411,27796,30400,4796,3400,3100,0.065,0.2049,no
R-0020,49,media,50000,0,0,0,48909,47863,21489,1676,1302,700,0.9782,0.0343,no
R-0021,44,media,20000,2,2,4,8583,8303,9651,0,1651,1000,0.4292,0.0,no
R-0022,37,universitaria,160000,0,0,0,880,1602,840,1602,840,840,0.0055,1.8205,no
R-0023,22,media,50000,0,0,0,18722,18160,16997,1411,1194,379,0.3744,0.0754,no
R-0024,41,universitaria,280000,2,2,11,135673,138532,134813,6500,0,14254,0.4845,0.0479,no
R-0025,38,universitaria,240000,0,0,0,50254,51445,53015,2000,3000,3000,0.2094,0.0398,no
R-0026,37,media,50000,2,2,11,46004,45976,48953,1000,4035,1000,0.9201,0.0217,si
R-0027,23,universitaria,20000,1,0,0,0,0,0,0,0,0,0.0,0.0,no
R-0028,36,posgrado,180000,0,0,0,163736,116422,99278,4655,2690,2067,0.9096,0.0284,si
R-0029,25,posgrado,80000,0,0,0,42444,55744,43476,30000,3000,6000,0.5306,0.7068,no
R-0030,26,media,30000,0,0,0,9014,10406,11427,1700,1500,1000,0.3005,0.1886,no
R-0031,45,media,210000,2,3,22,115785,122904,129847,10478,10478,11078,0.5514,0.0905,si
R-0032,34,posgrado,250000,0,0,2,141223,156858,151841,17994,0,5469,0.5649,0.1274,no
R-0033,37,universitaria,270000,0,0,0,37695,33397,30534,5000,2000,3000,0.1396,0.1326,no
R-0034,22,universitaria,50000,0,0,0,8567,15273,11650,15000,1000,149,0.1713,1.7509,no
R-0035,29,posgrado,360000,1,0,0,0,0,77,0,77,0,0.0,0.0,no
R-0036,35,media,80000,0,0,0,49608,12412,14873,12500,6500,3000,0.6201,0.252,no
R-0037,25,universitaria,20000,0,0,0,10642,11677,13070,1200,1593,601,0.5321,0.1128,no
R-0038,38,universitaria,100000,1,2,4,14483,13961,15323,0,1600,1500,0.1448,0.0,si
R-0039,31,universitaria,20000,1,5,18,21703,21087,21461,0,1000,0,1.0852,0.0,no
R-0040,27,posgrado,60000,2,0,2,19625,20347,21669,1342,1664,2000,0.3271,0.0684,si
R-0041,24,posgrado,50000,1,2,10,36166,37188,37680,1900,1400,1700,0.7233,0.0525,si
R-0042,22,media,30000,1,2,4,29010,29256,28122,1000,85,1714,0.967,0.0345,si
R-0043,26,universitaria,120000,0,0,0,107314,110578,113736,5000,5000,4152,0.8943,0.0466,no
R-0044,50,posgrado,330000,0,0,0,8872,4337,2854,4345,2854,1702,0.0269,0.4897,no
R-0045,38,posgrado,210000,1,0,0,0,0,250,0,250,0,0.0,0.0,si
R-0046,39,universitaria,30000,0,0,2,28347,28108,18388,3036,2309,0,0.9449,0.1071,no
R-0047,42,media,30000,0,0,2,390,390,390,390,390,240,0.013,1.0,no
R-0048,31,media,110000,0,0,0,89989,84229,79288,4000,5000,3000,0.8181,0.0444,no
R-0049,38,posgrado,310000,0,0,0,1424,4542,126,4542,126,0,0.0046,3.0,no
R-0050,75,universitaria,250000,0,0,0,52874,1631,1536,1631,1536,1010,0.2115,0.0308,no
R-0051,28,universitaria,30000,0,0,0,29242,29507,29155,5006,1244,851,0.9747,0.1712,no
R-0052,37,posgrado,80000,0,0,0,10115,249,5986,258,5995,188,0.1264,0.0255,no
R-0053,25,universitaria,150000,0,0,0,6156,0,0,0,0,316,0.041,0.0,no
R-0054,49,media,130000,0,0,0,89003,91362,72197,4100,3095,1630,0.6846,0.0461,si
R-0055,48,posgrado,40000,0,0,0,34871,34449,33634,1600,1600,1500,0.8718,0.0459,no
R-0056,36,universitaria,70000,0,0,0,68699,69120,68376,4483,12496,3268,0.9814,0.0653,no
R-0057,26,posgrado,50000,0,0,0,1156,316,316,316,316,316,0.0231,0.2734,no
R-0058,33,media,50000,0,0,0,50859,50462,50654,2007,2199,691,1.0172,0.0395,no
R-0059,43,universitaria,30000,3,2,10,1700,2610,1914,1100,0,300,0.0567,0.6471,no
R-0060,27,universitaria,10000,0,0,2,7015,10227,9560,3507,0,500,0.7015,0.4999,si
R-0061,36,universitaria,210000,0,0,0,143225,142996,144415,6483,5082,6000,0.682,0.0453,no
R-0062,34,posgrado,300000,1,0,0,0,0,13001,0,13001,0,0.0,0.0,si
R-0063,55,media,30000,2,2,14,9720,10613,11339,1200,1200,2000,0.324,0.1235,si
R-0064,40,posgrado,20000,0,0,2,10934,13738,16567,3000,3100,0,0.5467,0.2744,no
R-0065,49,media,200000,0,2,6,52439,51040,56205,0,6000,0,0.2622,0.0,si
R-0066,27,posgrado,100000,0,0,0,55734,52557,33415,1631,1286,200,0.5573,0.0293,no
R-0067,41,universitaria,220000,0,2,6,650,650,325,325,0,950,0.003,0.5,si
R-0068,40,universitaria,130000,0,0,2,9559,12394,11883,3000,0,500,0.0735,0.3138,si
R-0069,31,universitaria,50000,0,0,0,46512,47716,49675,1974,4406,1061,0.9302,0.0424,si
R-0070,34,posgrado,120000,0,0,0,882,6531,6313,6900,5037,1100,0.0074,3.0,no
R-0071,39,posgrado,180000,0,0,0,274731,281713,242063,11000,145000,26000,1.5263,0.04,no
R-0072,26,universitaria,100000,0,0,0,1370,4192,4159,4210,4159,1000,0.0137,3.0,no
R-0073,29,universitaria,50000,0,0,0,47081,49316,50409,3000,2000,2000,0.9416,0.0637,si
R-0074,26,universitaria,30000,0,0,0,17893,19012,20123,1411,1522,621,0.5964,0.0789,si
R-0075,24,otra,110000,0,0,0,83755,77431,79044,3000,2900,2900,0.7614,0.0358,no
R-0076,34,posgrado,90000,0,0,6,34302,35089,43449,1640,9000,0,0.3811,0.0478,no
R-0077,29,universitaria,140000,0,0,0,20110,17102,18862,3000,3000,3000,0.1436,0.1492,no
R-0078,22,universitaria,50000,0,0,0,0,0,0,0,0,848,0.0,0.0,no
R-0079,37,posgrado,500000,1,2,2,507062,491956,430637,325,15296,12137,1.0141,0.0006,no
R-0080,36,posgrado,260000,1,0,0,0,0,0,0,0,0,0.0,0.0,si
R-0081,27,posgrado,390000,0,0,0,304867,299998,300426,13007,10612,10041,0.7817,0.0427,si
R-0082,23,universitaria,50000,0,0,0,350,350,400,350,400,1695,0.007,1.0,no
R-0083,44,posgrado,240000,0,0,0,246135,231443,234557,12026,9010,7400,1.0256,0.0489,si
R-0084,28,posgrado,160000,0,0,0,146433,107604,89902,4500,4400,3000,0.9152,0.0307,no
R-0085,42,otra,200000,0,0,0,38564,38246,32253,5000,1485,1956,0.1928,0.1297,no
R-0086,26,posgrado,200000,0,0,0,156786,179,1443,179,1443,1443,0.7839,0.0011,no
R-0087,38,universitaria,180000,0,0,0,152510,151651,159019,5657,10372,5000,0.8473,0.0371,no
R-0088,41,universitaria,400000,0,0,0,366193,372700,375948,14020,13595,6243,0.9155,0.0383,no
R-0089,28,universitaria,70000,0,0,2,41264,41799,37887,2112,1200,758,0.5895,0.0512,no
R-0090,48,media,90000,1,2,10,77604,73317,71334,1700,4000,1600,0.8623,0.0219,no
R-0091,36,universitaria,220000,0,0,0,396,1648,792,1648,792,0,0.0018,3.0,si
R-0092,32,universitaria,90000,0,0,0,573,0,0,157,0,0,0.0064,0.274,no
R-0093,41,posgrado,50000,0,0,0,508,672,226,1000,390,1000,0.0102,1.9685,no
R-0094,46,otra,230000,0,0,0,221590,227397,230302,10000,9000,8000,0.9634,0.0451,no
R-0095,33,posgrado,130000,0,0,0,19161,20544,22704,2000,3000,0,0.1474,0.1044,si
R-0096,23,universitaria,20000,0,0,2,18355,20259,19534,2900,10,577,0.9178,0.158,no
R-0097,34,posgrado,290000,0,0,0,93844,97708,103066,6000,7000,5000,0.3236,0.0639,no
R-0098,31,posgrado,30000,0,0,0,16496,17522,18531,1597,1606,819,0.5499,0.0968,no
R-0099,28,posgrado,360000,0,0,0,1210,820,64644,390,75720,62520,0.0034,0.3223,si
R-0100,45,universitaria,620000,2,2,2,160837,156839,160440,0,6200,6000,0.2594,0.0,si
R-0101,52,media,100000,0,0,6,4657,6068,6418,1500,1000,1000,0.0466,0.3221,si
R-0102,41,posgrado,190000,0,0,0,28204,0,16500,0,16500,0,0.1484,0.0,si
R-0103,53,media,210000,0,0,0,57192,58472,59658,2800,2753,2400,0.2723,0.049,no
R-0104,45,posgrado,390000,2,2,8,834,155,-1690,1,1693,6940,0.0021,0.0012,no
R-0105,35,media,250000,0,0,0,7244,8472,1738,8514,1751,6739,0.029,1.1753,no
R-0106,40,posgrado,270000,0,0,0,18751,5706,0,1000,0,0,0.0694,0.0533,no
R-0107,29,posgrado,200000,1,0,0,55788,8360,4897,8394,4927,5089,0.2789,0.1505,no
R-0108,28,universitaria,30000,1,0,0,0,780,0,780,0,0,0.0,3.0,si
R-0109,33,universitaria,90000,0,0,0,35785,29155,27485,15155,5485,5263,0.3976,0.4235,no
R-0110,53,media,80000,0,0,0,77766,77954,78512,4000,2374,2007,0.9721,0.0514,no
R-0111,42,universitaria,50000,0,0,0,50300,50898,49111,2200,1600,1700,1.006,0.0437,no
R-0112,32,universitaria,80000,0,0,0,48747,45955,44989,2145,1844,2009,0.6093,0.044,no
R-0113,36,universitaria,50000,0,0,0,9214,10359,7350,1351,1500,150,0.1843,0.1466,no
R-0114,34,universitaria,200000,0,0,0,390,390,390,390,390,561,0.002,1.0,no
R-0115,39,posgrado,230000,0,0,0,660,660,660,660,660,660,0.0029,1.0,no
R-0116,25,media,20000,0,0,0,16591,16442,6401,1155,1000,0,0.8296,0.0696,no
R-0117,31,universitaria,170000,0,0,0,56364,58132,59171,3000,3000,2000,0.3316,0.0532,no
R-0118,32,universitaria,210000,0,0,0,46255,50486,54019,5000,5000,5000,0.2203,0.1081,no
R-0119,28,universitaria,370000,0,0,0,276436,239025,149128,20000,13000,5000,0.7471,0.0723,no
R-0120,31,universitaria,30000,0,0,2,29493,19433,18782,3200,0,742,0.9831,0.1085,no
R-0121,39,media,150000,1,0,0,214450,147280,150000,5180,5000,0,1.4297,0.0242,no
R-0122,42,posgrado,450000,1,0,0,-200,-200,0,0,200,42000,-0.0004,0.0,si
R-0123,32,universitaria,40000,0,0,6,24114,25417,28777,2000,4110,1100,0.6028,0.0829,no
R-0124,34,universitaria,20000,0,0,0,12857,14183,14890,1541,1248,1000,0.6428,0.1199,si
R-0125,35,posgrado,230000,0,0,0,4259,5432,6182,1250,1000,0,0.0185,0.2935,no
R-0126,41,media,20000,0,0,0,780,0,732,0,732,300,0.039,0.0,si
R-0127,27,universitaria,170000,0,2,4,1170,780,0,0,0,0,0.0069,0.0,no
R-0128,22,universitaria,30000,1,2,13,22582,26518,25814,4600,0,0,0.7527,0.2037,no
R-0129,49,universitaria,20000,0,0,0,16326,17497,18456,1441,1400,368,0.8163,0.0883,no
R-0130,49,universitaria,50000,0,0,0,34962,32275,31253,1613,2000,1500,0.6992,0.0461,no
R-0131,35,posgrado,150000,1,0,0,0,0,0,0,0,0,0.0,0.0,no
R-0132,22,universitaria,30000,0,0,2,23892,28459,25499,5300,0,1000,0.7964,0.2218,no
R-0133,29,universitaria,330000,0,0,0,49549,133957,128212,90000,3000,5000,0.1501,1.8164,no
R-0134,29,posgrado,60000,0,2,6,546,255,464,0,500,1000,0.0091,0.0,si
R-0135,57,universitaria,110000,0,0,0,46132,41050,40091,2306,2111,3009,0.4194,0.05,no
R-0136,50,media,70000,0,0,0,27345,-1041,17571,1041,18862,640,0.3906,0.0381,no
R-0137,31,posgrado,610000,0,0,0,142764,126606,67887,6540,2100,2150,0.234,0.0458,no
R-0138,38,media,170000,0,0,0,21310,22957,24266,2000,2000,2000,0.1254,0.0939,no
R-0139,34,universitaria,50000,0,0,0,10821,11877,13656,1221,2000,1500,0.2164,0.1128,no
R-0140,36,universitaria,470000,0,0,0,873,1593,1518,1005,1000,285,0.0019,1.1512,no
R-0141,29,media,90000,0,2,2,19450,3123,2121,0,3509,3113,0.2161,0.0,no
R-0142,53,universitaria,360000,0,0,0,10733,15206,15000,15206,15032,9769,0.0298,1.4168,no
R-0143,26,posgrado,200000,0,0,0,12716,16164,1954,16244,1963,3359,0.0636,1.2774,no
R-0144,29,posgrado,230000,0,0,6,40732,44563,42804,5000,0,3000,0.1771,0.1228,no
R-0145,27,universitaria,50000,0,0,2,819,3003,1677,2184,5,1180,0.0164,2.6667,no
R-0146,32,universitaria,230000,0,0,2,87764,73526,72376,2630,2614,6000,0.3816,0.03,si
R-0147,34,posgrado,50000,0,0,0,46750,48317,48282,2320,1282,3299,0.935,0.0496,no
R-0148,37,universitaria,160000,0,0,0,2694,38433,38870,35888,1325,891,0.0168,3.0,no
R-0149,24,posgrado,140000,1,0,0,0,0,0,0,0,0,0.0,0.0,no
R-0150,50,universitaria,150000,0,0,2,55336,58255,36260,5085,4000,0,0.3689,0.0919,no
R-0151,27,posgrado,40000,0,0,0,11058,11471,11776,2000,1500,2330,0.2764,0.1809,si
R-0152,24,universitaria,50000,1,2,4,27087,26372,26992,0,1400,1100,0.5417,0.0,no
R-0153,24,media,20000,8,7,25,24310,23987,23353,0,0,0,1.2155,0.0,no
R-0154,31,universitaria,350000,0,0,0,67648,68557,63179,3039,2047,1750,0.1933,0.0449,no
R-0155,33,universitaria,110000,1,0,0,0,0,0,0,0,0,0.0,0.0,si
R-0156,38,posgrado,490000,0,0,0,4290,4738,2803,4738,2803,6027,0.0088,1.1044,no
R-0157,34,universitaria,300000,0,0,0,205064,-86,-86,0,0,2100,0.6835,0.0,no
R-0158,23,universitaria,40000,0,0,10,20035,21406,24735,2000,4000,0,0.5009,0.0998,no
R-0159,27,universitaria,20000,0,0,0,20218,19194,20112,1482,1400,0,1.0109,0.0733,no
R-0160,39,universitaria,140000,0,0,0,105192,90337,74510,3000,6000,4000,0.7514,0.0285,no
R-0161,38,media,500000,0,0,0,13655,8351,2340,8351,2340,2340,0.0273,0.6116,no
R-0162,43,universitaria,50000,0,0,0,23587,24580,20165,1800,1775,10732,0.4717,0.0763,no
R-0163,38,posgrado,230000,0,0,0,224020,227311,184500,8750,7470,4540,0.974,0.0391,no
R-0164,30,posgrado,310000,0,0,0,1544,1648,1284,1300,1000,1000,0.005,0.842,no
R-0165,28,universitaria,390000,0,0,0,149445,139794,133224,8046,5150,5297,0.3832,0.0538,no
R-0166,34,media,150000,0,0,0,772,337,618,340,618,150,0.0051,0.4404,no
R-0167,37,universitaria,400000,1,1,4,13611,15066,15882,3019,5014,3,0.034,0.2218,no
R-0168,36,posgrado,140000,0,0,0,4036,0,0,0,0,2971,0.0288,0.0,no
R-0169,25,universitaria,220000,0,0,0,168286,155893,119575,10000,3900,1000,0.7649,0.0594,no
R-0170,40,universitaria,80000,2,0,4,57364,58637,59863,2200,2200,4000,0.717,0.0384,no
R-0171,27,posgrado,50000,0,0,0,7010,9876,11115,3000,1500,2000,0.1402,0.428,no
R-0172,46,media,140000,0,0,0,68075,69972,71805,3000,3000,3000,0.4862,0.0441,no
R-0173,39,posgrado,200000,0,0,0,0,0,0,0,0,0,0.0,0.0,no
R-0174,40,posgrado,110000,0,0,0,8481,13066,17638,4980,5124,5256,0.0771,0.5872,no
R-0175,34,posgrado,240000,1,2,2,11874,5979,6938,0,6938,41877,0.0495,0.0,no
R-0176,32,universitaria,200000,0,0,0,5150,10190,10190,10190,10190,10190,0.0258,1.9786,no
R-0177,44,universitaria,50000,0,0,0,1261,1261,1261,1261,1261,1261,0.0252,1.0,no
R-0178,37,posgrado,330000,0,0,0,4785,3403,0,3523,0,5882,0.0145,0.7363,no
R-0179,24,universitaria,80000,2,2,19,1200,1200,1200,0,0,0,0.015,0.0,si
R-0180,51,media,160000,0,2,2,2000,1000,2125,0,2125,2125,0.0125,0.0,no
R-0181,27,posgrado,30000,0,0,0,12897,13484,6655,2011,2211,2101,0.4299,0.1559,si
R-0182,43,posgrado,380000,1,2,4,8201,7882,-2,39,0,0,0.0216,0.0048,si
R-0183,24,universitaria,50000,0,0,0,14937,12171,3847,3027,3858,11139,0.2987,0.2027,no
R-0184,27,universitaria,20000,0,0,0,42784,41009,44267,3000,5000,10000,2.1392,0.0701,no
R-0185,39,media,180000,2,2,8,10159,12689,12183,2710,0,2000,0.0564,0.2668,si
R-0186,54,media,150000,0,0,2,148747,145231,145341,5500,5500,11000,0.9916,0.037,no
R-0187,23,posgrado,50000,0,0,0,49860,50187,50022,2500,1289,917,0.9972,0.0501,no
R-0188,45,posgrado,140000,0,0,4,39716,40799,41853,1600,1600,3169,0.2837,0.0403,no
R-0189,38,posgrado,360000,1,0,0,0,0,0,0,0,0,0.0,0.0,si
R-0190,36,posgrado,360000,1,0,0,0,0,0,0,0,0,0.0,0.0,si
R-0191,30,media,150000,0,0,0,456,9664,3420,9664,3420,2612,0.003,3.0,si
R-0192,37,universitaria,170000,0,0,0,166246,169163,136604,6700,6800,4700,0.9779,0.0403,no
R-0193,31,posgrado,280000,0,0,2,164736,170564,150666,8833,12005,5000,0.5883,0.0536,no
R-0194,36,universitaria,80000,0,0,0,79148,52174,44275,2000,2000,1500,0.9894,0.0253,no
R-0195,36,posgrado,130000,0,0,0,129689,107070,103942,5000,4400,5000,0.9976,0.0386,no
R-0196,45,media,180000,0,0,0,4148,0,0,0,0,0,0.023,0.0,no
R-0197,23,media,50000,0,0,0,43979,33403,20879,2000,2000,2000,0.8796,0.0455,no
R-0198,36,posgrado,90000,0,0,0,90922,80980,66503,4273,3200,2500,1.0102,0.047,no
R-0199,22,posgrado,20000,2,2,10,16233,20547,20542,5383,660,0,0.8116,0.3316,si
R-0200,49,universitaria,100000,0,0,2,34704,30906,28325,2011,2028,10,0.347,0.0579,no
R-0201,42,posgrado,30000,0,0,0,28033,17085,200,1525,200,323,0.9344,0.0544,no
R-0202,35,posgrado,110000,0,0,4,32691,36344,36055,4500,600,1000,0.2972,0.1377,no
R-0203,66,otra,360000,0,0,0,47615,74976,4040,75351,4064,152618,0.1323,1.5825,no
R-0204,47,media,100000,0,0,0,94925,95130,60003,3889,2412,1698,0.9492,0.041,no
R-0205,32,universitaria,10000,1,2,10,8425,8148,9481,0,1632,0,0.8425,0.0,no
R-0206,30,posgrado,60000,2,2,10,34735,33895,36530,0,3200,1500,0.5789,0.0,no
R-0207,41,universitaria,360000,1,0,0,0,0,0,0,0,0,0.0,0.0,si
R-0208,26,posgrado,130000,0,0,0,2343,32278,24175,32322,1217,1000,0.018,3.0,no
R-0209,41,posgrado,200000,0,0,0,7812,0,0,0,0,1115,0.0391,0.0,no
R-0210,31,universitaria,60000,0,0,2,59643,61279,61017,3200,2535,2331,0.994,0.0537,no
R-0211,25,universitaria,20000,0,0,0,3400,4129,0,1000,0,0,0.17,0.2941,no
R-0212,39,posgrado,200000,0,0,0,8432,6977,6727,3746,6737,2013,0.0422,0.4443,no
R-0213,23,posgrado,130000,0,0,0,3820,2640,30403,2640,30403,193,0.0294,0.6911,no
R-0214,39,universitaria,210000,0,0,0,26749,34451,25200,14000,3007,5000,0.1274,0.5234,no
R-0215,32,posgrado,180000,0,0,0,666,666,666,666,666,666,0.0037,1.0,no
R-0216,27,posgrado,390000,2,0,0,386301,392458,290201,17000,11000,11000,0.9905,0.044,no
R-0217,30,universitaria,20000,0,0,0,1261,2835,2522,2835,1000,0,0.063,2.2482,si
R-0218,24,posgrado,180000,0,0,0,169263,174532,176686,8000,6700,6000,0.9404,0.0473,no
R-0219,38,posgrado,250000,0,0,0,584,3291,8660,3307,8703,7532,0.0023,3.0,no
R-0220,44,universitaria,130000,0,2,2,29547,23154,18637,0,1500,486,0.2273,0.0,no
R-0221,48,posgrado,300000,0,0,0,247279,235093,224062,10005,9500,7500,0.8243,0.0405,no
R-0222,23,universitaria,60000,2,2,2,2516,0,0,0,0,0,0.0419,0.0,no
R-0223,37,posgrado,210000,0,0,0,211749,205947,201848,7000,10015,10000,1.0083,0.0331,no
R-0224,42,universitaria,150000,0,0,0,3260,2270,5887,2270,5887,3935,0.0217,0.6963,si
R-0225,45,posgrado,500000,0,0,0,140,94,39,94,39,44,0.0003,0.6714,no
R-0226,28,posgrado,180000,0,0,0,950,4369,9673,4369,9673,3260,0.0053,3.0,no
R-0227,24,posgrado,50000,2,2,2,49946,48808,45469,0,2079,693,0.9989,0.0,no
R-0228,37,posgrado,150000,0,0,0,45000,44386,46505,3000,2500,3000,0.3,0.0667,no
R-0229,50,universitaria,380000,0,0,0,385662,294826,220022,12020,9009,6109,1.0149,0.0312,si
R-0230,26,posgrado,20000,0,0,0,10658,9288,390,1072,390,390,0.5329,0.1006,no
R-0231,36,otra,140000,0,0,0,91226,83650,80037,4182,4000,4000,0.6516,0.0458,no
R-0232,43,universitaria,500000,0,0,0,12200,8140,10176,1518,5019,15027,0.0244,0.1244,no
R-0233,41,universitaria,300000,0,0,2,34480,31159,18580,1472,1000,1410,0.1149,0.0427,no
R-0234,34,universitaria,200000,0,0,0,6626,2469,3760,2476,3771,4285,0.0331,0.3737,no
R-0235,29,posgrado,80000,0,0,0,16936,17963,18976,1303,1316,1000,0.2117,0.0769,si
R-0236,24,universitaria,20000,3,2,2,18937,18350,18918,0,1251,656,0.9468,0.0,no
R-0237,34,posgrado,390000,1,0,0,0,0,1266,0,1266,0,0.0,0.0,no
R-0238,43,posgrado,250000,0,0,0,17454,-50,45297,24890,48394,0,0.0698,1.426,no
R-0239,48,universitaria,170000,0,0,0,137823,137199,136331,5396,5000,5000,0.8107,0.0392,no
R-0240,41,universitaria,140000,0,0,0,109326,111679,113921,5600,5600,4500,0.7809,0.0512,no
R-0241,31,posgrado,290000,0,0,0,632,0,480,0,480,4,0.0022,0.0,no
R-0242,26,universitaria,20000,2,0,0,1041,10757,11094,10758,2679,502,0.052,3.0,no
R-0243,29,posgrado,140000,0,0,0,14943,2888,0,2888,0,0,0.1067,0.1933,no
R-0244,27,universitaria,180000,2,2,6,126195,127881,128491,6000,4575,0,0.7011,0.0475,no
R-0245,37,universitaria,350000,0,0,0,325,294,6574,294,6636,3559,0.0009,0.9046,no
R-0246,31,universitaria,60000,0,0,7,47000,49236,57752,3000,10000,0,0.7833,0.0638,no
R-0247,36,posgrado,110000,0,0,0,108316,100784,88568,4600,3500,2000,0.9847,0.0425,no
R-0248,22,media,50000,0,0,0,22854,31329,23927,9000,1507,0,0.4571,0.3938,no
R-0249,39,posgrado,500000,0,0,0,2450,11833,22963,11833,22963,7086,0.0049,3.0,no
R-0250,39,universitaria,20000,1,2,4,14112,11221,10656,3520,0,1000,0.7056,0.2494,no
R-0251,26,universitaria,200000,0,0,0,47236,45200,35939,1800,1603,2000,0.2362,0.0381,no
R-0252,35,posgrado,330000,0,0,0,1663,0,0,0,0,0,0.005,0.0,no
R-0253,51,media,20000,2,0,0,14815,15837,16852,1264,1279,615,0.7408,0.0853,no
R-0254,33,posgrado,470000,0,0,0,5613,11576,7017,11606,7017,24,0.0119,2.0677,no
R-0255,36,posgrado,300000,0,0,0,8385,-27,-27,27,0,0,0.028,0.0032,no
R-0256,31,posgrado,420000,0,0,0,1569,563,1914,565,1923,1194,0.0037,0.3601,no
R-0257,25,universitaria,420000,0,0,0,28206,122212,117835,100000,4013,3822,0.0672,3.0,no
R-0258,37,universitaria,50000,0,0,0,48206,48659,47248,2120,1750,1700,0.9641,0.044,no
R-0259,27,media,230000,0,0,0,19200,10000,20176,10000,20176,200,0.0835,0.5208,no
R-0260,33,universitaria,210000,0,0,0,187610,191592,195739,8500,9000,7100,0.8934,0.0453,no
R-0261,25,universitaria,80000,2,3,11,69602,67930,72205,0,6000,2700,0.87,0.0,no
R-0262,50,media,60000,0,0,0,61600,61952,60661,3300,2000,900,1.0267,0.0536,si
R-0263,24,media,90000,0,0,0,595,207,18189,207,18281,557,0.0066,0.3479,si
R-0264,27,posgrado,200000,0,0,0,157607,155693,155290,7194,6760,5018,0.788,0.0456,no
R-0265,24,universitaria,90000,0,0,0,17524,22184,23270,5000,5000,5000,0.1947,0.2853,no
R-0266,27,universitaria,90000,0,0,0,70482,70591,64926,2580,2337,1634,0.7831,0.0366,no
R-0267,23,posgrado,140000,1,0,0,0,0,0,0,0,0,0.0,0.0,si
R-0268,32,posgrado,360000,0,0,0,389,389,1955,389,1955,5316,0.0011,1.0,no
R-0269,48,media,60000,2,0,0,43533,39252,38051,1700,1700,2000,0.7256,0.0391,no
R-0270,48,universitaria,180000,1,0,0,2551,3044,3044,3044,3044,5283,0.0142,1.1933,no
R-0271,43,universitaria,230000,0,0,0,7806,8392,8967,1295,1300,468,0.0339,0.1659,no
R-0272,43,universitaria,240000,0,0,0,0,0,0,0,0,0,0.0,0.0,no
R-0273,33,universitaria,200000,0,0,0,184676,178491,169860,7900,6112,6000,0.9234,0.0428,no
R-0274,40,universitaria,60000,3,3,17,9744,10940,10630,1500,0,0,0.1624,0.1539,no
R-0275,34,posgrado,320000,0,0,0,65083,23750,22381,23750,10162,14702,0.2034,0.3649,no
R-0276,24,media,40000,0,2,2,5496,698,400,0,400,25289,0.1374,0.0,no
R-0277,28,media,110000,0,0,4,85918,87442,82975,4000,6000,12,0.7811,0.0466,no
R-0278,22,media,50000,1,0,0,0,0,0,0,0,0,0.0,0.0,no
R-0279,47,media,20000,0,0,0,9417,10436,11450,1179,1193,1000,0.4708,0.1252,no
R-0280,31,media,50000,1,2,10,38102,40025,40071,2830,1000,1800,0.762,0.0743,si
R-0281,38,media,240000,0,0,2,107148,113396,110084,9500,0,4019,0.4464,0.0887,si
R-0282,30,posgrado,300000,0,0,0,93738,84636,88446,3000,5000,2500,0.3125,0.032,si
R-0283,23,universitaria,120000,0,0,0,118063,120851,120013,4700,3538,3000,0.9839,0.0398,no
R-0284,36,posgrado,210000,1,0,0,0,1690,0,1690,0,5619,0.0,3.0,no
R-0285,38,universitaria,120000,0,0,0,4100,7270,820,7270,820,820,0.0342,1.7732,no
R-0286,36,universitaria,450000,0,0,0,13500,6350,11670,6364,11728,1532,0.03,0.4714,no
R-0287,50,universitaria,80000,0,0,0,2587,2587,50097,2587,50097,2000,0.0323,1.0,no
R-0288,35,posgrado,240000,0,0,0,15432,10835,22134,10851,22258,20076,0.0643,0.7031,no
R-0289,35,universitaria,480000,0,2,4,18214,11031,182123,0,182123,12960,0.0379,0.0,no
R-0290,37,universitaria,150000,0,2,4,1184,794,2756,0,2772,0,0.0079,0.0,no
R-0291,26,universitaria,100000,0,0,0,9614,0,0,0,0,0,0.0961,0.0,no
R-0292,37,posgrado,270000,0,0,0,264,264,1191,264,1191,3691,0.001,1.0,si
R-0293,44,universitaria,360000,0,0,2,270248,138566,142337,5000,5000,8600,0.7507,0.0185,no
R-0294,29,posgrado,240000,0,0,0,240248,221277,201606,11000,9100,8000,1.001,0.0458,no
R-0295,26,posgrado,40000,0,0,0,12308,13604,14873,1500,1500,1000,0.3077,0.1219,no
R-0296,49,universitaria,50000,0,0,0,49816,49749,48589,3000,2000,1900,0.9963,0.0602,no
R-0297,44,universitaria,20000,0,0,0,17636,17947,17914,1375,1122,565,0.8818,0.078,si
R-0298,44,universitaria,220000,0,0,0,217743,180357,183453,7000,8000,8000,0.9897,0.0321,no
R-0299,43,posgrado,300000,1,0,0,0,0,0,0,0,0,0.0,0.0,si
R-0300,28,posgrado,50000,0,0,0,46176,40870,41590,2000,1700,1519,0.9235,0.0433,no
R-0301,22,media,20000,0,0,0,14562,5991,6870,1121,1000,0,0.7281,0.077,no
R-0302,31,universitaria,30000,0,0,0,13265,7206,0,1632,780,2320,0.4422,0.123,no
R-0303,42,universitaria,200000,1,2,6,38187,35827,19208,44,1303,1522,0.1909,0.0012,si
R-0304,51,universitaria,50000,0,0,0,10571,2477,3234,2477,2904,0,0.2114,0.2343,no
R-0305,37,posgrado,440000,0,0,0,4330,8369,16786,8369,16786,396,0.0098,1.9328,no
R-0306,50,posgrado,290000,0,0,0,165563,128747,120469,7000,10009,5000,0.5709,0.0423,no
R-0307,24,universitaria,50000,0,0,0,29186,29792,26660,1500,1500,1200,0.5837,0.0514,no
R-0308,30,universitaria,120000,0,0,0,16812,17571,18013,1358,1126,636,0.1401,0.0808,no
R-0309,23,universitaria,20000,0,0,2,18804,17855,17199,2150,1000,504,0.9402,0.1143,no
R-0310,46,media,50000,0,2,4,13473,12800,0,0,0,0,0.2695,0.0,si
R-0311,31,posgrado,300000,0,0,0,2166,2894,8903,2918,8974,12457,0.0072,1.3472,no
R-0312,38,posgrado,390000,0,0,0,164418,167501,134282,9000,7027,5000,0.4216,0.0547,no
R-0313,26,posgrado,330000,0,0,0,58667,38323,32726,2213,5000,20000,0.1778,0.0377,no
R-0314,42,media,10000,0,0,0,4908,5665,381,1275,381,399,0.4908,0.2598,no
R-0315,29,universitaria,80000,2,0,0,77416,75500,69313,2661,2509,2500,0.9677,0.0344,si
R-0316,25,universitaria,20000,0,0,7,15789,21698,21054,6500,0,0,0.7894,0.4117,no
R-0317,54,posgrado,140000,0,0,0,139406,140295,134000,5545,4200,3105,0.9958,0.0398,si
R-0318,29,universitaria,60000,0,0,0,33147,54511,56167,24511,6000,17000,0.5524,0.7395,no
R-0319,56,media,50000,0,0,0,33197,34961,28913,2407,2960,1029,0.6639,0.0725,no
R-0320,26,media,180000,0,0,0,32023,20233,0,10000,0,0,0.1779,0.3123,no
R-0321,43,media,40000,0,0,0,41094,36554,37568,1611,1625,1371,1.0274,0.0392,si
R-0322,48,media,30000,0,0,0,27947,27035,27876,2000,1800,1500,0.9316,0.0716,no
R-0323,60,universitaria,220000,0,0,0,1994,1598,6944,1606,6978,7196,0.0091,0.8054,si
R-0324,26,posgrado,200000,0,0,0,18630,15996,16304,1502,1200,300,0.0932,0.0806,no
R-0325,37,media,120000,0,0,0,776,1616,776,1616,776,776,0.0065,2.0825,si
R-0326,33,universitaria,280000,0,0,0,207982,196055,182099,8644,6445,15934,0.7428,0.0416,no
R-0327,35,universitaria,160000,0,0,0,776,1172,380,1172,380,776,0.0048,1.5103,si
R-0328,27,universitaria,150000,0,0,0,23165,24515,25592,1723,1800,1100,0.1544,0.0744,no
R-0329,35,universitaria,140000,0,0,0,101038,66734,64018,4215,3221,2066,0.7217,0.0417,no
R-0330,36,universitaria,20000,0,0,0,3152,0,4956,0,4956,200,0.1576,0.0,no
R-0331,39,universitaria,100000,0,0,0,121895,107315,115214,4500,10000,11000,1.219,0.0369,si
R-0332,30,universitaria,360000,0,0,0,23900,0,0,0,0,150,0.0664,0.0,no
R-0333,32,media,50000,0,0,0,40992,35215,29156,2026,2021,1000,0.8198,0.0494,no
R-0334,31,universitaria,70000,0,0,0,60058,49647,43968,1834,1608,1559,0.858,0.0305,no
R-0335,48,posgrado,210000,0,0,0,0,570,0,570,0,0,0.0,3.0,no
R-0336,26,universitaria,30000,1,3,7,31305,30527,30789,0,1060,0,1.0435,0.0,si
R-0337,29,posgrado,280000,0,0,0,0,0,320,0,320,2139,0.0,0.0,no
R-0338,32,universitaria,210000,0,0,2,164015,155235,151267,9320,4894,3301,0.781,0.0568,no
R-0339,29,universitaria,310000,0,0,0,31132,45718,62992,20000,20000,2500,0.1004,0.6424,no
R-0340,47,universitaria,30000,2,2,10,16039,17080,17302,1600,800,800,0.5346,0.0998,si
R-0341,25,posgrado,90000,0,0,0,32755,31325,28034,2000,3000,2000,0.3639,0.0611,no
R-0342,65,media,80000,0,0,0,84985,84247,81619,4000,2048,1300,1.0623,0.0471,no
R-0343,31,posgrado,210000,0,0,0,161159,165071,173443,8000,13000,10000,0.7674,0.0496,no
R-0344,30,posgrado,150000,1,0,2,-819,35457,819,36276,0,2145,-0.0055,3.0,no
R-0345,30,posgrado,80000,1,0,0,0,1313,880,1313,883,0,0.0,3.0,no
R-0346,31,universitaria,250000,0,0,0,14451,15774,16780,1504,1510,537,0.0578,0.1041,no
R-0347,33,posgrado,260000,0,0,0,0,204,-810,204,0,3000,0.0,3.0,no
R-0348,28,posgrado,220000,0,0,0,221268,219545,216317,8700,8500,6300,1.0058,0.0393,si
R-0349,49,universitaria,470000,0,0,0,169260,161760,154424,6600,6170,5100,0.3601,0.039,no
R-0350,24,posgrado,20000,1,0,4,0,20087,2110,20087,2200,600,0.0,3.0,si
R-0351,45,posgrado,120000,0,0,0,20877,21909,22922,1369,1382,836,0.174,0.0656,no
R-0352,22,posgrado,50000,0,0,2,47726,51161,48310,5500,0,3000,0.9545,0.1152,si
R-0353,31,posgrado,220000,0,0,0,3785,1137,377,1142,377,5763,0.0172,0.3017,no
R-0354,57,media,70000,0,0,0,67864,65062,66447,2620,2730,1936,0.9695,0.0386,no
R-0355,41,universitaria,200000,0,0,0,96910,92934,99528,10000,7004,5000,0.4846,0.1032,no
R-0356,25,posgrado,130000,1,0,0,-2000,-2000,-2000,0,0,0,-0.0154,0.0,si
R-0357,34,universitaria,140000,2,2,10,135949,130625,117392,8408,3500,3500,0.9711,0.0618,no
R-0358,65,posgrado,360000,1,0,0,0,0,0,0,0,0,0.0,0.0,si
R-0359,43,posgrado,310000,0,0,0,14619,1881,13750,12484,13961,9838,0.0472,0.854,no
R-0360,52,posgrado,20000,0,0,0,19965,390,390,390,390,780,0.9982,0.0195,no
R-0361,33,universitaria,300000,1,0,0,0,0,0,0,0,0,0.0,0.0,no
R-0362,26,universitaria,40000,0,0,4,31475,32663,33813,2000,2000,2000,0.7869,0.0635,no
R-0363,51,posgrado,150000,0,0,2,128968,138260,134573,12900,0,5399,0.8598,0.1,no
R-0364,38,universitaria,230000,0,0,0,10906,9692,9162,1364,1393,2003,0.0474,0.1251,no
R-0365,30,universitaria,80000,0,0,0,69392,64149,53200,3046,1874,2000,0.8674,0.0439,no
R-0366,32,posgrado,250000,0,0,0,26465,30762,32833,5000,3000,2500,0.1059,0.1889,no
R-0367,28,posgrado,120000,0,0,0,398,954,0,958,0,170,0.0033,2.407,no
R-0368,40,universitaria,210000,0,0,2,42820,44156,44864,1856,1564,1468,0.2039,0.0433,no
R-0369,46,media,130000,1,2,2,26582,25956,25144,100,2000,1000,0.2045,0.0038,si
R-0370,40,posgrado,320000,0,0,0,304702,307943,314201,20000,12868,11721,0.9522,0.0656,no
R-0371,55,posgrado,140000,0,0,0,65640,66998,68201,2800,3000,2500,0.4689,0.0427,no
R-0372,50,universitaria,250000,0,0,0,390,390,390,390,390,8042,0.0016,1.0,no
R-0373,24,posgrado,70000,0,0,0,69572,71233,66844,2828,2337,1702,0.9939,0.0406,no
R-0374,37,media,80000,1,2,4,99396,100495,97982,3560,0,3912,1.2424,0.0358,si
R-0375,28,posgrado,320000,0,0,0,18506,12237,913,1062,1116,5384,0.0578,0.0574,no
R-0376,24,posgrado,50000,2,2,4,43379,46097,44187,3628,8,1500,0.8676,0.0836,si
R-0377,53,media,10000,1,4,13,4479,4272,4064,0,0,0,0.4479,0.0,si
R-0378,30,posgrado,180000,0,0,0,139804,136528,57096,7000,6000,3500,0.7767,0.0501,no
R-0379,23,posgrado,20000,0,2,10,15383,16142,15586,1300,0,2000,0.7692,0.0845,si
R-0380,28,media,50000,0,0,0,48963,50381,50287,2500,1293,839,0.9793,0.0511,no
R-0381,22,universitaria,60000,0,0,0,11718,4878,18347,1000,37325,20800,0.1953,0.0853,no
R-0382,44,universitaria,70000,2,2,10,12662,13661,13145,1500,0,1200,0.1809,0.1185,si
R-0383,34,universitaria,160000,2,2,4,77290,72681,66526,4500,2500,3000,0.4831,0.0582,no
R-0384,66,universitaria,160000,2,2,10,67771,69535,70848,3400,3000,2600,0.4236,0.0502,si
R-0385,55,media,150000,0,0,0,1080,17493,9160,17498,9160,2939,0.0072,3.0,no
R-0386,26,universitaria,50000,0,0,2,13117,16887,16323,4000,0,1000,0.2623,0.3049,no
R-0387,49,posgrado,60000,2,0,0,60289,57426,25820,1580,1500,1100,1.0048,0.0262,si
R-0388,30,universitaria,100000,0,0,0,31373,32155,32331,1602,1451,4,0.3137,0.0511,no
R-0389,24,posgrado,150000,0,0,0,1050,3258,3664,3258,3735,1461,0.007,3.0,no
R-0390,29,posgrado,110000,2,2,10,95690,105101,105676,11000,3800,4000,0.8699,0.115,si
R-0391,48,posgrado,320000,0,0,0,25840,13260,13217,13326,13289,18064,0.0808,0.5157,no
R-0392,38,universitaria,360000,1,0,0,0,0,0,0,0,0,0.0,0.0,no
R-0393,30,posgrado,230000,1,0,0,0,0,0,0,0,0,0.0,0.0,no
R-0394,29,posgrado,200000,0,0,0,9078,11612,12100,3000,1500,2000,0.0454,0.3305,no
R-0395,29,universitaria,440000,0,0,0,485921,234046,214092,20000,7822,8000,1.1044,0.0412,no
R-0396,55,media,120000,0,0,0,102735,80762,77846,3000,3000,2655,0.8561,0.0292,no
R-0397,22,universitaria,50000,0,0,0,18471,19483,19431,1329,1307,683,0.3694,0.072,no
R-0398,29,posgrado,200000,1,0,0,0,0,3941,0,3941,16405,0.0,0.0,no
R-0399,23,universitaria,50000,0,0,2,17792,20036,18664,2956,0,368,0.3558,0.1661,no
R-0400,30,posgrado,60000,0,0,4,59959,49744,48257,10020,4000,4000,0.9993,0.1671,no
R-0401,41,universitaria,50000,0,0,0,21910,23251,24059,2000,1500,1000,0.4382,0.0913,no
R-0402,24,universitaria,110000,0,0,0,44737,39590,39457,2103,2005,2006,0.4067,0.047,si
R-0403,58,universitaria,50000,4,3,11,51996,51203,50071,300,300,300,1.0399,0.0058,si
R-0404,63,media,110000,1,2,2,49992,48918,49890,0,2164,1730,0.4545,0.0,no
R-0405,38,universitaria,170000,0,0,0,521,5360,29271,6439,29271,0,0.0031,3.0,no
R-0406,35,posgrado,300000,0,0,0,294344,302638,300159,15000,11311,7941,0.9811,0.051,no
R-0407,22,universitaria,10000,1,2,6,8925,8637,10277,0,1800,0,0.8925,0.0,no
R-0408,34,posgrado,240000,0,0,0,228,23282,48595,23295,49000,37573,0.001,3.0,no
R-0409,30,posgrado,120000,0,0,0,711,878,1131,878,1131,441,0.0059,1.2349,si
R-0410,35,universitaria,140000,0,0,0,137692,134899,137477,5202,6405,4819,0.9835,0.0378,no
R-0411,36,universitaria,200000,0,0,0,2324,3344,4450,1064,1170,10000,0.0116,0.4578,no
R-0412,33,universitaria,230000,0,0,2,9530,12872,3724,7000,0,153400,0.0414,0.7345,no
R-0413,53,media,160000,0,0,0,2475,2475,5175,2475,5175,2475,0.0155,1.0,no
R-0414,35,universitaria,200000,1,0,0,0,0,0,0,0,0,0.0,0.0,no
R-0415,54,media,10000,1,2,2,8210,7936,8792,0,1146,471,0.821,0.0,no
R-0416,32,posgrado,200000,1,2,4,25830,780,0,0,0,0,0.1291,0.0,no
R-0417,38,media,300000,0,0,0,35103,43782,44508,10000,6000,30000,0.117,0.2849,no
R-0418,29,posgrado,60000,0,0,7,51855,53220,59244,2200,7000,0,0.8642,0.0424,no
R-0419,24,universitaria,50000,0,0,0,390,918,19583,918,19583,1000,0.0078,2.3538,no
R-0420,39,universitaria,200000,7,6,20,195156,190843,186029,0,0,0,0.9758,0.0,si
R-0421,40,universitaria,80000,0,0,0,33918,50878,51787,20000,2400,2000,0.424,0.5897,no
R-0422,28,posgrado,240000,0,0,0,199671,193523,187389,7000,7000,7000,0.832,0.0351,no
R-0423,26,universitaria,140000,0,0,0,12436,14910,13780,3380,1200,2000,0.0888,0.2718,no
R-0424,36,universitaria,240000,0,0,0,10767,144915,142909,140013,5206,5008,0.0449,3.0,no
R-0425,29,otra,80000,0,0,0,80534,78179,79348,3006,2641,2827,1.0067,0.0373,no
R-0426,25,universitaria,260000,0,0,0,16373,15249,15018,5006,5000,5000,0.063,0.3057,si
R-0427,41,universitaria,20000,0,2,2,6565,4460,1500,0,1500,8745,0.3282,0.0,no
R-0428,30,universitaria,60000,0,0,6,15145,16618,18475,2000,2100,0,0.2524,0.1321,si
R-0429,51,posgrado,280000,0,0,0,1323,445,393,445,393,294,0.0047,0.3364,no
R-0430,47,posgrado,390000,0,0,0,9361,-25,18401,0,18426,34,0.024,0.0,no
R-0431,28,universitaria,260000,0,0,2,149814,184419,163036,107000,0,5000,0.5762,0.7142,no
R-0432,29,universitaria,80000,1,2,10,54033,52595,56709,0,5000,0,0.6754,0.0,no
R-0433,38,universitaria,20000,0,0,0,10462,3327,19305,10287,19305,355,0.5231,0.9833,no
R-0434,43,media,50000,2,2,30,2400,2400,2400,0,0,0,0.048,0.0,si
R-0435,31,universitaria,420000,2,2,4,239293,90568,88997,0,3500,6600,0.5697,0.0,si
R-0436,42,universitaria,160000,0,0,0,35815,38023,40180,3000,3000,2000,0.2238,0.0838,no
R-0437,25,posgrado,20000,0,0,0,17776,18886,19551,1700,1300,662,0.8888,0.0956,no
R-0438,35,posgrado,360000,0,0,0,2010,2936,640,2936,640,0,0.0056,1.4607,no
R-0439,38,universitaria,30000,1,0,0,0,2281,3666,2281,3666,2713,0.0,3.0,si
R-0440,29,posgrado,60000,0,0,0,31462,31499,16773,6037,5084,6000,0.5244,0.1919,no
R-0441,47,posgrado,80000,0,0,0,49735,25144,7905,25144,8000,0,0.6217,0.5056,no
R-0442,24,universitaria,170000,0,0,2,1166,4144,3889,3000,0,1000,0.0069,2.5729,si
R-0443,34,universitaria,30000,2,2,6,31746,32743,32931,1800,1100,0,1.0582,0.0567,si
R-0444,24,media,100000,1,2,2,56341,54869,67965,0,14130,7065,0.5634,0.0,si
R-0445,35,posgrado,340000,1,0,0,-8,1722,1684,1730,1692,0,-0.0,3.0,si
R-0446,55,media,240000,0,0,0,25631,27047,26654,2500,2000,2000,0.1068,0.0975,no
R-0447,44,media,30000,0,0,0,27631,29179,30146,2000,1500,933,0.921,0.0724,si
R-0448,40,media,340000,0,0,0,77181,59873,60396,5305,3000,5000,0.227,0.0687,no
R-0449,28,posgrado,30000,2,0,0,22329,23665,47968,2000,1400,2000,0.7443,0.0896,si
R-0450,29,media,100000,4,3,5,175441,153992,132132,0,0,0,1.7544,0.0,si
R-0451,23,universitaria,20000,1,2,2,19403,18541,19254,0,1298,1000,0.9702,0.0,si
R-0452,34,posgrado,200000,1,0,4,0,0,0,0,0,347,0.0,0.0,si
R-0453,39,posgrado,210000,0,0,0,6000,0,2880,0,2880,0,0.0286,0.0,no
R-0454,28,universitaria,260000,0,0,0,26303,9408,5082,5030,2025,7770,0.1012,0.1912,no
R-0455,46,universitaria,200000,1,0,0,0,552,2523,552,2531,2327,0.0,3.0,si
R-0456,36,media,50000,0,0,0,74969,76012,77330,2846,2671,2396,1.4994,0.038,si
R-0457,26,posgrado,340000,0,0,0,337871,311076,156674,11208,5000,23809,0.9937,0.0332,no
R-0458,41,media,110000,0,0,0,90599,60949,62235,2213,2300,2300,0.8236,0.0244,si
R-0459,25,posgrado,60000,0,0,0,13123,14403,16150,1500,2000,2000,0.2187,0.1143,no
R-0460,37,posgrado,420000,0,0,0,38386,316,9894,316,9894,13811,0.0914,0.0082,si
R-0461,28,posgrado,230000,0,0,0,-5,2148,2932,2153,2932,354,-0.0,3.0,no
R-0462,28,media,50000,0,0,0,46709,12889,50199,1690,38000,1500,0.9342,0.0362,no
R-0463,30,universitaria,70000,0,0,2,10149,11454,9638,2000,2000,0,0.145,0.1971,no
R-0464,23,universitaria,20000,0,0,0,5044,3700,13181,1011,13181,5,0.2522,0.2004,no
R-0465,22,universitaria,10000,0,0,0,5748,3203,2162,1189,1025,3028,0.5748,0.2069,no
R-0466,24,universitaria,30000,0,0,0,390,390,780,390,780,0,0.013,1.0,si
R-0467,25,universitaria,20000,0,0,0,13896,12906,13983,2000,2500,2000,0.6948,0.1439,si
R-0468,26,media,20000,0,0,0,16514,17547,18541,1306,1300,1000,0.8257,0.0791,no
R-0469,32,universitaria,140000,0,0,0,31367,29652,30178,1614,10018,2009,0.224,0.0515,no
R-0470,23,media,50000,2,2,4,44470,51192,48506,7800,173,1000,0.8894,0.1754,no
R-0471,26,universitaria,30000,0,0,0,17341,-1030,29718,485,31509,1500,0.578,0.028,no
R-0472,31,media,20000,0,0,0,15654,16425,17265,1330,1170,500,0.7827,0.085,si
R-0473,30,posgrado,150000,0,0,0,40046,47317,48849,7995,5849,1196,0.267,0.1996,no
R-0474,28,posgrado,200000,0,0,0,508,10680,1190,10712,1194,527,0.0025,3.0,no
R-0475,32,posgrado,310000,0,0,0,20138,8267,65993,8267,66008,8543,0.065,0.4105,si
R-0476,29,posgrado,210000,0,0,2,140619,144410,148555,7000,9000,11550,0.6696,0.0498,no
R-0477,32,universitaria,20000,0,0,0,15498,16409,17291,1600,1600,1000,0.7749,0.1032,no
R-0478,54,universitaria,10000,0,0,4,5186,8225,8244,3300,300,0,0.5186,0.6363,no
R-0479,27,universitaria,80000,0,0,0,73000,71338,47202,5000,2000,1500,0.9125,0.0685,no
R-0480,32,posgrado,130000,1,0,0,0,0,3726,0,3726,0,0.0,0.0,no
R-0481,35,universitaria,210000,2,2,6,61189,62721,61115,3100,0,2235,0.2914,0.0507,si
R-0482,25,posgrado,360000,0,0,0,586,14074,5672,14076,5672,0,0.0016,3.0,no
R-0483,49,posgrado,480000,1,0,0,-220,38929,339176,39149,344261,33312,-0.0005,3.0,no
R-0484,42,posgrado,50000,0,0,0,4908,7479,11902,3000,5000,5000,0.0982,0.6112,no
R-0485,34,otra,300000,0,0,0,9474,0,0,0,0,0,0.0316,0.0,no
R-0486,44,media,380000,0,0,0,329877,309781,295550,12055,9837,9154,0.8681,0.0365,si
R-0487,44,universitaria,50000,0,0,0,49006,49139,47608,2000,1000,3600,0.9801,0.0408,no
R-0488,39,posgrado,210000,1,0,0,0,0,0,0,0,0,0.0,0.0,no
R-0489,38,universitaria,100000,0,0,0,25994,27173,44285,1994,19462,3000,0.2599,0.0767,no
R-0490,23,universitaria,50000,0,0,0,0,0,0,0,0,0,0.0,0.0,no
R-0491,55,media,80000,0,0,0,69116,64325,59653,2500,2000,2000,0.864,0.0362,no
R-0492,37,universitaria,140000,0,0,0,90186,74504,72358,2805,2877,1360,0.6442,0.0311,no
R-0493,25,posgrado,260000,0,2,2,148,75,12117,7,12117,2,0.0006,0.0473,si
R-0494,45,posgrado,220000,0,0,0,4624,2874,1210,2888,1216,640,0.021,0.6246,no
R-0495,32,posgrado,150000,0,0,0,83275,84220,77956,3006,3000,2000,0.5552,0.0361,no
R-0496,43,universitaria,200000,0,0,0,180680,184436,188181,8155,8302,7225,0.9034,0.0451,no
R-0497,40,universitaria,20000,0,0,0,45429,47961,49562,2819,2420,88,2.2715,0.0621,no
R-0498,34,posgrado,150000,0,0,0,900,0,0,0,0,740,0.006,0.0,no
R-0499,48,universitaria,360000,0,0,0,68032,63174,44536,4500,3000,50000,0.189,0.0661,no
R-0500,30,posgrado,290000,0,0,0,284239,284692,230891,11000,10000,8000,0.9801,0.0387,si
R-0501,47,media,150000,0,0,2,103226,64671,64293,2627,4123,0,0.6882,0.0254,no
R-0502,23,media,10000,0,0,0,6001,4308,3421,2000,1500,400,0.6001,0.3333,no
R-0503,25,universitaria,180000,0,0,0,177633,139415,136942,5203,30023,10024,0.9868,0.0293,no
R-0504,24,universitaria,60000,0,0,0,29717,28208,21372,2076,1500,1500,0.4953,0.0699,no
R-0505,44,posgrado,310000,1,0,0,-42,7281,0,7323,0,0,-0.0001,3.0,no
R-0506,47,universitaria,240000,0,0,0,316,21359,2762,21359,2762,10318,0.0013,3.0,no
R-0507,28,universitaria,90000,0,0,0,55779,51886,52495,2100,2166,1400,0.6198,0.0376,no
R-0508,43,posgrado,120000,1,0,0,0,0,0,0,0,0,0.0,0.0,si
R-0509,23,posgrado,200000,0,0,0,488,878,488,878,488,488,0.0024,1.7992,no
R-0510,35,universitaria,160000,0,0,0,17742,12939,7035,2000,1000,500,0.1109,0.1127,no
R-0511,30,posgrado,180000,0,0,0,113647,52992,38394,3000,3170,2000,0.6314,0.0264,no
R-0512,27,posgrado,150000,0,0,0,82494,83044,84752,3100,3500,3000,0.55,0.0376,no
R-0513,36,universitaria,180000,0,0,0,98736,96566,81166,6025,5000,6800,0.5485,0.061,no
R-0514,41,universitaria,350000,0,0,0,85339,84393,86793,5000,5016,5000,0.2438,0.0586,no
R-0515,35,universitaria,220000,0,0,0,112460,29300,8500,8500,8500,0,0.5112,0.0756,no
R-0516,25,posgrado,50000,2,3,11,43870,42891,43582,0,1700,2000,0.8774,0.0,si
R-0517,31,media,20000,0,0,0,17557,18739,19473,1466,1200,343,0.8778,0.0835,no
R-0518,50,universitaria,50000,0,0,0,48119,48318,21750,1554,1028,4387,0.9624,0.0323,si
R-0519,38,universitaria,30000,0,0,0,28637,28711,29138,2002,2002,1503,0.9546,0.0699,no
R-0520,46,posgrado,500000,0,0,0,53049,66623,70194,16018,10000,4,0.1061,0.3019,no
R-0521,27,universitaria,50000,0,0,0,47481,36112,31992,1910,1790,79,0.9496,0.0402,no
R-0522,49,universitaria,50000,0,0,0,43342,44441,45390,2100,2000,1113,0.8668,0.0485,no
R-0523,31,posgrado,360000,0,0,0,0,18540,9007,18540,10000,10000,0.0,3.0,no
R-0524,26,posgrado,130000,0,0,0,20054,1298,6712,1298,6730,900,0.1543,0.0647,no
R-0525,31,posgrado,210000,0,0,0,121697,120133,118496,5000,5000,4036,0.5795,0.0411,no
R-0526,32,universitaria,210000,0,0,0,1952,2787,6316,1526,4000,514,0.0093,0.7818,no
R-0527,51,universitaria,110000,0,0,6,10141,11472,12973,1500,2000,0,0.0922,0.1479,no
R-0528,39,universitaria,30000,2,2,4,9884,9586,10318,0,1200,375,0.3295,0.0,si
R-0529,24,universitaria,390000,0,0,0,16406,16966,15428,1500,1500,1000,0.0421,0.0914,no
R-0530,25,universitaria,50000,2,2,10,15679,16228,17796,1100,2150,0,0.3136,0.0702,si
R-0531,40,posgrado,500000,0,0,0,5255,721,17252,721,17252,7421,0.0105,0.1372,si
R-0532,28,universitaria,190000,1,0,0,0,0,0,0,0,0,0.0,0.0,no
R-0533,42,posgrado,70000,0,0,0,70730,58103,68197,3500,15000,3000,1.0104,0.0495,no
R-0534,41,media,50000,0,0,0,45487,45548,46076,1858,1685,659,0.9097,0.0408,no
R-0535,37,posgrado,350000,0,0,0,316,316,316,316,316,466,0.0009,1.0,no
R-0536,25,universitaria,20000,0,0,0,13610,14160,15200,1360,1400,0,0.6805,0.0999,no
R-0537,35,posgrado,210000,0,0,0,6808,4954,8739,4960,8747,8,0.0324,0.7286,no
R-0538,31,posgrado,210000,0,0,0,15332,10000,19875,10000,19875,50000,0.073,0.6522,no
R-0539,36,posgrado,500000,0,0,0,24170,8051,77908,8091,78192,65,0.0483,0.3348,no
R-0540,37,universitaria,210000,1,0,0,0,0,0,0,0,0,0.0,0.0,no
R-0541,37,posgrado,20000,0,0,0,66599,67259,69521,2317,2579,606,3.33,0.0348,si
R-0542,29,universitaria,130000,0,0,2,1110,1170,780,1170,0,0,0.0085,1.0541,no
R-0543,29,posgrado,50000,0,0,0,2459,2471,6015,2471,6015,0,0.0492,1.0049,si
R-0544,27,posgrado,50000,0,0,2,43341,44442,45408,1800,1729,3600,0.8668,0.0415,no
R-0545,24,posgrado,50000,1,0,0,0,0,0,0,0,0,0.0,0.0,no
R-0546,31,posgrado,390000,0,0,0,19469,17227,17400,2227,2400,2180,0.0499,0.1144,no
R-0547,22,universitaria,50000,0,0,0,47559,50463,49094,3690,2500,942,0.9512,0.0776,no
R-0548,26,universitaria,30000,1,2,2,30349,29580,30121,0,1200,256,1.0116,0.0,no
R-0549,38,universitaria,20000,0,0,0,2638,3016,3274,3016,3282,7055,0.1319,1.1433,no
R-0550,32,posgrado,100000,0,0,2,671,671,671,671,671,1642,0.0067,1.0,si
R-0551,37,media,400000,0,0,0,76917,79075,81864,4000,4000,3000,0.1923,0.052,no
R-0552,42,universitaria,440000,1,0,0,22597,7288,5683,7324,5683,20,0.0514,0.3241,no
R-0553,40,media,180000,0,0,0,1903,0,0,0,0,3155,0.0106,0.0,no
R-0554,27,posgrado,50000,0,0,0,50459,36307,27713,1600,3071,500,1.0092,0.0317,no
R-0555,37,posgrado,360000,0,0,0,3355,5865,3300,5865,3300,6290,0.0093,1.7481,no
R-0556,32,media,210000,0,0,0,1649,1000,0,1000,0,1761,0.0079,0.6064,no
R-0557,43,media,150000,0,0,0,90606,93496,94196,4348,3229,3150,0.604,0.048,no
R-0558,38,universitaria,120000,0,0,0,7787,3495,1706,3505,1711,0,0.0649,0.4501,no
R-0559,32,universitaria,80000,0,0,0,199,199,199,199,199,199,0.0025,1.0,si
R-0560,28,media,230000,0,0,0,152966,65722,11666,65722,20000,18844,0.6651,0.4297,no
R-0561,37,posgrado,220000,2,2,2,185955,181587,186054,0,9000,7000,0.8452,0.0,no
R-0562,27,posgrado,270000,0,0,0,11306,11263,13021,1500,2000,2000,0.0419,0.1327,no
R-0563,24,universitaria,10000,1,2,10,3892,3686,5064,0,1600,0,0.3892,0.0,no
R-0564,25,media,30000,2,2,6,22440,24168,23481,2390,0,859,0.748,0.1065,si
R-0565,44,media,30000,2,2,4,18659,22544,21889,4500,0,1500,0.622,0.2412,si
R-0566,30,posgrado,180000,0,0,0,15743,9814,9161,1205,9402,0,0.0875,0.0765,no
R-0567,32,universitaria,80000,0,0,0,80237,69568,64469,3000,2500,2000,1.003,0.0374,no
R-0568,37,posgrado,450000,1,0,0,0,245,0,245,0,0,0.0,3.0,no
R-0569,39,posgrado,170000,0,0,0,171160,187853,171095,13000,6154,15000,1.0068,0.076,no
R-0570,38,posgrado,60000,2,0,4,30013,31226,32396,2000,2000,2800,0.5002,0.0666,si
R-0571,29,universitaria,50000,0,0,0,23469,23110,22792,1437,1236,649,0.4694,0.0612,no
R-0572,26,posgrado,250000,0,0,0,7374,0,0,0,0,0,0.0295,0.0,no
R-0573,60,posgrado,350000,1,0,0,0,1150,4576,1150,4576,0,0.0,3.0,si
R-0574,23,universitaria,160000,0,0,0,96814,69870,68984,10008,20014,1894,0.6051,0.1034,no
R-0575,22,media,50000,0,0,0,48423,44450,956,2150,956,20,0.9685,0.0444,si
R-0576,29,posgrado,180000,0,0,0,35619,22745,12200,1745,1200,1531,0.1979,0.049,no
R-0577,32,media,50000,0,0,0,42740,44744,47539,3000,4000,1000,0.8548,0.0702,no
R-0578,36,universitaria,280000,0,0,0,101803,100836,96333,5005,7066,10000,0.3636,0.0492,no
R-0579,29,posgrado,70000,0,0,0,43462,41845,40476,3000,3000,7000,0.6209,0.069,no
R-0580,45,media,210000,0,0,0,430,430,430,430,430,430,0.002,1.0,no
R-0581,33,media,80000,0,0,0,55424,56598,57724,2068,2081,2113,0.6928,0.0373,no
R-0582,29,universitaria,310000,2,2,6,400,400,400,0,0,20334,0.0013,0.0,no
R-0583,27,media,360000,1,0,0,0,0,0,0,0,0,0.0,0.0,no
R-0584,41,universitaria,320000,0,0,0,49846,53811,38717,5000,2000,2000,0.1558,0.1003,no
R-0585,30,posgrado,230000,2,2,10,216409,221419,224753,10000,8500,8500,0.9409,0.0462,no
R-0586,50,media,50000,0,0,0,38499,39216,15554,1743,1021,200,0.77,0.0453,no
R-0587,41,universitaria,360000,0,0,0,158277,203726,293675,50000,100000,0,0.4397,0.3159,no
R-0588,47,media,70000,0,0,0,67670,62529,59024,2730,2490,1000,0.9667,0.0403,no
R-0589,44,posgrado,220000,0,0,0,208858,212640,216062,7611,7484,7109,0.9494,0.0364,no
R-0590,32,posgrado,160000,0,0,0,3189,3203,3421,3248,3421,2750,0.0199,1.0185,no
R-0591,36,universitaria,110000,0,0,0,109361,102505,103834,3940,3256,2696,0.9942,0.036,no
R-0592,44,media,260000,0,0,0,257987,260104,253488,7100,135546,4500,0.9923,0.0275,no
R-0593,33,universitaria,100000,2,2,2,74763,73010,74198,0,3000,2000,0.7476,0.0,no
R-0594,29,posgrado,180000,0,0,4,93962,95955,98354,3500,4000,8600,0.522,0.0372,no
R-0595,24,posgrado,150000,0,0,0,4857,1729,49200,1733,49200,1000,0.0324,0.3568,no
R-0596,54,universitaria,80000,0,0,0,105365,108702,108486,5030,2698,2172,1.3171,0.0477,si
R-0597,28,posgrado,20000,0,0,0,17359,16828,17723,2700,4150,1500,0.868,0.1555,no
R-0598,34,universitaria,140000,0,0,0,128312,119084,62922,5000,2200,2300,0.9165,0.039,no
R-0599,41,posgrado,170000,0,0,0,165602,138507,136176,80000,4742,2022,0.9741,0.4831,no
R-0600,33,posgrado,360000,0,0,0,50067,17607,41262,17607,41285,8882,0.1391,0.3517,no
R-0601,22,universitaria,20000,0,2,4,17990,17413,18608,0,1502,822,0.8995,0.0,no
R-0602,22,universitaria,50000,0,0,0,836,10214,10057,10214,2000,0,0.0167,3.0,no
R-0603,34,universitaria,180000,1,0,0,149172,100466,98458,4600,4207,3500,0.8287,0.0308,si
R-0604,28,posgrado,200000,0,0,0,3330,2665,115323,2686,115916,21722,0.0167,0.8066,no
R-0605,23,universitaria,80000,0,0,0,72364,64105,45867,2756,1366,1000,0.9046,0.0381,no
R-0606,59,universitaria,20000,0,0,0,2946,0,1473,0,1473,240,0.1473,0.0,no
R-0607,31,universitaria,340000,0,0,0,33639,37373,40990,5000,5000,3000,0.0989,0.1486,no
R-0608,25,posgrado,20000,2,2,10,9317,18576,18219,10000,800,0,0.4658,1.0733,si
R-0609,25,media,130000,0,0,0,132110,133734,129299,6359,4505,4530,1.0162,0.0481,no
R-0610,44,media,20000,0,0,2,17095,19112,17980,3000,0,1000,0.8548,0.1755,no
R-0611,57,otra,120000,0,0,0,116497,109247,98109,5000,5007,5000,0.9708,0.0429,no
R-0612,26,universitaria,50000,0,0,0,43721,42060,42332,2228,2500,1660,0.8744,0.051,no
R-0613,26,universitaria,30000,2,0,4,13660,14708,17725,1269,3286,2881,0.4553,0.0929,no
R-0614,33,posgrado,310000,0,0,0,0,0,0,0,0,0,0.0,0.0,no
R-0615,47,media,50000,1,3,5,4759,4540,4284,0,0,0,0.0952,0.0,si
R-0616,65,universitaria,360000,1,0,0,0,0,0,0,0,0,0.0,0.0,si
R-0617,40,media,180000,0,0,0,991,991,1316,991,1316,0,0.0055,1.0,no
R-0618,43,universitaria,70000,0,0,0,71037,71880,71927,3352,3400,2900,1.0148,0.0472,no
R-0619,33,posgrado,130000,1,0,0,0,0,0,0,0,0,0.0,0.0,si
R-0620,48,universitaria,170000,0,0,0,18727,64028,107946,66513,108323,13608,0.1102,3.0,no
R-0621,31,posgrado,160000,0,0,0,1672,4411,500,4411,504,0,0.0104,2.6382,no
R-0622,28,universitaria,50000,0,0,0,48010,40668,30361,5000,2000,5000,0.9602,0.1041,no
R-0623,36,posgrado,380000,0,0,0,68943,75024,61114,8000,5000,2500,0.1814,0.116,no
R-0624,37,universitaria,80000,2,2,4,80508,81731,78772,3100,0,2000,1.0064,0.0385,si
R-0625,24,universitaria,20000,0,0,0,20073,19940,19441,1319,1291,656,1.0036,0.0657,no
R-0626,27,posgrado,210000,0,0,0,135066,121769,97575,5600,4000,3220,0.6432,0.0415,no
R-0627,47,universitaria,330000,0,0,0,19540,23240,166722,25487,166744,60057,0.0592,1.3044,no
R-0628,42,media,50000,0,0,0,50906,48888,47037,2009,1180,1000,1.0181,0.0395,no
R-0629,45,universitaria,80000,0,0,0,83150,-8000,0,0,8000,0,1.0394,0.0,no
R-0630,41,media,30000,0,0,0,39230,37737,36619,1618,2000,1500,1.3077,0.0412,si
R-0631,31,posgrado,80000,1,2,10,21004,20384,22231,0,2500,0,0.2626,0.0,si
R-0632,41,universitaria,60000,0,0,0,14895,6750,5784,6750,5784,5246,0.2482,0.4532,no
R-0633,27,universitaria,300000,0,0,0,286321,283547,578971,20000,12003,10524,0.9544,0.0699,si
R-0634,25,universitaria,50000,1,0,0,0,0,0,0,0,0,0.0,0.0,si
R-0635,33,posgrado,480000,1,0,0,-897,-897,-897,0,0,0,-0.0019,0.0,no
R-0636,41,media,200000,0,0,0,84573,76348,50776,2544,1433,3224,0.4229,0.0301,no
R-0637,27,media,50000,0,0,2,37651,38498,40644,1754,2900,0,0.753,0.0466,si
R-0638,26,universitaria,260000,0,0,4,258364,279322,282092,45446,9000,0,0.9937,0.1759,no
R-0639,32,universitaria,340000,0,0,0,80174,82761,83636,3871,3136,3014,0.2358,0.0483,no
R-0640,48,media,100000,0,0,0,6345,0,0,0,0,0,0.0635,0.0,no
R-0641,28,posgrado,30000,2,2,18,37,37,37,0,0,0,0.0012,0.0,no
R-0642,38,universitaria,400000,0,0,0,2988,3983,3417,1222,1000,1200,0.0075,0.409,no
R-0643,36,universitaria,110000,1,2,6,10448,10144,14516,0,5000,5000,0.095,0.0,si
R-0644,43,posgrado,350000,0,0,0,0,0,0,0,0,0,0.0,0.0,no
R-0645,32,posgrado,560000,0,0,0,68199,31211,23991,1548,1446,14720,0.1218,0.0227,no
R-0646,30,media,320000,0,0,0,49889,51151,48449,2825,2961,1600,0.1559,0.0566,no
R-0647,54,media,50000,2,0,0,55518,52931,55122,3000,4000,53083,1.1104,0.054,no
R-0648,29,universitaria,420000,0,0,0,408568,418589,426336,18000,18691,5027,0.9728,0.0441,no
R-0649,30,posgrado,110000,1,2,2,2932,2373,2373,0,2373,1475,0.0267,0.0,no
R-0650,26,universitaria,210000,0,0,0,186109,168198,97223,5929,3272,4362,0.8862,0.0319,no
R-0651,30,media,310000,0,0,0,-44,-44,8915,0,8959,0,-0.0001,0.0,no
R-0652,55,posgrado,190000,0,0,0,390,390,390,390,390,390,0.0021,1.0,si
R-0653,26,posgrado,150000,0,0,0,1551,2961,4175,2990,4175,1707,0.0103,1.9278,si
R-0654,42,universitaria,210000,1,0,0,652,0,326,0,326,326,0.0031,0.0,no
R-0655,36,universitaria,150000,0,0,0,5382,0,0,0,0,0,0.0359,0.0,si
R-0656,37,universitaria,50000,0,0,0,27516,28871,29500,2000,1435,1149,0.5503,0.0727,no
R-0657,51,universitaria,230000,0,0,0,197993,84076,77766,2965,3500,2600,0.8608,0.015,no
R-0658,37,universitaria,200000,0,0,0,199669,204168,202381,9300,7851,6400,0.9983,0.0466,no
R-0659,34,posgrado,340000,0,0,0,32488,42449,30042,42552,30084,29033,0.0956,1.3098,no
R-0660,32,posgrado,140000,1,0,0,-4,-680,1824,0,3000,0,-0.0,0.0,si
R-0661,28,universitaria,20000,0,0,0,17973,17835,18795,1318,1278,635,0.8986,0.0733,no
R-0662,36,posgrado,500000,0,0,0,10935,4079,3943,4081,4283,3338,0.0219,0.3732,no
R-0663,27,posgrado,200000,0,0,0,630,825,1890,825,1890,0,0.0032,1.3095,no
R-0664,28,posgrado,150000,0,0,0,3752,2730,500,2730,500,2727,0.025,0.7276,no
R-0665,29,posgrado,50000,0,0,0,48310,49690,40697,2300,1400,335,0.9662,0.0476,si
R-0666,45,posgrado,80000,0,0,0,1473,1473,24770,1473,24770,3366,0.0184,1.0,si
R-0667,24,universitaria,120000,0,0,0,11296,12200,11761,1400,1000,0,0.0941,0.1239,no
R-0668,59,media,100000,1,0,0,0,7240,7702,7240,1000,1558,0.0,3.0,no
R-0669,56,media,30000,2,2,10,17643,18564,17969,1500,0,3000,0.5881,0.085,si
R-0670,26,posgrado,50000,0,0,0,5310,34105,34536,29000,1000,0,0.1062,3.0,si
R-0671,41,universitaria,70000,0,0,0,6017,8798,3810,3000,1500,0,0.086,0.4986,no
R-0672,25,universitaria,290000,0,0,0,71559,66658,68627,2500,3000,3000,0.2468,0.0349,no
R-0673,30,universitaria,200000,0,0,0,0,0,441,0,441,653,0.0,0.0,no
R-0674,28,posgrado,140000,0,0,0,3234,4324,5477,4340,5491,2013,0.0231,1.342,no
R-0675,27,universitaria,160000,0,0,0,163418,164211,165587,6200,7600,6100,1.0214,0.0379,no
R-0676,23,universitaria,80000,2,0,0,8613,12438,15212,4000,3000,1000,0.1077,0.4644,no
R-0677,39,universitaria,80000,0,0,0,55084,51265,47950,3012,2100,2001,0.6886,0.0547,no
R-0678,24,universitaria,90000,2,2,4,124457,118666,105806,6600,0,2915,1.3829,0.053,si
R-0679,27,posgrado,140000,0,0,0,832,0,825,0,825,0,0.0059,0.0,si
R-0680,39,universitaria,480000,0,0,0,398380,394515,393648,20091,25370,15203,0.83,0.0504,no
R-0681,24,posgrado,10000,0,0,2,7680,10160,9844,2616,0,400,0.768,0.3406,si
R-0682,28,media,60000,2,2,10,53567,59629,60943,6950,3250,1767,0.8928,0.1297,no
R-0683,56,media,10000,0,0,6,7324,9808,9501,2609,0,830,0.7324,0.3562,no
R-0684,51,media,20000,2,0,2,18355,17165,17676,1600,1500,900,0.9178,0.0872,si
R-0685,28,universitaria,360000,1,0,0,0,0,0,0,0,0,0.0,0.0,si
R-0686,31,universitaria,30000,1,2,7,27254,26531,27857,0,1772,2600,0.9085,0.0,si
R-0687,33,posgrado,350000,0,0,0,16414,693,693,693,0,1144,0.0469,0.0422,si
R-0688,36,universitaria,210000,0,0,0,54717,55522,54929,2017,1900,1900,0.2606,0.0369,no
R-0689,36,posgrado,210000,0,0,0,210463,109132,47182,5187,2043,1552,1.0022,0.0246,si
R-0690,50,universitaria,330000,1,0,0,-13,2750,-27,2763,0,5371,-0.0,3.0,si
R-0691,28,universitaria,130000,0,0,0,71983,71514,73274,4000,7000,3600,0.5537,0.0556,no
R-0692,34,universitaria,140000,0,0,0,132541,136186,139418,7000,7000,5300,0.9467,0.0528,no
R-0693,35,universitaria,80000,0,0,0,78507,80327,80125,3085,2969,1007,0.9813,0.0393,no
R-0694,34,universitaria,30000,2,0,2,27358,25652,26723,1750,1800,1118,0.9119,0.064,no
R-0695,31,posgrado,390000,0,0,0,381453,375926,363787,15024,30002,15052,0.9781,0.0394,no
R-0696,37,media,300000,1,2,4,5975,5312,1896,1905,5,1527,0.0199,0.3188,no
R-0697,26,universitaria,80000,0,0,0,509,437,3586,525,3519,2201,0.0064,1.0314,no
R-0698,32,universitaria,50000,0,0,0,50342,44659,40893,8025,5023,0,1.0068,0.1594,no
R-0699,33,universitaria,360000,1,0,0,0,0,0,0,0,0,0.0,0.0,si
R-0700,44,universitaria,50000,0,0,2,43596,46320,43976,5000,0,2500,0.8719,0.1147,no
R-0701,22,posgrado,20000,0,0,0,14993,16244,18300,1800,2800,0,0.7496,0.1201,si
R-0702,39,otra,180000,0,0,0,84484,79099,77640,3007,2804,2802,0.4694,0.0356,no
R-0703,36,universitaria,60000,1,0,2,0,0,0,0,0,0,0.0,0.0,no
R-0704,27,media,220000,2,2,9,150739,153827,156531,7000,7000,2300,0.6852,0.0464,no
R-0705,46,universitaria,80000,1,0,0,0,0,0,0,0,0,0.0,0.0,si
R-0706,24,universitaria,120000,0,0,0,889,1742,1077,1742,1077,902,0.0074,1.9595,no
R-0707,28,posgrado,130000,0,0,0,89418,83196,75028,4000,2338,2000,0.6878,0.0447,no
R-0708,39,posgrado,290000,0,0,0,1757,3555,2256,3579,2262,2830,0.0061,2.037,no
R-0709,27,universitaria,130000,0,0,0,18776,21458,22760,3000,2000,778,0.1444,0.1598,no
R-0710,37,universitaria,290000,0,0,0,1428,2741,4029,1500,1500,1500,0.0049,1.0504,si
R-0711,27,posgrado,180000,1,0,0,-200,-200,-200,0,0,0,-0.0011,0.0,si
R-0712,45,posgrado,500000,0,0,0,3852,2395,4730,2403,4730,4628,0.0077,0.6238,no
R-0713,30,universitaria,340000,0,0,0,338272,339191,325675,15000,15000,15000,0.9949,0.0443,no
R-0714,66,posgrado,140000,1,0,2,0,0,0,0,0,0,0.0,0.0,no
R-0715,32,posgrado,30000,0,0,2,29250,30496,29702,3600,0,1500,0.975,0.1231,no
R-0716,46,media,80000,0,0,0,76184,78306,79835,3345,3344,1447,0.9523,0.0439,no
R-0717,24,universitaria,10000,0,0,0,12,12,12,0,0,0,0.0012,0.0,si
R-0718,27,media,80000,1,4,9,84718,82861,80581,0,0,0,1.059,0.0,si
R-0719,39,universitaria,200000,0,0,0,15109,3139,12840,3155,12848,3950,0.0755,0.2088,no
R-0720,34,posgrado,240000,0,2,2,652,326,326,0,326,326,0.0027,0.0,si
R-0721,22,media,20000,0,0,0,11242,11070,11788,1282,1000,192,0.5621,0.114,no
R-0722,48,media,120000,0,2,2,3845,199,1823,0,1823,3646,0.032,0.0,si
R-0723,26,posgrado,60000,0,0,2,22921,23044,17660,5000,0,0,0.382,0.2181,no
R-0724,36,universitaria,200000,1,0,0,-1,-1,296,0,297,303,-0.0,0.0,no
R-0725,32,posgrado,20000,2,2,10,11337,14372,11411,6000,0,744,0.5668,0.5292,si
R-0726,26,posgrado,90000,1,2,6,23812,15616,11988,0,1525,35011,0.2646,0.0,no
R-0727,49,media,30000,2,2,10,26343,27127,26393,1500,0,3712,0.8781,0.0569,no
R-0728,43,universitaria,300000,0,0,0,1314,0,0,0,0,0,0.0044,0.0,no
R-0729,43,posgrado,390000,0,0,0,90294,87292,88335,3200,3200,3200,0.2315,0.0354,no
R-0730,23,universitaria,50000,0,0,0,47662,41023,42162,2000,2102,255,0.9532,0.042,no
R-0731,32,otra,300000,0,0,0,54053,65235,64747,15235,1491,1303,0.1802,0.2819,no
R-0732,34,posgrado,200000,0,0,0,5392,1938,4819,1938,4819,13074,0.027,0.3594,no
R-0733,33,universitaria,50000,0,0,0,16149,13662,14675,1223,1236,528,0.323,0.0757,no
R-0734,26,posgrado,360000,1,0,0,-1917,-1917,-1917,0,0,0,-0.0053,0.0,no
R-0735,50,posgrado,480000,0,0,0,14638,11940,12318,11956,12331,6295,0.0305,0.8168,no
R-0736,30,posgrado,60000,1,2,10,41259,40715,43153,400,3406,1700,0.6876,0.0097,no
R-0737,42,posgrado,50000,0,0,8,35539,38246,37332,3600,0,3000,0.7108,0.1013,si
R-0738,25,universitaria,60000,0,0,17,44331,48590,59129,5000,12000,0,0.7388,0.1128,no
R-0739,31,posgrado,250000,0,0,0,3759,17694,14505,8873,14548,4771,0.015,2.3605,no
R-0740,35,universitaria,240000,0,0,0,8602,18703,643,18718,646,11478,0.0358,2.176,no
R-0741,29,posgrado,360000,0,0,0,1360,7995,-7,8035,0,3658,0.0038,3.0,no
R-0742,41,universitaria,310000,0,0,0,530,7233,4158,7233,4318,8408,0.0017,3.0,no
R-0743,28,posgrado,360000,0,0,0,2400,2500,0,2500,0,0,0.0067,1.0417,no
R-0744,34,posgrado,210000,0,0,0,146756,150057,153238,5500,5510,5500,0.6988,0.0375,no
R-0745,23,universitaria,110000,0,0,0,1877,2507,1320,1000,1000,100,0.0171,0.5328,si
R-0746,26,universitaria,60000,0,0,0,40171,37274,30203,1491,2000,1092,0.6695,0.0371,no
R-0747,29,posgrado,30000,2,0,2,2030,1533,3897,1533,3897,4081,0.0677,0.7552,no
R-0748,38,posgrado,230000,0,0,0,12907,316,1156,316,1156,316,0.0561,0.0245,no
R-0749,42,media,20000,0,0,0,10665,637,11869,637,11869,7314,0.5332,0.0597,no
R-0750,46,media,10000,2,2,14,1050,1050,1050,0,0,0,0.105,0.0,si
R-0751,24,media,100000,1,0,0,0,0,0,0,0,0,0.0,0.0,no
R-0752,47,universitaria,50000,0,0,0,91481,47099,47486,3956,1365,848,1.8296,0.0432,no
R-0753,33,universitaria,110000,0,0,0,107028,106818,108730,4000,3783,6488,0.973,0.0374,no
R-0754,23,posgrado,50000,0,0,0,46750,45985,26675,1505,2000,592,0.935,0.0322,no
R-0755,27,universitaria,30000,2,2,10,27896,26835,28690,0,2659,0,0.9299,0.0,si
R-0756,24,universitaria,120000,1,0,0,0,0,0,0,0,0,0.0,0.0,no
R-0757,35,posgrado,150000,1,0,0,0,1070,-240,1070,0,0,0.0,3.0,no
R-0758,49,media,150000,0,0,0,3114,23946,7838,23979,7838,7642,0.0208,3.0,no
R-0759,34,universitaria,160000,0,0,0,2734,0,625,0,625,406,0.0171,0.0,si
R-0760,30,media,160000,0,0,0,1055,2579,1155,2579,1155,3334,0.0066,2.4445,no
R-0761,35,universitaria,140000,0,0,0,88394,90252,92775,3280,4270,3500,0.6314,0.0371,no
R-0762,28,posgrado,400000,1,0,2,-1320,5773,3944,9952,10,87170,-0.0033,3.0,no
R-0763,28,posgrado,230000,0,0,2,70966,70366,66633,5606,1050,1634,0.3085,0.079,no
R-0764,24,universitaria,50000,0,0,0,35166,29045,15188,1300,1106,1500,0.7033,0.037,no
R-0765,23,universitaria,190000,0,0,0,223483,183900,182911,11837,6070,5136,1.1762,0.053,si
R-0766,33,universitaria,50000,2,0,6,30773,33275,41329,4000,9000,0,0.6155,0.13,no
R-0767,43,universitaria,80000,0,0,6,19260,16902,15173,1270,1874,0,0.2408,0.0659,no
R-0768,32,posgrado,120000,0,0,0,890,390,390,390,390,1480,0.0074,0.4382,si
R-0769,25,media,30000,0,0,2,0,20249,3765,20657,1000,26408,0.0,3.0,no
R-0770,34,universitaria,230000,0,0,0,2007,3220,6163,3229,6191,2782,0.0087,1.6089,no
R-0771,40,universitaria,120000,0,0,0,73900,0,0,0,0,3663,0.6158,0.0,no
R-0772,29,otra,230000,0,0,0,123436,127873,129832,7000,6000,6000,0.5367,0.0567,no
R-0773,33,universitaria,30000,0,0,0,29965,28048,29775,2000,3000,3000,0.9988,0.0667,no
R-0774,46,universitaria,50000,1,2,10,43244,42276,45235,0,4000,1600,0.8649,0.0,si
R-0775,26,universitaria,80000,0,0,0,47788,45221,46830,4000,3000,3000,0.5974,0.0837,no
R-0776,30,posgrado,280000,0,0,0,8527,13219,10132,13244,10157,29187,0.0305,1.5532,no
R-0777,29,posgrado,320000,0,0,0,95322,98787,97996,5000,2000,2000,0.2979,0.0525,no
R-0778,25,posgrado,50000,4,4,17,35906,37038,38151,2000,2000,0,0.7181,0.0557,no
R-0779,39,universitaria,200000,0,0,0,326,326,326,326,326,326,0.0016,1.0,si
R-0780,29,universitaria,160000,0,0,0,2248,-2,4903,0,4905,5525,0.014,0.0,no
R-0781,51,universitaria,50000,0,0,10,11583,16051,25725,5000,10000,0,0.2317,0.4317,si
R-0782,41,media,450000,0,0,0,262138,242290,221480,10027,8517,7020,0.5825,0.0383,no
R-0783,30,posgrado,230000,1,0,0,0,0,0,0,0,0,0.0,0.0,no
R-0784,46,media,180000,0,0,0,109114,71952,16765,2835,1500,1000,0.6062,0.026,no
R-0785,32,universitaria,50000,0,0,0,50764,50428,49564,2200,1500,1500,1.0153,0.0433,si
R-0786,43,universitaria,310000,1,2,10,266629,270414,264482,9500,0,20000,0.8601,0.0356,si
R-0787,41,posgrado,10000,0,0,9,6859,9751,9451,3000,0,0,0.6859,0.4374,no
R-0788,22,posgrado,10000,1,3,11,8352,8078,7800,0,0,1000,0.8352,0.0,no
R-0789,25,universitaria,130000,0,0,6,112561,119435,105382,12421,0,7000,0.8659,0.1103,no
R-0790,24,universitaria,90000,0,0,0,36179,36137,28400,1953,2000,29982,0.402,0.054,no
R-0791,31,universitaria,70000,1,2,10,32945,32133,35089,0,3500,0,0.4706,0.0,no
R-0792,33,universitaria,300000,0,0,0,351232,298709,268531,9198,7668,4429,1.1708,0.0262,no
R-0793,36,posgrado,150000,0,0,2,123160,134948,130982,20000,6100,4000,0.8211,0.1624,si
R-0794,29,universitaria,70000,0,0,0,1929,2948,3960,1054,1066,144,0.0276,0.5464,no
R-0795,35,media,50000,0,0,4,35214,37305,34789,3900,2,500,0.7043,0.1108,no
R-0796,31,universitaria,20000,0,0,0,35651,20160,20080,4960,1400,0,1.7826,0.1391,no
R-0797,25,universitaria,60000,0,0,0,39831,33147,32239,4500,4500,2000,0.6639,0.113,no
R-0798,52,media,30000,1,2,6,10033,6486,7064,0,3192,0,0.3344,0.0,si
R-0799,33,universitaria,200000,0,0,0,205150,0,0,0,0,0,1.0258,0.0,no
R-0800,52,universitaria,230000,1,0,0,0,0,0,0,0,0,0.0,0.0,no
R-0801,49,posgrado,200000,0,0,0,416,416,0,416,0,1248,0.0021,1.0,si
R-0802,29,posgrado,360000,0,0,0,1146,2500,0,2500,0,0,0.0032,2.1815,si
R-0803,27,universitaria,140000,0,0,0,111820,104189,100638,3817,4500,3500,0.7987,0.0341,no
R-0804,43,media,80000,0,0,0,76594,78254,78401,3100,3100,1669,0.9574,0.0405,no
R-0805,48,media,40000,0,0,0,69282,36108,37112,3500,1750,1300,1.732,0.0505,no
R-0806,49,universitaria,500000,1,2,2,9502,9206,11000,0,2000,2000,0.019,0.0,no
R-0807,36,media,100000,0,0,0,1490,0,210,0,210,0,0.0149,0.0,no
R-0808,28,universitaria,50000,0,0,0,49703,50237,26924,1761,1448,982,0.9941,0.0354,no
R-0809,49,universitaria,140000,0,0,0,2457,0,0,0,0,0,0.0176,0.0,no
R-0810,49,posgrado,260000,0,0,0,316,316,4866,316,4866,316,0.0012,1.0,no
R-0811,24,media,10000,0,0,0,4050,5426,6743,2000,2000,2000,0.405,0.4938,no
R-0812,40,media,170000,0,0,0,73784,73815,53032,3663,3426,1317,0.434,0.0496,no
R-0813,45,media,50000,0,0,0,4410,4055,0,4050,0,0,0.0882,0.9184,no
R-0814,34,posgrado,420000,0,0,0,13207,6184,6692,6222,9723,1045,0.0314,0.4711,si
R-0815,24,universitaria,150000,1,0,0,0,0,3230,0,3230,1085,0.0,0.0,no
R-0816,57,posgrado,330000,0,0,0,3166,-206,3429,552,5726,0,0.0096,0.1744,no
R-0817,37,universitaria,150000,0,0,0,135211,142398,121570,10109,10000,10000,0.9014,0.0748,no
R-0818,33,universitaria,370000,1,0,4,0,0,0,0,0,422,0.0,0.0,no
R-0819,54,universitaria,50000,2,2,2,48580,47112,30246,0,1500,1000,0.9716,0.0,no
R-0820,43,universitaria,30000,0,0,4,27862,29106,29784,2000,1500,2000,0.9287,0.0718,no
R-0821,25,posgrado,50000,1,0,0,0,0,0,0,0,0,0.0,0.0,si
R-0822,53,posgrado,500000,0,0,0,107782,10961,11525,11016,11602,3244,0.2156,0.1022,no
R-0823,36,universitaria,90000,4,3,5,62737,61413,59823,0,0,1300,0.6971,0.0,si
R-0824,24,posgrado,20000,0,0,0,625,702,316,709,316,316,0.0312,1.1344,si
R-0825,25,otra,200000,0,0,0,2017,0,381,0,381,1060,0.0101,0.0,no
R-0826,29,posgrado,70000,0,0,0,66648,66638,57404,3000,5137,968,0.9521,0.045,no
R-0827,28,posgrado,400000,0,0,0,181178,86663,62200,4000,2000,1000,0.4529,0.0221,si
R-0828,42,posgrado,210000,1,0,0,0,0,0,0,0,0,0.0,0.0,no
R-0829,27,universitaria,130000,1,0,0,-191,191,2898,382,2898,1900,-0.0015,3.0,no
R-0830,23,posgrado,50000,0,0,0,1413,-60,550,0,1000,230,0.0283,0.0,no
R-0831,25,posgrado,80000,0,0,2,390,5640,390,5250,0,780,0.0049,3.0,no
R-0832,32,posgrado,160000,0,0,0,5315,8145,2480,8300,2480,1920,0.0332,1.5616,no
R-0833,50,universitaria,140000,0,0,2,95310,97902,100214,4000,3800,3800,0.6808,0.042,no
R-0834,28,universitaria,360000,0,0,0,9780,6672,11201,6712,11244,9747,0.0272,0.6863,no
R-0835,39,media,140000,0,0,0,136918,128636,127237,5000,5900,4000,0.978,0.0365,no
R-0836,28,posgrado,390000,0,0,0,64440,67503,68566,5000,5007,5000,0.1652,0.0776,no
R-0837,39,posgrado,350000,0,0,2,325,2770,2247,2770,0,8,0.0009,3.0,no
R-0838,48,universitaria,170000,0,0,0,390,390,780,390,780,0,0.0023,1.0,no
R-0839,42,media,460000,0,0,0,43792,35047,35415,1600,1000,0,0.0952,0.0365,no
R-0840,37,media,200000,0,0,0,3938,8556,4846,8576,4850,1047,0.0197,2.1778,no
R-0841,49,media,250000,1,2,4,260260,262132,240448,13000,0,6672,1.041,0.05,no
R-0842,44,posgrado,200000,0,0,0,26814,367,0,368,0,0,0.1341,0.0137,no
R-0843,41,posgrado,500000,0,0,2,10386,34000,28854,28854,0,70000,0.0208,2.7782,no
R-0844,27,posgrado,360000,1,0,0,0,0,0,0,0,0,0.0,0.0,si
R-0845,29,universitaria,300000,0,0,0,49833,49831,51818,5000,5000,5000,0.1661,0.1003,no
R-0846,28,posgrado,60000,1,2,2,47262,46226,47557,0,2100,2000,0.7877,0.0,no
R-0847,32,universitaria,140000,0,0,0,129653,116582,112170,5820,4920,3600,0.9261,0.0449,no
R-0848,47,universitaria,120000,0,0,0,112448,115646,115767,6500,4300,1175,0.9371,0.0578,no
R-0849,45,universitaria,270000,0,0,0,7088,8139,8966,1173,1000,8294,0.0263,0.1655,no
R-0850,36,posgrado,70000,0,0,0,75021,71101,73831,2893,4231,8000,1.0717,0.0386,no
R-0851,45,posgrado,300000,0,0,0,62296,64460,56439,3000,3000,3000,0.2077,0.0482,no
R-0852,39,posgrado,500000,0,0,0,83528,-24702,23804,472,113935,108041,0.1671,0.0057,no
R-0853,50,otra,20000,0,0,0,19062,19242,14725,1333,1000,780,0.9531,0.0699,no
R-0854,32,posgrado,140000,0,0,2,50890,59395,73225,9395,15000,0,0.3635,0.1846,no
R-0855,27,media,130000,0,0,0,89956,61868,63766,2317,3000,3000,0.692,0.0258,no
R-0856,23,universitaria,100000,0,0,0,13530,14564,15561,1258,1255,3000,0.1353,0.093,no
R-0857,25,universitaria,100000,0,0,0,86098,85014,86735,3200,3155,3504,0.861,0.0372,no
R-0858,65,media,50000,0,0,0,48341,47465,47942,2068,1545,1171,0.9668,0.0428,no
R-0859,24,universitaria,10000,2,0,0,223,3035,4810,3000,2000,3000,0.0223,3.0,no
R-0860,25,posgrado,70000,0,0,0,68839,64027,61580,3213,1659,2000,0.9834,0.0467,no
R-0861,29,universitaria,230000,0,0,0,113736,99346,83649,4028,3000,2000,0.4945,0.0354,no
R-0862,32,posgrado,200000,0,0,0,146,-3,670,0,673,0,0.0007,0.0,no
R-0863,37,universitaria,300000,2,0,2,51893,53056,54176,2000,2000,7100,0.173,0.0385,no
R-0864,27,universitaria,60000,1,2,6,49099,49817,50406,1800,1710,0,0.8183,0.0367,si
R-0865,29,universitaria,20000,0,0,0,14275,15335,16223,1297,1185,492,0.7138,0.0909,no
R-0866,37,universitaria,230000,1,0,0,0,0,0,0,0,0,0.0,0.0,si
R-0867,33,universitaria,270000,0,0,0,2323,5430,1152,5434,1152,56891,0.0086,2.3392,no
R-0868,56,posgrado,20000,1,0,2,0,0,17901,0,17901,519,0.0,0.0,no
R-0869,44,media,150000,0,0,0,146277,127679,73323,3952,2614,2631,0.9752,0.027,no
R-0870,31,universitaria,380000,0,0,0,381530,385605,257188,32640,18077,12005,1.004,0.0856,no
R-0871,32,universitaria,350000,0,0,0,19637,239770,8111,242247,8111,198748,0.0561,3.0,no
R-0872,22,otra,50000,0,0,0,6514,7513,9981,1500,3000,1000,0.1303,0.2303,no
R-0873,50,media,200000,1,2,10,177088,172365,175766,0,6998,4558,0.8854,0.0,si
R-0874,35,universitaria,280000,0,0,0,278948,278433,277620,10609,10470,10002,0.9962,0.038,no
R-0875,31,posgrado,150000,1,0,0,0,0,0,0,0,0,0.0,0.0,no
R-0876,49,media,20000,0,0,0,15237,16030,17948,1600,2500,1000,0.7618,0.105,no
R-0877,43,universitaria,50000,2,0,0,30106,30566,30699,1878,1641,1000,0.6021,0.0624,si
R-0878,24,universitaria,110000,0,0,0,94597,96263,61195,4260,2310,1010,0.86,0.045,no
R-0879,29,universitaria,30000,0,0,0,10721,25066,13817,2000,1500,1400,0.3574,0.1865,no
R-0880,51,universitaria,160000,0,0,0,6136,5932,4353,5932,4353,3835,0.0384,0.9668,no
R-0881,24,posgrado,20000,0,0,0,18821,18714,18942,2000,1300,1500,0.941,0.1063,no
R-0882,39,universitaria,50000,0,0,0,47206,8464,9799,1500,1500,400,0.9441,0.0318,no
R-0883,23,media,30000,2,0,0,29144,30419,30097,2033,1420,0,0.9715,0.0698,si
R-0884,24,universitaria,20000,1,2,10,11893,12906,12902,1500,500,0,0.5946,0.1261,no
R-0885,25,posgrado,50000,0,0,2,5472,5891,6595,1500,1000,2000,0.1094,0.2741,no
R-0886,40,media,500000,0,0,0,264961,237006,139311,20078,30141,30000,0.5299,0.0758,no
R-0887,40,universitaria,160000,0,0,0,0,0,0,0,0,0,0.0,0.0,no
R-0888,35,universitaria,100000,1,2,10,59121,57604,62635,0,6000,4000,0.5912,0.0,si
R-0889,30,universitaria,30000,0,0,0,14451,15525,0,1525,0,0,0.4817,0.1055,no
R-0890,28,universitaria,20000,0,0,0,11449,12811,11779,1582,1400,1000,0.5724,0.1382,no
R-0891,44,posgrado,50000,0,0,0,35145,36275,37150,2000,1871,0,0.7029,0.0569,no
R-0892,44,posgrado,230000,1,0,0,0,0,0,0,0,0,0.0,0.0,si
R-0893,25,universitaria,50000,0,0,2,39033,37002,21933,6455,0,1500,0.7807,0.1654,no
R-0894,44,posgrado,330000,0,0,2,243621,259517,253863,21400,0,9400,0.7382,0.0878,si
R-0895,30,posgrado,210000,0,0,0,4830,0,1000,0,1000,15385,0.023,0.0,no
R-0896,27,posgrado,10000,2,0,2,4920,5937,6945,1256,1264,407,0.492,0.2553,no
R-0897,46,posgrado,100000,0,0,2,39245,41602,47885,3000,7000,0,0.3924,0.0764,no
R-0898,36,posgrado,80000,0,0,0,60110,51784,50071,2186,1491,1099,0.7514,0.0364,no
R-0899,57,universitaria,50000,0,0,2,25551,22957,18027,2733,759,500,0.511,0.107,si
R-0900,27,universitaria,50000,2,2,10,48655,45570,44015,460,5021,0,0.9731,0.0095,si
R-0901,29,media,170000,0,0,0,165027,168990,172307,7200,7500,1200,0.9707,0.0436,no
R-0902,44,posgrado,490000,0,0,0,2920,4040,3649,4060,3659,8357,0.006,1.3904,no
R-0903,33,media,70000,0,0,0,71230,65305,50178,2500,3108,2000,1.0176,0.0351,si
R-0904,31,universitaria,220000,0,0,0,75451,78094,80680,4000,4000,3000,0.343,0.053,no
R-0905,44,posgrado,290000,0,0,0,19213,33274,17495,33548,17732,1862,0.0663,1.7461,no
R-0906,42,media,130000,0,0,0,127524,127839,128380,5051,5101,3600,0.981,0.0396,no
R-0907,25,posgrado,20000,0,0,8,11394,14367,13844,3600,0,1300,0.5697,0.316,no
R-0908,31,universitaria,200000,0,0,0,8350,4750,5134,2001,1001,501,0.0418,0.2396,no
R-0909,26,posgrado,50000,0,0,8,5800,8189,7909,2500,0,2000,0.116,0.431,si
R-0910,52,universitaria,320000,0,0,0,1122,5000,396,5000,792,1176,0.0035,3.0,no
R-0911,42,posgrado,680000,0,0,0,189514,188883,190076,8000,9000,7000,0.2787,0.0422,no
R-0912,29,posgrado,100000,3,2,4,87791,85548,85391,0,2500,5864,0.8779,0.0,si
R-0913,24,universitaria,50000,0,0,0,27963,28715,29381,2001,2001,1014,0.5593,0.0716,no
R-0914,42,universitaria,80000,2,2,10,45691,46662,47595,2000,2000,1800,0.5711,0.0438,si
R-0915,34,universitaria,360000,1,0,0,0,1680,0,1680,0,5950,0.0,3.0,no
R-0916,35,universitaria,20000,1,3,5,20971,20360,19583,0,0,392,1.0486,0.0,no
R-0917,40,media,20000,0,0,0,20167,37198,17858,1308,2466,555,1.0084,0.0649,no
R-0918,49,posgrado,480000,0,0,0,456668,424843,325772,14706,15377,10481,0.9514,0.0322,no
R-0919,45,universitaria,300000,0,0,0,41051,70951,18911,71277,19003,16050,0.1368,1.7363,no
R-0920,42,universitaria,130000,0,0,0,24565,22446,23245,5000,2000,5000,0.189,0.2035,no
R-0921,37,universitaria,50000,0,0,0,44828,43746,43122,2005,2056,1737,0.8966,0.0447,no
R-0922,31,posgrado,200000,0,0,0,160292,119080,113723,6036,4002,4005,0.8015,0.0377,no
R-0923,31,universitaria,60000,0,0,0,58173,59626,55775,3400,2300,1200,0.9696,0.0584,no
R-0924,48,media,10000,0,0,0,7065,8148,9199,1200,1200,500,0.7065,0.1699,no
R-0925,26,media,120000,0,0,0,22492,-2018,-718,1534,1300,2000,0.1874,0.0682,no
R-0926,30,universitaria,210000,0,0,0,38967,48465,57928,10000,10000,3000,0.1856,0.2566,no
R-0927,22,universitaria,20000,0,0,0,17958,18499,19762,1329,1592,637,0.8979,0.074,no
R-0928,33,media,200000,0,0,0,199343,200070,200852,10021,10036,7126,0.9967,0.0503,si
R-0929,32,media,50000,1,2,6,45652,44646,47619,0,4000,0,0.913,0.0,si
R-0930,27,universitaria,60000,0,0,0,43757,29772,30710,2000,2000,1500,0.7293,0.0457,no
R-0931,37,posgrado,290000,0,0,0,3486,550,1922,550,1922,550,0.012,0.1578,si
R-0932,54,posgrado,210000,0,0,0,7771,7078,838,7078,1295,20000,0.037,0.9108,no
R-0933,52,universitaria,210000,0,0,0,815,815,815,815,815,910,0.0039,1.0,no
R-0934,41,media,40000,1,2,8,20057,20931,21780,1500,1500,2000,0.5014,0.0748,no
R-0935,49,posgrado,50000,0,0,0,25277,27209,23740,3000,3014,684,0.5055,0.1187,no
R-0936,43,posgrado,250000,0,0,0,93163,96024,90901,4409,3023,2600,0.3727,0.0473,no
R-0937,29,universitaria,90000,0,0,0,51864,53135,53759,2098,1680,20000,0.5763,0.0405,no
R-0938,29,posgrado,360000,0,0,0,25633,26897,26439,2000,1289,1000,0.0712,0.078,si
R-0939,34,universitaria,210000,0,0,0,3402,4774,375,4774,375,3498,0.0162,1.4033,no
R-0940,30,universitaria,30000,2,0,4,21326,20425,20135,1400,1700,1679,0.7109,0.0656,si
R-0941,29,otra,180000,1,0,0,92245,64364,5527,11400,1000,340,0.5125,0.1236,no
R-0942,33,posgrado,170000,1,2,2,9020,326,7788,0,7788,100000,0.0531,0.0,no
R-0943,32,posgrado,360000,0,0,0,0,0,0,0,0,0,0.0,0.0,no
R-0944,26,universitaria,30000,0,0,2,27376,27639,27788,1500,3608,0,0.9125,0.0548,no
R-0945,42,universitaria,30000,0,0,2,24317,28401,30910,4491,3000,0,0.8106,0.1847,no
R-0946,24,posgrado,20000,0,0,0,390,390,390,390,390,780,0.0195,1.0,no
R-0947,32,universitaria,110000,0,0,0,2308,101780,50815,101780,1501,1100,0.021,3.0,no
R-0948,24,posgrado,20000,0,0,0,299,-1,-1,0,0,495,0.015,0.0,no
R-0949,42,posgrado,180000,0,0,0,4314,5495,54903,2500,50000,3000,0.024,0.5795,no
R-0950,26,universitaria,150000,2,0,0,56956,58756,59945,2716,2761,2400,0.3797,0.0477,no
R-0951,39,posgrado,80000,0,0,0,36444,33840,31768,3015,4012,1013,0.4556,0.0827,no
R-0952,31,posgrado,270000,0,0,0,86716,88329,91247,6000,6005,4000,0.3212,0.0692,no
R-0953,29,universitaria,260000,0,0,0,-5,-5,9571,0,9576,29,-0.0,0.0,no
R-0954,32,universitaria,130000,1,2,4,51559,50465,51531,0,2500,2000,0.3966,0.0,si
R-0955,32,posgrado,20000,0,0,5,11777,14851,17575,3276,3000,3,0.5888,0.2782,no
R-0956,36,universitaria,80000,2,2,10,77054,81697,79347,6900,0,5800,0.9632,0.0895,si
R-0957,40,posgrado,500000,0,0,0,15929,18155,-131,18222,0,10658,0.0319,1.144,no
R-0958,36,universitaria,20000,0,0,0,16320,18044,19003,2000,1283,1003,0.816,0.1225,no
R-0959,44,media,310000,0,0,0,238739,244629,250277,10000,10000,20000,0.7701,0.0419,no
R-0960,28,posgrado,140000,1,0,0,0,330,330,330,330,69,0.0,3.0,no
R-0961,24,media,90000,0,0,0,3700,20833,23968,20108,4000,13574,0.0411,3.0,no
R-0962,44,media,20000,0,0,9,11007,15010,15767,4525,1300,0,0.5504,0.4111,no
R-0963,48,media,20000,1,2,4,16434,17452,16879,1577,0,757,0.8217,0.096,no
R-0964,26,posgrado,230000,0,0,2,-10,1732,476,2122,0,3157,-0.0,3.0,no
R-0965,40,posgrado,180000,0,0,0,4236,6614,6216,3016,3000,1622,0.0235,0.712,no
R-0966,30,posgrado,200000,0,0,0,0,0,0,0,0,0,0.0,0.0,no
R-0967,40,posgrado,500000,0,0,0,11640,12831,11520,12836,11525,12489,0.0233,1.1027,si
R-0968,32,universitaria,320000,0,0,0,160832,164750,168370,8000,8000,5500,0.5026,0.0497,no
R-0969,28,posgrado,200000,0,0,0,220343,214375,201917,7000,8016,5000,1.1017,0.0318,no
R-0970,30,posgrado,210000,0,0,0,52771,64767,57527,44767,10000,2655,0.2513,0.8483,no
R-0971,39,universitaria,20000,0,0,0,45629,46661,47594,2500,2400,2000,2.2814,0.0548,no
R-0972,25,posgrado,100000,0,0,0,16659,13585,7886,10000,4000,5578,0.1666,0.6003,no
R-0973,25,posgrado,80000,0,0,0,232,815,631,815,631,1237,0.0029,3.0,no
R-0974,24,universitaria,140000,0,0,0,696,696,696,696,696,696,0.005,1.0,no
R-0975,25,universitaria,60000,1,2,4,61514,61748,58583,1800,0,600,1.0252,0.0293,no
R-0976,48,universitaria,180000,0,0,0,11054,11272,26680,11272,26703,27988,0.0614,1.0197,no
R-0977,29,universitaria,320000,0,0,0,3196,7655,204787,7655,205211,6100,0.01,2.3952,si
R-0978,53,universitaria,80000,0,0,0,37242,37634,38281,2000,2000,2000,0.4655,0.0537,no
R-0979,29,universitaria,60000,0,0,0,62325,59359,30604,2864,1300,1000,1.0388,0.046,no
R-0980,26,posgrado,360000,0,0,0,11910,1356,4073,1500,5000,15000,0.0331,0.1259,no
R-0981,26,posgrado,120000,0,0,0,19544,24230,28022,5000,4200,2000,0.1629,0.2558,no
R-0982,31,universitaria,70000,0,0,0,62737,40745,1880,4030,2500,0,0.8962,0.0642,no
R-0983,29,universitaria,30000,2,2,4,20501,25151,24453,5000,0,1100,0.6834,0.2439,no
R-0984,51,media,360000,0,0,0,3019,2438,1008,2444,1008,1250,0.0084,0.8095,no
R-0985,37,universitaria,20000,0,0,0,16436,17584,18166,1418,1000,3144,0.8218,0.0863,no
R-0986,28,universitaria,50000,2,0,0,42435,44030,43979,3000,2000,2000,0.8487,0.0707,si
R-0987,36,media,240000,1,0,0,-28,-28,-28,0,0,0,-0.0001,0.0,no
R-0988,30,universitaria,330000,0,0,0,13204,12500,865,12500,865,15500,0.04,0.9467,si
R-0989,29,media,30000,1,0,0,0,0,0,0,0,0,0.0,0.0,si
R-0990,28,posgrado,400000,0,0,0,1416,1548,22085,1052,22085,420,0.0035,0.7429,no
R-0991,35,posgrado,240000,0,0,0,446,2852,-348,2852,0,500,0.0019,3.0,no
R-0992,58,media,50000,0,0,0,4025,5318,4151,5318,4151,4186,0.0805,1.3212,no
R-0993,50,posgrado,190000,2,2,10,69518,71443,72413,3500,2600,2600,0.3659,0.0503,si
R-0994,47,universitaria,200000,0,0,0,528,13921,14943,13921,1528,500,0.0026,3.0,no
R-0995,28,universitaria,50000,0,0,0,47605,47553,47205,2300,2000,2000,0.9521,0.0483,no
R-0996,43,universitaria,330000,0,0,0,13200,9843,15440,9863,15440,35033,0.04,0.7472,no
R-0997,40,universitaria,110000,0,0,0,109191,110937,108869,5000,3814,2000,0.9926,0.0458,no
R-0998,43,universitaria,50000,0,0,0,560,1121,195,1121,195,197,0.0112,2.0018,no
R-0999,23,universitaria,50000,2,2,2,49365,48927,49543,1200,50189,682,0.9873,0.0243,no
R-1000,24,universitaria,50000,0,0,0,48928,32646,31428,2000,3505,2000,0.9786,0.0409,si
R-1001,27,posgrado,260000,0,0,0,15178,23360,22099,12007,8000,1000,0.0584,0.7911,no
R-1002,27,posgrado,150000,0,0,0,7310,4756,1919,4756,1919,8144,0.0487,0.6506,no
R-1003,39,posgrado,190000,2,2,2,171462,163148,165281,0,10000,15000,0.9024,0.0,si
R-1004,31,posgrado,160000,0,0,0,160843,153543,157871,6000,7225,5000,1.0053,0.0373,no
R-1005,28,universitaria,70000,0,0,2,24510,25807,26578,2000,1500,2000,0.3501,0.0816,no
R-1006,44,posgrado,330000,0,0,0,234447,202747,180566,8903,7903,6418,0.7104,0.038,no
R-1007,40,universitaria,180000,0,0,0,20831,1537,-43,1000,0,0,0.1157,0.048,no
R-1008,25,media,80000,0,0,0,571,3948,4695,3952,4695,390,0.0071,3.0,no
R-1009,32,media,140000,0,0,0,140456,125288,117263,5200,5006,5000,1.0033,0.037,no
R-1010,53,universitaria,80000,0,0,0,66484,59837,53367,2731,2058,1700,0.831,0.0411,no
R-1011,33,posgrado,520000,0,0,0,485298,499489,413019,22000,18300,26500,0.9333,0.0453,si
R-1012,27,universitaria,10000,0,0,2,16944,8261,9252,2296,1139,477,1.6944,0.1355,si
R-1013,29,posgrado,200000,0,0,2,61099,64160,76593,4160,14593,20150,0.3055,0.0681,no
R-1014,31,universitaria,500000,0,0,0,378886,382234,274586,15057,11035,11035,0.7578,0.0397,no
R-1015,35,posgrado,80000,0,0,0,52065,55205,55900,5000,2606,2200,0.6508,0.096,no
R-1016,38,universitaria,130000,0,0,0,133400,0,0,0,0,0,1.0262,0.0,no
R-1017,50,posgrado,80000,1,0,0,0,0,0,0,0,0,0.0,0.0,no
R-1018,23,universitaria,80000,0,0,0,309,-77,-77,0,0,0,0.0039,0.0,si
R-1019,26,posgrado,60000,0,0,2,3437,16932,2301,16960,0,6227,0.0573,3.0,no
R-1020,31,posgrado,580000,0,0,0,484798,475282,485511,19000,20036,20000,0.8359,0.0392,no
R-1021,25,media,80000,0,0,0,80012,78748,76722,3010,2700,2300,1.0002,0.0376,no
R-1022,27,media,80000,1,2,4,79108,78637,75688,3200,0,1806,0.9888,0.0405,no
R-1023,28,posgrado,220000,2,0,6,205130,212060,225462,9975,19254,0,0.9324,0.0486,si
R-1024,27,universitaria,360000,0,0,0,160317,163699,167112,4700,4800,5000,0.4453,0.0293,no
R-1025,23,media,50000,0,0,0,33239,33199,33757,6010,5008,3013,0.6648,0.1808,no
R-1026,52,universitaria,500000,0,0,0,7593,8660,0,8677,0,30498,0.0152,1.1428,no
R-1027,44,universitaria,450000,0,0,0,3004,5938,3700,5971,3712,14347,0.0067,1.9877,no
R-1028,40,media,10000,1,2,11,7229,6968,8881,0,2035,0,0.7229,0.0,si
R-1029,33,posgrado,190000,0,0,0,137502,127014,120826,6112,4202,4200,0.7237,0.0445,no
R-1030,30,posgrado,30000,0,0,0,32751,33804,31336,1600,2000,1500,1.0917,0.0489,no
R-1031,25,posgrado,20000,1,2,7,16688,18427,17843,2300,0,0,0.8344,0.1378,si
R-1032,44,media,50000,1,0,0,-42,26267,26372,26309,26479,7490,-0.0008,3.0,si
R-1033,23,universitaria,50000,0,0,0,2165,14796,20816,15000,20300,9500,0.0433,3.0,si
R-1034,24,media,50000,0,0,0,7198,8421,9202,1500,1000,598,0.144,0.2084,si
R-1035,28,universitaria,90000,2,0,4,18978,20675,23329,2000,3000,2000,0.2109,0.1054,si
R-1036,24,posgrado,30000,0,0,0,784,390,7480,390,7480,0,0.0261,0.4974,no
R-1037,25,posgrado,140000,0,0,0,2229,15985,0,15980,0,0,0.0159,3.0,si
R-1038,48,posgrado,410000,0,0,0,231152,238985,243779,12000,10000,7250,0.5638,0.0519,no
R-1039,33,otra,60000,0,0,0,52176,39107,39547,2000,2000,1500,0.8696,0.0383,no
R-1040,43,universitaria,260000,0,0,0,690,2500,0,2500,0,0,0.0027,3.0,no
R-1041,40,posgrado,230000,0,0,0,0,0,0,0,0,0,0.0,0.0,no
R-1042,49,universitaria,50000,0,0,2,24282,23470,23297,1500,1500,2150,0.4856,0.0618,no
R-1043,41,media,80000,0,0,0,52456,20925,15115,11500,3000,4000,0.6557,0.2192,no
R-1044,25,universitaria,80000,0,0,0,31780,33261,34703,2000,2000,2000,0.3972,0.0629,si
R-1045,50,media,50000,0,0,2,35415,38940,36319,6960,0,1000,0.7083,0.1965,no
R-1046,41,universitaria,240000,0,0,0,188983,190556,189914,7106,12014,6075,0.7874,0.0376,no
R-1047,41,posgrado,150000,1,0,0,-200,-200,1600,0,1800,5431,-0.0013,0.0,no
R-1048,30,otra,150000,0,0,0,175348,153679,110237,9304,2921,15000,1.169,0.0531,no
R-1049,48,universitaria,190000,0,0,0,210612,206806,203803,7496,9144,5972,1.1085,0.0356,no
R-1050,37,posgrado,220000,0,0,0,34339,35075,32355,1294,2000,2000,0.1561,0.0377,no
R-1051,48,universitaria,16000,2,2,2,4577,4358,5366,0,1089,196,0.2861,0.0,no
R-1052,35,posgrado,550000,0,0,0,83707,49676,49196,3023,5070,3017,0.1522,0.0361,no
R-1053,31,universitaria,80000,0,0,0,81358,69913,71541,3126,3391,3000,1.017,0.0384,no
R-1054,34,posgrado,280000,0,0,0,212968,312960,373419,237000,150000,10000,0.7606,1.1128,no
R-1055,37,universitaria,20000,0,0,0,20009,20602,21255,1700,1600,1200,1.0004,0.085,no
R-1056,56,universitaria,20000,0,0,0,17091,17596,15524,3000,3006,3506,0.8546,0.1755,si
R-1057,29,universitaria,200000,0,0,0,34391,26945,26349,1507,1427,1003,0.172,0.0438,no
R-1058,39,media,50000,0,0,0,26979,21029,18765,1328,1298,678,0.5396,0.0492,no
R-1059,27,universitaria,30000,0,0,0,52636,27761,28791,3164,1615,902,1.7545,0.0601,no
R-1060,30,universitaria,280000,2,2,8,110550,113877,115223,6600,4700,5100,0.3948,0.0597,no
R-1061,60,media,30000,0,0,0,27331,27171,28491,2000,2000,0,0.911,0.0732,no
R-1062,35,universitaria,380000,0,0,0,2661,2022,1823,2022,1823,1823,0.007,0.7599,no
R-1063,32,posgrado,300000,0,0,0,2081,1925,1656,1925,1656,1756,0.0069,0.925,no
R-1064,43,posgrado,240000,0,0,0,8862,3220,0,3220,0,0,0.0369,0.3633,no
R-1065,36,universitaria,110000,0,0,0,48120,44723,37745,5000,2000,2000,0.4375,0.1039,no
R-1066,35,universitaria,90000,0,0,0,82164,77060,76589,2926,3571,2381,0.9129,0.0356,no
R-1067,30,universitaria,100000,2,2,10,29778,30678,31154,1600,1200,1200,0.2978,0.0537,si
R-1068,62,universitaria,140000,0,0,0,142250,142172,141738,5200,5100,5000,1.0161,0.0366,no
R-1069,58,media,230000,0,0,0,316,316,2310,316,2310,316,0.0014,1.0,si
R-1070,23,universitaria,30000,1,0,0,-1,604,0,605,0,0,-0.0,3.0,no
R-1071,29,universitaria,70000,0,0,2,56626,58512,61926,2800,5000,0,0.8089,0.0494,si
R-1072,37,universitaria,50000,0,0,0,50148,50522,50073,2064,2005,1367,1.003,0.0412,no
R-1073,23,universitaria,30000,0,0,0,26725,28289,29489,2000,2000,1502,0.8908,0.0748,no
R-1074,33,universitaria,210000,0,0,0,206409,198390,200035,8546,7542,11538,0.9829,0.0414,no
R-1075,36,universitaria,140000,0,0,0,134183,136457,97395,8144,6812,5036,0.9584,0.0607,no
R-1076,40,posgrado,200000,0,0,0,316,316,316,316,316,316,0.0016,1.0,no
R-1077,27,media,200000,0,0,0,60225,61040,32298,4119,5000,3037,0.3011,0.0684,no
R-1078,41,universitaria,80000,0,2,10,66053,67397,68193,3000,2500,3000,0.8257,0.0454,no
R-1079,42,posgrado,500000,1,1,1,9615,9996,177741,1054,177080,4425,0.0192,0.1096,no
R-1080,33,media,50000,0,0,2,19374,17772,20090,1346,2664,1261,0.3875,0.0695,no
R-1081,43,posgrado,460000,0,0,0,7677,21748,4032,21958,4052,23862,0.0167,2.8602,no
R-1082,24,universitaria,50000,0,0,0,7052,2105,7358,2003,7000,2900,0.141,0.284,no
R-1083,29,universitaria,120000,0,0,0,122842,123704,123291,6500,6100,4603,1.0237,0.0529,si
R-1084,49,universitaria,50000,2,0,0,19169,20195,21207,1341,1353,774,0.3834,0.07,si
R-1085,40,universitaria,340000,0,0,0,0,0,0,0,0,0,0.0,0.0,no
R-1086,43,universitaria,160000,0,0,0,8460,0,0,0,0,0,0.0529,0.0,no
R-1087,38,posgrado,80000,0,0,0,780,259,7544,259,7544,0,0.0098,0.3321,si
R-1088,39,posgrado,210000,0,0,0,980,0,650,0,650,3446,0.0047,0.0,si
R-1089,28,posgrado,20000,0,0,0,16196,17232,18339,1600,1700,1000,0.8098,0.0988,no
R-1090,29,posgrado,360000,0,0,0,2868,0,0,0,0,0,0.008,0.0,si
R-1091,62,media,90000,0,0,0,86200,81995,16985,2500,1000,1000,0.9578,0.029,no
R-1092,27,posgrado,310000,1,0,0,0,113,0,113,200,0,0.0,3.0,si
R-1093,41,universitaria,90000,0,0,0,-1750,76674,77974,79786,2836,3657,-0.0194,3.0,no
R-1094,27,media,30000,2,2,10,13257,14046,13523,1300,0,1200,0.4419,0.0981,si
R-1095,48,universitaria,380000,0,0,0,379080,294675,226959,13000,9500,8000,0.9976,0.0343,no
R-1096,49,posgrado,180000,0,0,0,63444,65420,67722,3000,4000,5000,0.3525,0.0473,no
R-1097,37,universitaria,50000,0,0,0,1149,1420,1253,1424,1256,190,0.023,1.2393,no
R-1098,48,posgrado,200000,0,0,4,0,0,0,0,0,5000,0.0,0.0,no
R-1099,30,universitaria,200000,0,0,0,155768,156041,157356,7325,7470,4460,0.7788,0.047,no
R-1100,36,posgrado,400000,0,0,0,14421,8392,13025,8911,13025,2816,0.0361,0.6179,no
R-1101,27,posgrado,210000,0,0,0,15663,8513,8607,1500,1006,1500,0.0746,0.0958,no
R-1102,26,posgrado,200000,0,0,0,6242,1776,3587,1776,3598,0,0.0312,0.2845,no
R-1103,37,universitaria,160000,2,2,10,147333,143786,151842,200,12000,0,0.9208,0.0014,si
R-1104,51,media,250000,0,0,0,179,1533,364,1540,387,381,0.0007,3.0,no
R-1105,56,media,140000,0,0,0,7272,7906,8717,1299,1500,1000,0.0519,0.1786,no
R-1106,26,media,90000,0,0,0,14692,15722,16733,1269,1280,1000,0.1632,0.0864,no
R-1107,45,media,60000,0,0,0,54920,39886,40056,1726,1502,1287,0.9153,0.0314,no
R-1108,24,media,10000,0,0,0,6217,5082,5400,5112,5400,2,0.6217,0.8223,no
R-1109,26,universitaria,60000,2,2,6,61103,61380,62158,3000,2746,0,1.0184,0.0491,si
R-1110,26,universitaria,100000,0,0,0,780,0,390,0,390,390,0.0078,0.0,no
R-1111,30,posgrado,280000,0,0,0,217773,215017,209089,8155,10048,6011,0.7778,0.0374,no
R-1112,26,universitaria,190000,0,0,0,11613,10000,10000,10000,10000,10000,0.0611,0.8611,no
R-1113,28,universitaria,140000,0,0,0,99296,89391,79173,3205,2894,2000,0.7093,0.0323,no
R-1114,67,posgrado,200000,1,0,0,0,0,0,0,0,0,0.0,0.0,si
R-1115,28,posgrado,150000,0,0,0,147933,111608,91705,3202,20088,700,0.9862,0.0216,no
R-1116,26,universitaria,30000,1,2,6,27330,28090,28827,1500,1517,1000,0.911,0.0549,no
R-1117,47,media,200000,0,0,2,185272,189657,103861,10000,10000,6000,0.9264,0.054,no
R-1118,25,posgrado,80000,0,0,0,0,0,988,0,988,0,0.0,0.0,no
R-1119,30,posgrado,120000,1,0,0,0,0,0,0,0,0,0.0,0.0,no
R-1120,30,posgrado,110000,0,0,0,110800,112008,96347,4404,2826,1880,1.0073,0.0397,no
R-1121,28,universitaria,200000,1,2,6,61844,60294,63663,0,5000,5000,0.3092,0.0,si
R-1122,53,media,30000,0,0,0,1596,0,0,0,0,0,0.0532,0.0,no
R-1123,31,posgrado,180000,0,0,0,3920,1020,0,1020,0,860,0.0218,0.2602,no
R-1124,27,posgrado,20000,1,0,0,0,0,0,0,0,0,0.0,0.0,no
R-1125,26,universitaria,180000,0,0,0,10874,9324,7738,2000,2000,2000,0.0604,0.1839,no
R-1126,24,universitaria,30000,1,2,9,20985,20393,20399,0,2403,0,0.6995,0.0,no
R-1127,37,universitaria,130000,0,0,0,122944,121530,107783,6013,5312,3100,0.9457,0.0489,no
R-1128,27,posgrado,270000,0,0,0,200750,204418,197854,9500,8929,7265,0.7435,0.0473,no
R-1129,23,universitaria,50000,0,0,0,42790,39480,36360,1635,1423,1020,0.8558,0.0382,no
R-1130,32,posgrado,400000,0,0,0,48419,51886,53291,5000,3000,5000,0.121,0.1033,no
R-1131,26,media,20000,2,0,0,17880,19224,19327,1641,2400,632,0.894,0.0918,si
R-1132,53,universitaria,80000,0,0,0,5800,6666,0,1000,0,0,0.0725,0.1724,si
R-1133,39,universitaria,80000,2,0,0,76123,54669,28674,2000,1500,1200,0.9515,0.0263,no
R-1134,40,posgrado,140000,0,0,0,67371,69027,56175,3100,3888,2800,0.4812,0.046,no
R-1135,26,universitaria,150000,0,0,0,94347,96358,99230,5000,4500,4500,0.629,0.053,no
R-1136,44,universitaria,150000,0,0,0,17723,19440,14945,2019,2020,2000,0.1182,0.1139,no
R-1137,33,posgrado,230000,0,0,0,6283,0,0,0,0,0,0.0273,0.0,no
R-1138,34,media,300000,0,0,0,4741,3767,10436,3767,10436,9856,0.0158,0.7946,no
R-1139,30,universitaria,30000,0,0,2,25156,25949,28478,1500,3000,0,0.8385,0.0596,no
R-1140,38,posgrado,100000,0,0,0,66762,68566,65132,5000,2436,3000,0.6676,0.0749,no
R-1141,31,posgrado,290000,0,0,0,44193,15950,15315,1380,1212,284,0.1524,0.0312,no
R-1142,39,otra,270000,1,0,0,0,10193,69553,10193,70213,19008,0.0,3.0,no
R-1143,24,universitaria,90000,0,0,0,91272,91337,88129,5000,3069,2028,1.0141,0.0548,no
R-1144,41,posgrado,290000,0,0,0,11200,0,970,0,970,0,0.0386,0.0,no
R-1145,26,universitaria,200000,0,0,0,103194,107027,107765,5500,4000,4000,0.516,0.0533,no
R-1146,26,posgrado,80000,0,0,0,56417,50855,47656,2600,4000,3000,0.7052,0.0461,no
R-1147,27,posgrado,200000,0,0,0,58725,76287,22869,30229,22946,30684,0.2936,0.5148,no
R-1148,26,posgrado,80000,0,0,0,79650,80821,65609,3515,2627,1697,0.9956,0.0441,si
R-1149,29,posgrado,150000,0,0,0,1934,12166,15378,12170,8200,0,0.0129,3.0,no
R-1150,26,universitaria,50000,0,0,0,1902,782,0,782,0,4699,0.038,0.4111,no
R-1151,23,otra,90000,0,0,0,83176,74918,75422,3504,2942,979,0.9242,0.0421,no
R-1152,33,media,200000,0,0,0,181542,173731,152447,7100,5354,4363,0.9077,0.0391,no
R-1153,56,media,190000,0,0,0,67211,63278,57104,2818,2700,2191,0.3537,0.0419,no
R-1154,25,universitaria,50000,0,0,4,35676,34407,30785,3400,0,1300,0.7135,0.0953,si
R-1155,71,media,70000,0,0,2,64670,66197,70867,3166,6550,0,0.9239,0.049,no
R-1156,36,posgrado,110000,0,0,0,104498,107819,109836,5000,4823,2000,0.95,0.0478,no
R-1157,46,posgrado,150000,0,0,0,21787,22817,24134,1382,1699,1200,0.1452,0.0634,no
R-1158,35,universitaria,350000,0,0,0,83379,26305,26858,26436,26921,40098,0.2382,0.3171,no
R-1159,49,universitaria,160000,0,0,0,76445,78013,19007,4000,3000,1000,0.4778,0.0523,no
R-1160,56,media,20000,2,0,0,12864,14150,15334,1500,1500,1000,0.6432,0.1166,no
R-1161,30,posgrado,450000,0,0,0,25244,0,0,0,0,0,0.0561,0.0,no
R-1162,42,posgrado,220000,0,0,0,26340,31523,35718,31533,20600,24288,0.1197,1.1972,no
R-1163,25,posgrado,150000,3,3,11,147260,148157,146844,8100,5202,5300,0.9817,0.055,si
R-1164,37,posgrado,140000,0,0,8,124375,133384,135691,11000,6000,5700,0.8884,0.0884,si
R-1165,24,posgrado,20000,0,0,2,3302,0,679,0,679,0,0.1651,0.0,no
R-1166,38,universitaria,50000,0,0,0,49695,49848,49557,2200,2100,2000,0.9939,0.0443,si
R-1167,31,posgrado,200000,0,0,0,58008,72062,72912,20000,20000,10000,0.29,0.3448,no
R-1168,38,universitaria,50000,0,0,0,25809,14888,20803,2000,20000,700,0.5162,0.0775,no
R-1169,36,universitaria,140000,0,0,0,326,501,1251,501,1251,0,0.0023,1.5368,si
R-1170,39,posgrado,200000,0,0,0,193162,191772,174199,7294,5443,6000,0.9658,0.0378,no
R-1171,28,posgrado,500000,0,0,2,17155,0,0,0,0,1116,0.0343,0.0,no
R-1172,51,media,30000,0,0,0,17261,20543,18180,5000,8180,2200,0.5754,0.2897,no
R-1173,37,universitaria,170000,1,0,0,0,0,0,0,0,0,0.0,0.0,no
R-1174,47,media,30000,0,0,0,6911,10507,4785,10523,4790,4736,0.2304,1.5226,no
R-1175,47,posgrado,480000,0,0,0,69046,70490,71931,2548,2602,2618,0.1438,0.0369,no
R-1176,27,posgrado,240000,0,0,0,3293,9051,2804,9079,2804,3958,0.0137,2.7571,no
R-1177,38,posgrado,100000,1,2,10,24796,27085,26352,3000,0,8000,0.248,0.121,no
R-1178,37,posgrado,300000,1,2,2,34085,29305,25945,0,1380,753,0.1136,0.0,no
R-1179,48,media,50000,0,0,0,79681,79989,76394,3200,2581,1200,1.5936,0.0402,no
R-1180,47,media,170000,0,0,0,1521,0,0,0,0,0,0.0089,0.0,no
R-1181,42,universitaria,20000,0,0,0,21431,19745,19943,1386,1189,570,1.0716,0.0647,si
R-1182,49,media,50000,0,0,0,40281,9630,10614,1173,1157,411,0.8056,0.0291,no
R-1183,31,universitaria,360000,0,0,0,281600,281178,265549,14128,11208,6554,0.7822,0.0502,si
R-1184,27,universitaria,30000,0,0,4,10011,12830,13225,3000,901,0,0.3337,0.2997,si
R-1185,27,universitaria,20000,0,0,0,19961,16437,16579,1500,2579,1437,0.998,0.0751,no
R-1186,28,media,30000,2,2,4,22323,25961,25141,4000,9,1000,0.7441,0.1792,si
R-1187,35,universitaria,50000,0,0,0,57570,54383,49966,2460,1140,226,1.1514,0.0427,si
R-1188,29,media,90000,0,0,0,83683,65192,46273,4000,3000,1700,0.9298,0.0478,no
R-1189,24,posgrado,70000,2,2,4,26410,31128,24486,5190,42,3000,0.3773,0.1965,si
R-1190,27,universitaria,430000,0,0,0,263,263,4119,1764,4120,535,0.0006,3.0,si
R-1191,33,posgrado,200000,0,0,0,-18,-18,-18,0,0,0,-0.0001,0.0,si
R-1192,44,universitaria,50000,0,0,0,45578,41906,35703,3016,5003,3000,0.9116,0.0662,no
R-1193,45,posgrado,70000,1,2,4,69794,70756,65348,3000,0,3000,0.9971,0.043,no
R-1194,27,universitaria,80000,0,0,0,80088,81371,79183,4791,2418,2118,1.0011,0.0598,no
R-1195,38,posgrado,260000,0,0,0,10448,1199,6675,1211,6818,1180,0.0402,0.1159,si
R-1196,26,posgrado,100000,0,0,0,91857,78797,70936,3572,2600,5600,0.9186,0.0389,no
R-1197,25,universitaria,310000,0,0,0,28598,22017,14605,8820,1576,1000,0.0923,0.3084,no
R-1198,38,posgrado,300000,1,3,5,10361,9692,3772,0,3,0,0.0345,0.0,no
R-1199,27,universitaria,30000,0,0,0,3902,1950,890,1950,2390,0,0.1301,0.4997,no
R-1200,27,posgrado,60000,0,0,2,836,836,390,836,390,150,0.0139,1.0,no
R-1201,23,universitaria,140000,2,0,0,25621,26805,27763,1600,1500,1000,0.183,0.0624,si
R-1202,32,universitaria,50000,0,0,0,36211,28530,20084,1709,2004,7497,0.7242,0.0472,no
R-1203,28,universitaria,390000,0,0,0,19081,1170,6512,1170,6512,14122,0.0489,0.0613,no
R-1204,29,posgrado,260000,0,0,0,470,0,0,0,0,550,0.0018,0.0,si
R-1205,25,media,30000,0,0,0,10198,28773,18031,18808,1200,263,0.3399,1.8443,no
R-1206,30,media,200000,0,0,0,144933,148103,148137,7000,4000,4000,0.7247,0.0483,no
R-1207,31,universitaria,80000,0,0,0,70664,62223,26400,2036,1500,1201,0.8833,0.0288,no
R-1208,30,universitaria,100000,1,0,0,-4,-4,-4,0,0,0,-0.0,0.0,no
R-1209,29,posgrado,270000,0,0,0,227479,181629,185614,7000,7000,7000,0.8425,0.0308,no
R-1210,43,universitaria,120000,0,0,0,0,999,0,999,0,0,0.0,3.0,si
R-1211,39,universitaria,130000,2,2,6,50033,52440,52993,3500,2000,0,0.3849,0.07,si
R-1212,38,universitaria,90000,0,0,0,88758,89680,89876,3900,3487,1629,0.9862,0.0439,no
R-1213,50,universitaria,290000,0,0,0,929,1729,0,1732,0,0,0.0032,1.8644,no
R-1214,36,universitaria,180000,0,0,0,682,0,0,0,0,1012,0.0038,0.0,no
R-1215,26,posgrado,30000,4,3,5,25899,25177,22768,0,600,800,0.8633,0.0,si
R-1216,31,universitaria,50000,1,0,0,0,0,0,0,0,0,0.0,0.0,no
R-1217,30,media,140000,1,3,9,84014,85107,82532,3300,0,6500,0.6001,0.0393,no
R-1218,32,universitaria,340000,0,0,0,169246,100967,102819,6000,4500,5000,0.4978,0.0355,no
R-1219,49,universitaria,120000,0,0,0,3903,2246,3040,1300,1000,0,0.0325,0.3331,no
R-1220,25,posgrado,60000,0,0,0,16313,10253,7735,5000,3000,2000,0.2719,0.3065,no
R-1221,51,universitaria,30000,5,4,14,26551,25855,25146,0,0,2113,0.885,0.0,si
R-1222,38,universitaria,450000,0,0,0,10972,15005,13887,15008,1200,5255,0.0244,1.3678,no
R-1223,31,posgrado,140000,0,0,0,71066,55271,50706,2042,1958,1501,0.5076,0.0287,no
R-1224,24,universitaria,50000,2,0,0,43247,45036,44384,3000,1300,642,0.8649,0.0694,si
R-1225,33,universitaria,70000,2,2,11,63963,65350,66279,3000,2600,6000,0.9138,0.0469,si
R-1226,29,posgrado,430000,0,0,0,34785,0,18518,0,18518,5,0.0809,0.0,no
R-1227,35,posgrado,130000,2,0,0,77578,79724,81221,4000,3500,5000,0.5968,0.0516,no
R-1228,53,media,150000,2,2,8,17790,18209,18608,1000,1000,2000,0.1186,0.0562,si
R-1229,36,universitaria,450000,1,0,0,0,0,0,0,0,0,0.0,0.0,si
R-1230,31,universitaria,260000,0,3,9,82274,80426,78536,0,0,17000,0.3164,0.0,no
R-1231,39,posgrado,500000,1,0,0,0,0,0,0,0,0,0.0,0.0,no
R-1232,30,posgrado,260000,2,0,0,94114,96689,101023,5000,6000,5000,0.362,0.0531,si
R-1233,53,posgrado,170000,0,0,0,-200,-200,-200,0,0,200,-0.0012,0.0,no
R-1234,32,universitaria,140000,0,0,0,121508,99470,83330,5000,4000,3000,0.8679,0.0411,no
R-1235,27,posgrado,120000,0,0,2,11379,9559,10861,1200,1500,0,0.0948,0.1055,si
R-1236,29,universitaria,80000,0,0,0,78293,79555,77025,3161,4000,3000,0.9787,0.0404,no
R-1237,26,media,30000,0,0,0,27594,29717,28812,2595,1200,1020,0.9198,0.094,no
R-1238,36,posgrado,240000,1,0,0,0,18000,18485,18000,2000,2000,0.0,3.0,no
R-1239,30,posgrado,240000,0,0,0,5354,4790,900,4790,900,6849,0.0223,0.8947,si
R-1240,38,posgrado,240000,0,0,0,6916,2098,9927,2106,9951,3633,0.0288,0.3045,si
R-1241,47,universitaria,80000,0,0,0,52690,51560,51047,2022,1711,1584,0.6586,0.0384,no
R-1242,39,universitaria,110000,2,2,6,110109,106656,104407,0,5200,7700,1.001,0.0,si
R-1243,27,universitaria,30000,0,0,2,28392,31439,30394,3500,0,0,0.9464,0.1233,no
R-1244,33,universitaria,200000,0,0,2,80012,81703,83290,2972,2952,3107,0.4001,0.0371,si
R-1245,21,universitaria,10000,0,0,0,9042,10038,9784,1305,1000,200,0.9042,0.1443,si
R-1246,33,posgrado,230000,0,0,0,4533,0,510,0,510,0,0.0197,0.0,no
R-1247,23,universitaria,60000,0,0,4,58844,43427,30408,2000,4300,1000,0.9807,0.034,no
R-1248,45,universitaria,150000,0,0,0,390,390,390,390,390,390,0.0026,1.0,no
R-1249,34,universitaria,160000,0,0,0,18958,11842,7918,24000,8000,13780,0.1185,1.266,no
R-1250,48,universitaria,500000,0,0,0,77461,68781,58436,68781,58436,9536,0.1549,0.8879,no
R-1251,24,universitaria,110000,1,0,0,-1256,65064,66102,68500,3114,4016,-0.0114,3.0,no
R-1252,26,universitaria,190000,0,0,0,155260,136185,139013,7416,6900,5100,0.8172,0.0478,no
R-1253,46,universitaria,170000,0,0,0,2741,1848,0,1848,0,0,0.0161,0.6742,si
R-1254,25,media,50000,0,0,4,46277,47713,44006,2500,2300,2500,0.9255,0.054,no
R-1255,26,universitaria,80000,0,0,0,33319,32066,31875,1700,1720,1002,0.4165,0.051,si
R-1256,38,universitaria,300000,0,0,6,181387,171685,181780,8000,14500,0,0.6046,0.0441,no
R-1257,34,universitaria,50000,2,2,2,61220,56388,53813,9,2061,0,1.2244,0.0001,no
R-1258,26,universitaria,140000,0,0,2,141057,144306,141949,7200,19000,10400,1.0076,0.051,no
R-1259,47,media,10000,0,0,4,6817,9119,8826,2588,0,318,0.6817,0.3796,si
R-1260,24,universitaria,230000,0,0,0,2360,0,0,0,0,4135,0.0103,0.0,no
R-1261,34,media,360000,1,0,0,0,0,0,0,0,0,0.0,0.0,si
R-1262,41,posgrado,140000,0,2,2,780,390,390,0,390,780,0.0056,0.0,no
R-1263,48,universitaria,290000,1,2,2,292907,285272,288543,0,14000,9000,1.01,0.0,si
R-1264,27,universitaria,80000,2,0,0,1195,553,1074,700,1074,35000,0.0149,0.5858,no
R-1265,37,posgrado,150000,0,0,0,120,0,0,0,0,0,0.0008,0.0,no
R-1266,26,posgrado,360000,0,0,0,724,125,416,125,418,190,0.002,0.1727,no
R-1267,33,universitaria,30000,0,0,0,23467,24195,25286,1409,1500,942,0.7822,0.06,no
R-1268,61,media,230000,1,0,0,0,0,0,0,0,0,0.0,0.0,si
R-1269,28,universitaria,160000,0,2,2,3498,3260,678,0,678,0,0.0219,0.0,no
R-1270,26,universitaria,180000,0,0,0,3679,4711,3996,1105,1000,2011,0.0204,0.3004,no
R-1271,40,posgrado,360000,0,0,0,16540,1160,10600,1160,10646,51571,0.0459,0.0701,no
R-1272,43,posgrado,430000,0,0,0,20849,3662,7719,3814,7759,4451,0.0485,0.1829,no
R-1273,46,posgrado,20000,0,0,0,12146,7698,6005,1273,1039,1000,0.6073,0.1048,no
R-1274,24,universitaria,50000,1,3,5,52935,50946,22740,0,0,0,1.0587,0.0,si
R-1275,43,media,170000,0,0,0,19247,1230,2910,1230,2910,0,0.1132,0.0639,no
R-1276,38,posgrado,30000,1,2,4,24172,23497,24817,0,1715,1500,0.8057,0.0,no
R-1277,43,universitaria,120000,0,0,0,46889,47496,48307,1856,1667,1632,0.3907,0.0396,no
R-1278,63,posgrado,280000,0,0,0,0,0,0,0,0,0,0.0,0.0,no
R-1279,38,posgrado,200000,0,0,0,2780,2645,-10,2658,0,4125,0.0139,0.9561,no
R-1280,42,media,360000,0,0,0,25988,1815,22648,1815,22674,95,0.0722,0.0698,no
R-1281,41,universitaria,50000,2,0,0,33343,31392,27315,1502,1000,0,0.6669,0.045,no
R-1282,50,universitaria,20000,0,0,0,13922,15433,15683,3000,3000,1000,0.6961,0.2155,no
R-1283,27,posgrado,460000,0,0,0,81252,74766,79012,5020,10027,3001,0.1766,0.0618,no
R-1284,38,universitaria,50000,0,0,0,33801,27027,24459,1433,1319,773,0.676,0.0424,no
R-1285,27,media,20000,0,0,4,17973,20482,19693,2800,0,239,0.8986,0.1558,no
R-1286,33,posgrado,120000,0,0,0,291,291,291,291,291,291,0.0024,1.0,no
R-1287,25,universitaria,30000,0,0,0,7244,8265,9436,1142,1313,1000,0.2415,0.1576,no
R-1288,31,universitaria,260000,0,0,0,166071,137702,77683,7000,3000,7152,0.6387,0.0422,no
R-1289,41,universitaria,50000,2,2,4,36329,36711,28415,3406,0,640,0.7266,0.0938,si
R-1290,27,posgrado,240000,0,0,2,2961,4748,7013,2000,2873,1000,0.0123,0.6754,no
R-1291,37,universitaria,60000,5,4,15,60480,59966,58411,1001,0,2001,1.008,0.0166,no
R-1292,35,universitaria,120000,0,0,0,71708,72047,67080,3200,3000,3700,0.5976,0.0446,no
R-1293,37,universitaria,10000,0,0,0,7841,7400,6770,1157,1000,103,0.7841,0.1476,no
R-1294,24,universitaria,20000,2,2,4,15166,14638,15582,0,1500,2500,0.7583,0.0,si
R-1295,29,posgrado,200000,0,0,6,137218,141808,151020,6808,11620,5000,0.6861,0.0496,no
R-1296,56,universitaria,50000,0,0,0,47060,48481,49505,2180,2204,656,0.9412,0.0463,no
R-1297,50,media,530000,0,0,0,219884,223526,206593,10000,10000,10000,0.4149,0.0455,no
R-1298,26,posgrado,190000,2,0,0,204297,106428,109736,6355,6500,5000,1.0752,0.0311,si
R-1299,39,posgrado,380000,0,0,0,6347,0,0,0,0,46350,0.0167,0.0,si
R-1300,30,universitaria,180000,0,0,0,145563,147348,143548,10035,5096,5000,0.8087,0.0689,no
R-1301,57,posgrado,50000,1,2,4,45608,44619,44856,0,1600,871,0.9122,0.0,si
R-1302,39,universitaria,50000,1,2,10,39966,37584,38423,0,3000,0,0.7993,0.0,no
R-1303,34,posgrado,30000,1,2,8,26921,27809,21658,1700,0,1800,0.8974,0.0631,no
R-1304,32,universitaria,240000,1,0,0,0,0,493,0,493,0,0.0,0.0,no
R-1305,24,media,20000,1,2,2,17231,15897,16232,0,1300,573,0.8616,0.0,no
R-1306,36,universitaria,20000,1,2,2,12564,12077,12779,0,1212,466,0.6282,0.0,si
R-1307,29,posgrado,220000,2,2,10,124820,126740,121910,6300,0,6000,0.5674,0.0505,si
R-1308,42,universitaria,260000,3,3,7,215521,210695,213758,0,8000,0,0.8289,0.0,si
R-1309,40,universitaria,30000,1,2,2,15526,14923,10936,0,1000,500,0.5175,0.0,no
R-1310,43,posgrado,300000,1,0,0,1352,2380,0,2380,0,970,0.0045,1.7604,no
R-1311,43,universitaria,60000,1,0,0,0,0,780,0,780,0,0.0,0.0,no
R-1312,45,universitaria,30000,0,0,0,17166,18578,20260,2000,2000,1000,0.5722,0.1165,no
R-1313,24,universitaria,30000,2,2,4,26133,28926,28167,3526,0,1168,0.8711,0.1349,no
R-1314,27,posgrado,140000,0,0,2,19484,20114,16606,2000,10063,0,0.1392,0.1026,si
R-1315,26,posgrado,300000,0,0,0,296186,290906,275061,20006,9000,10000,0.9873,0.0675,no
R-1316,21,universitaria,20000,0,0,0,18770,18410,18821,1400,1200,1000,0.9385,0.0746,no
R-1317,31,universitaria,500000,0,0,0,2181,5625,60201,5700,60207,1000,0.0044,2.6135,no
R-1318,47,posgrado,390000,1,0,0,0,3760,0,3760,0,0,0.0,3.0,no
R-1319,29,otra,210000,0,0,0,67931,65289,64778,12411,13000,12340,0.3235,0.1827,no
R-1320,23,universitaria,10000,0,0,4,7886,9085,7784,1500,1000,1000,0.7886,0.1902,si
R-1321,28,universitaria,90000,0,0,0,5580,0,0,0,0,0,0.062,0.0,no
R-1322,24,universitaria,30000,0,0,2,25063,22275,0,1545,0,1517,0.8354,0.0616,no
R-1323,29,universitaria,180000,0,0,4,100534,102971,108232,5364,8633,3600,0.5585,0.0534,no
R-1324,29,universitaria,230000,0,0,2,0,0,0,0,0,0,0.0,0.0,no
R-1325,46,posgrado,80000,0,0,0,78861,77719,45961,2435,1463,1039,0.9858,0.0309,no
R-1326,43,media,150000,0,0,0,150797,52509,50683,3008,2014,1599,1.0053,0.0199,no
R-1327,32,posgrado,500000,1,1,3,48169,53197,63010,20000,20012,10036,0.0963,0.4152,no
R-1328,30,universitaria,120000,0,0,0,84094,85804,86212,3081,4001,3114,0.7008,0.0366,no
R-1329,31,posgrado,210000,0,0,0,40167,41518,43023,2000,2500,2000,0.1913,0.0498,no
R-1330,25,posgrado,50000,0,0,2,13572,17983,15590,5000,200,10610,0.2714,0.3684,no
R-1331,45,universitaria,50000,0,0,0,46188,14082,15021,1261,1200,300,0.9238,0.0273,no
R-1332,29,universitaria,310000,0,0,0,182202,162547,140911,5118,3758,3901,0.5877,0.0281,no
R-1333,47,media,30000,0,0,2,27609,30791,29913,3630,0,1300,0.9203,0.1315,no
R-1334,53,posgrado,380000,0,0,0,360,360,360,360,360,720,0.0009,1.0,no
R-1335,33,posgrado,280000,0,0,0,0,0,0,0,0,0,0.0,0.0,no
R-1336,25,universitaria,100000,2,0,0,97614,50976,-212,3000,0,0,0.9761,0.0307,si
R-1337,45,posgrado,30000,0,0,2,27990,27632,27992,1850,4700,1000,0.933,0.0661,no
R-1338,42,posgrado,210000,0,0,0,2295,6072,8319,6090,8369,5346,0.0109,2.6536,no
R-1339,27,posgrado,120000,0,0,0,22027,51757,113157,35000,100000,0,0.1836,1.589,no
R-1340,27,posgrado,180000,0,0,0,13895,14385,13190,5000,3000,8700,0.0772,0.3598,no
R-1341,46,posgrado,400000,0,0,0,31864,34538,31648,4237,4000,100000,0.0797,0.133,no
R-1342,32,universitaria,220000,0,0,0,183718,172250,175771,6243,6376,7942,0.8351,0.034,si
R-1343,37,posgrado,110000,0,0,4,106658,111694,112131,10800,3808,0,0.9696,0.1013,no
R-1344,26,universitaria,20000,1,5,14,13242,12762,12276,0,0,0,0.6621,0.0,si
R-1345,36,media,130000,0,0,0,42553,43606,44577,1740,1711,1587,0.3273,0.0409,no
R-1346,25,posgrado,20000,1,2,4,17147,19557,18935,3000,0,653,0.8574,0.175,si
R-1347,36,universitaria,230000,0,0,0,3786,2894,1200,2914,1406,2735,0.0165,0.7697,no
R-1348,38,posgrado,210000,0,0,0,103310,111472,79503,107651,2861,2388,0.492,1.042,no
R-1349,30,otra,360000,0,0,0,40250,23022,12272,23000,12280,25007,0.1118,0.5714,no
R-1350,40,universitaria,500000,0,0,0,2231,-9,2312,0,2321,2928,0.0045,0.0,no
R-1351,42,media,70000,0,0,0,69470,70279,70207,3085,2808,2455,0.9924,0.0444,no
R-1352,38,universitaria,110000,2,2,6,96898,96071,93321,4826,5,4000,0.8809,0.0498,si
R-1353,36,otra,200000,0,0,0,2353,2957,738,3011,747,4164,0.0118,1.2796,no
R-1354,39,media,130000,0,0,2,133825,134495,133745,7500,10000,0,1.0294,0.056,no
R-1355,31,universitaria,230000,0,0,0,5070,4317,1421,4317,1421,10452,0.022,0.8515,no
R-1356,29,media,30000,2,0,6,23136,24205,28318,1744,4857,1200,0.7712,0.0754,si
R-1357,63,posgrado,590000,0,0,0,630458,646770,693131,28000,61115,325000,1.0686,0.0444,no
R-1358,28,media,160000,0,0,0,38660,38942,39787,2500,1877,2000,0.2416,0.0647,no
R-1359,29,posgrado,280000,0,0,0,2187,1461,53603,1469,53871,981,0.0078,0.6717,no
R-1360,44,universitaria,260000,1,0,0,0,0,0,0,0,0,0.0,0.0,si
R-1361,35,posgrado,360000,1,0,0,0,0,0,0,0,0,0.0,0.0,no
R-1362,28,posgrado,220000,0,0,0,127021,132595,102667,28500,5000,9604,0.5774,0.2244,no
R-1363,59,media,50000,0,0,0,50739,50142,18894,1500,1500,1000,1.0148,0.0296,no
R-1364,51,posgrado,260000,1,0,0,-200,-200,-200,0,0,6882,-0.0008,0.0,no
R-1365,33,universitaria,500000,0,0,0,3311,4254,2234,4019,2019,5025,0.0066,1.2138,no
R-1366,50,universitaria,160000,0,0,0,1261,2261,1390,2261,1390,390,0.0079,1.793,si
R-1367,40,universitaria,80000,0,0,0,82150,0,0,0,0,0,1.0269,0.0,si
R-1368,26,universitaria,30000,1,2,4,5231,6299,6052,1300,0,500,0.1744,0.2485,si
R-1369,31,universitaria,180000,0,0,0,176731,177490,178659,6814,7756,4788,0.9818,0.0386,no
R-1370,38,posgrado,50000,0,0,0,390,770,580,770,590,1400,0.0078,1.9744,si
R-1371,29,universitaria,140000,0,0,0,43030,44335,45351,2000,1755,1721,0.3074,0.0465,no
R-1372,25,universitaria,50000,0,0,2,6302,7993,8506,1800,800,500,0.126,0.2856,si
R-1373,45,posgrado,450000,1,0,0,0,0,0,0,0,0,0.0,0.0,no
R-1374,49,universitaria,500000,0,0,0,371,3523,483,3540,485,13052,0.0007,3.0,no
R-1375,27,posgrado,60000,0,0,2,3136,1286,1047,1286,1047,0,0.0523,0.4101,no
R-1376,41,posgrado,220000,0,0,0,30262,37068,14271,37092,10071,9884,0.1376,1.2257,no
R-1377,55,posgrado,520000,0,0,0,2292,5139,8290,5227,8309,35026,0.0044,2.2805,no
R-1378,29,posgrado,210000,0,0,2,27371,871,871,871,871,2042,0.1303,0.0318,no
R-1379,41,media,20000,0,0,2,16208,16942,18255,1300,1600,813,0.8104,0.0802,no
R-1380,43,media,310000,0,0,0,4323,650,10453,650,10453,202,0.0139,0.1504,no
R-1381,32,universitaria,50000,0,0,0,37293,35441,26265,1634,1420,391,0.7459,0.0438,no
R-1382,41,universitaria,150000,0,0,0,2371,40800,1995,40824,2340,0,0.0158,3.0,no
R-1383,28,universitaria,190000,0,0,0,43072,43537,41016,3768,3500,2500,0.2267,0.0875,no
R-1384,24,universitaria,20000,0,0,0,19043,20210,18091,1500,1408,5000,0.9522,0.0788,no
R-1385,25,universitaria,200000,0,0,0,22371,24569,28630,2569,4500,1800,0.1119,0.1148,no
R-1386,35,posgrado,470000,0,0,0,270005,262579,248080,9500,9000,8086,0.5745,0.0352,no
R-1387,51,universitaria,50000,0,0,0,31281,30832,20497,2556,1582,811,0.6256,0.0817,no
R-1388,53,universitaria,80000,1,2,6,9715,9415,11254,0,2000,0,0.1214,0.0,no
R-1389,32,universitaria,430000,1,0,0,0,2500,0,2500,0,0,0.0,3.0,si
R-1390,55,media,210000,0,0,0,217016,204418,204377,8049,9000,6000,1.0334,0.0371,si
R-1391,29,universitaria,160000,0,0,0,36134,21827,421,21000,421,421,0.2258,0.5812,si
R-1392,29,posgrado,100000,2,2,8,48186,48924,47837,1800,0,4321,0.4819,0.0374,si
R-1393,41,universitaria,200000,0,0,0,-780,-783,909,0,1692,2004,-0.0039,0.0,no
R-1394,42,media,120000,0,0,0,2207,263,4531,263,4531,0,0.0184,0.1192,no
R-1395,31,posgrado,20000,1,3,5,16170,15646,14020,0,5,1925,0.8085,0.0,si
R-1396,38,media,130000,1,0,0,0,0,0,0,0,0,0.0,0.0,no
R-1397,34,posgrado,460000,1,0,0,-258,-258,-258,0,0,1467,-0.0006,0.0,no
R-1398,47,universitaria,130000,0,0,0,85317,86865,88760,3813,4013,1274,0.6563,0.0447,no
R-1399,30,posgrado,250000,0,0,2,1923,-574,2533,900,4500,0,0.0077,0.468,si
R-1400,35,universitaria,30000,0,0,2,11359,27657,26745,27657,0,1000,0.3786,2.4348,no
R-1401,30,posgrado,130000,2,2,8,124651,128263,129669,7100,5000,5000,0.9589,0.057,si
R-1402,42,posgrado,340000,0,0,0,308023,327245,206832,27245,9184,1682,0.906,0.0885,no
R-1403,39,universitaria,340000,0,0,0,308286,315601,318616,13775,10631,8900,0.9067,0.0447,no
R-1404,25,posgrado,60000,2,2,13,38050,39147,38223,2000,0,6000,0.6342,0.0526,si
R-1405,22,universitaria,50000,0,0,0,55100,52440,47080,2372,2149,1203,1.102,0.043,no
R-1406,30,universitaria,100000,2,2,10,96638,98491,99983,4300,4000,3100,0.9664,0.0445,si
R-1407,35,universitaria,100000,2,2,6,24524,27313,26580,3500,0,1000,0.2452,0.1427,no
R-1408,42,universitaria,140000,0,0,0,3726,2826,1646,2846,1646,4500,0.0266,0.7638,no
R-1409,39,posgrado,240000,1,0,0,0,0,0,0,0,0,0.0,0.0,no
R-1410,54,media,230000,0,0,0,1227,784,1854,784,1854,396,0.0053,0.639,no
R-1411,24,posgrado,40000,0,0,0,28140,32343,39717,5000,8017,7000,0.7035,0.1777,si
R-1412,27,media,70000,2,2,10,27241,30416,29628,3628,0,3218,0.3892,0.1332,si
R-1413,30,universitaria,50000,0,0,0,49259,47114,83908,2500,3320,2000,0.9852,0.0508,no
R-1414,27,universitaria,300000,0,0,0,0,0,0,0,0,0,0.0,0.0,no
R-1415,30,universitaria,180000,0,0,0,63182,64274,55112,2166,2002,2200,0.351,0.0343,no
R-1416,32,posgrado,320000,0,0,0,-1,-1,-1,0,0,0,-0.0,0.0,si
R-1417,36,universitaria,500000,1,0,0,226,8546,121867,9125,126768,3468,0.0005,3.0,no
R-1418,29,universitaria,30000,2,0,0,28603,28785,0,1000,0,0,0.9534,0.035,si
R-1419,51,universitaria,20000,0,0,0,10400,0,0,0,0,0,0.52,0.0,si
R-1420,61,universitaria,500000,1,0,0,0,0,0,0,0,0,0.0,0.0,si
R-1421,35,posgrado,240000,0,0,0,5770,10412,4578,10420,1150,5928,0.024,1.8059,no
R-1422,26,universitaria,150000,0,0,2,10693,13188,19902,3000,7000,3500,0.0713,0.2806,si
R-1423,35,universitaria,80000,0,0,0,7961,15290,1806,20004,1806,0,0.0995,2.5127,no
R-1424,33,universitaria,200000,0,0,0,23762,25944,26988,4000,2000,600,0.1188,0.1683,no
R-1425,26,posgrado,150000,0,0,2,29712,28045,31732,3200,6300,0,0.1981,0.1077,no
R-1426,41,posgrado,450000,0,0,2,2663,3146,3246,2146,1623,0,0.0059,0.8059,no
R-1427,29,posgrado,90000,0,0,0,9124,10220,12044,10000,10016,25000,0.1014,1.096,no
R-1428,32,posgrado,140000,0,0,6,9556,6434,5413,3000,0,5000,0.0683,0.3139,no
R-1429,56,universitaria,30000,2,2,11,26008,27091,27648,1800,1300,2400,0.8669,0.0692,si
R-1430,45,posgrado,130000,0,0,0,58180,59134,61156,2886,2908,2129,0.4475,0.0496,no
R-1431,38,posgrado,20000,0,0,2,16787,17912,18706,1700,1400,1684,0.8394,0.1013,no
R-1432,24,universitaria,30000,0,0,0,12800,0,0,0,0,90,0.4267,0.0,no
R-1433,53,universitaria,20000,0,0,0,8847,10202,11227,1500,1500,400,0.4424,0.1695,no
R-1434,24,universitaria,20000,2,2,13,15586,16649,16090,1609,0,5148,0.7793,0.1032,si
R-1435,28,universitaria,300000,2,0,0,296665,300861,263571,11500,9000,8000,0.9889,0.0388,no
R-1436,39,universitaria,20000,0,0,0,14154,15179,16191,1258,1270,591,0.7077,0.0889,no
R-1437,28,universitaria,150000,0,0,0,8200,2500,7500,2500,7500,11478,0.0547,0.3049,no
R-1438,54,posgrado,210000,0,0,0,16355,18063,18077,3000,2000,3000,0.0779,0.1834,no
R-1439,27,universitaria,150000,0,0,0,134492,138107,89238,6000,7000,2200,0.8966,0.0446,no
R-1440,23,universitaria,50000,0,0,0,836,836,1616,836,1616,0,0.0167,1.0,si
R-1441,42,media,360000,0,0,0,0,0,0,0,0,0,0.0,0.0,si
R-1442,36,universitaria,20000,2,2,4,10360,13336,13307,3467,486,545,0.518,0.3347,no
R-1443,38,posgrado,100000,2,2,10,37160,39750,40298,3500,1500,1500,0.3716,0.0942,si
R-1444,32,universitaria,180000,0,0,0,8135,12621,17987,5000,15000,0,0.0452,0.6146,no
R-1445,34,media,150000,0,0,0,19130,10000,8000,1000,8000,2000,0.1275,0.0523,no
R-1446,41,media,240000,1,0,0,-2225,-8523,-10951,12,16,103751,-0.0093,3.0,no
R-1447,40,posgrado,430000,0,0,0,6112,10548,31401,10590,31448,417588,0.0142,1.7327,no
R-1448,49,media,90000,0,0,0,10242,10930,10549,2006,2012,3022,0.1138,0.1959,no
R-1449,23,universitaria,90000,2,3,12,82623,86621,84369,5900,0,0,0.918,0.0714,si
R-1450,30,universitaria,80000,0,0,0,11976,10010,10982,1185,1157,500,0.1497,0.0989,no
R-1451,42,universitaria,240000,0,0,0,3328,164327,10690,164820,11728,7738,0.0139,3.0,no
R-1452,31,universitaria,140000,0,0,0,50822,52468,52238,2473,2000,2000,0.363,0.0487,no
R-1453,40,posgrado,330000,0,0,0,2573,1800,-910,1800,0,594,0.0078,0.6996,no
R-1454,24,posgrado,140000,0,0,4,6265,7300,1934,2198,5,0,0.0448,0.3508,si
R-1455,31,media,260000,0,0,0,257920,256117,232981,10036,8185,6715,0.992,0.0389,no
R-1456,31,posgrado,580000,0,0,0,2507,2174,6527,2190,6558,1825,0.0043,0.8736,no
R-1457,39,universitaria,20000,2,0,0,20264,20328,19299,1500,1500,900,1.0132,0.074,si
R-1458,66,posgrado,310000,0,0,0,259874,236662,220421,8874,7984,8029,0.8383,0.0341,si
R-1459,54,universitaria,220000,0,0,2,264,1138,3874,1138,3000,264,0.0012,3.0,no
R-1460,28,universitaria,150000,0,0,0,108,-218,63174,0,65748,1537,0.0007,0.0,no
R-1461,31,universitaria,80000,0,0,0,0,0,0,0,0,0,0.0,0.0,no
R-1462,27,universitaria,30000,2,2,10,15191,16144,16383,1500,800,700,0.5064,0.0987,si
R-1463,36,universitaria,140000,0,0,4,134783,142708,143475,12800,5000,0,0.9627,0.095,no
R-1464,27,universitaria,130000,2,0,2,54921,55055,54804,2000,6844,0,0.4225,0.0364,no
R-1465,30,posgrado,260000,0,0,0,89538,82621,78236,4000,2092,1333,0.3444,0.0447,no
R-1466,43,universitaria,70000,0,0,0,16186,3680,4540,2000,4540,39994,0.2312,0.1236,no
R-1467,34,universitaria,50000,0,0,0,588,592,390,592,390,390,0.0118,1.0068,no
R-1468,32,otra,50000,0,0,0,10335,9538,6793,1200,1024,163,0.2067,0.1161,no
R-1469,26,posgrado,50000,1,0,0,0,0,0,0,0,0,0.0,0.0,no
R-1470,36,posgrado,230000,0,0,0,2078,380,2100,380,2100,530,0.009,0.1829,no
R-1471,42,universitaria,20000,0,0,4,16070,19107,18506,3300,0,900,0.8035,0.2054,no
R-1472,50,media,120000,0,0,0,390,0,780,0,780,0,0.0032,0.0,si
R-1473,33,posgrado,110000,0,0,0,165090,106448,103618,4259,3212,28246,1.5008,0.0258,no
R-1474,22,universitaria,10000,1,0,0,0,1000,0,1000,0,0,0.0,3.0,si
R-1475,51,media,50000,0,0,0,25577,26352,16846,1269,1284,1000,0.5115,0.0496,no
R-1476,31,universitaria,240000,2,0,0,71876,72382,72155,3100,2400,2367,0.2995,0.0431,si
R-1477,26,media,60000,0,0,0,38726,39764,41084,1663,1983,1640,0.6454,0.0429,no
R-1478,32,media,150000,0,0,0,113932,87187,81491,2500,3000,2000,0.7595,0.0219,si
R-1479,30,universitaria,260000,0,0,0,34405,52512,52263,20000,1826,1971,0.1323,0.5813,no
R-1480,41,universitaria,500000,0,0,0,171565,184782,152365,20241,20154,20019,0.3431,0.118,no
R-1481,36,universitaria,200000,0,0,0,190120,194533,194175,9000,9000,8000,0.9506,0.0473,si
R-1482,42,universitaria,30000,0,0,0,9801,10535,11552,1200,1200,573,0.3267,0.1224,si
R-1483,31,universitaria,170000,0,0,0,2908,3408,2908,3408,2908,9283,0.0171,1.1719,no
R-1484,32,posgrado,330000,0,0,0,162657,151305,138277,5500,4723,5500,0.4929,0.0338,no
R-1485,30,universitaria,30000,3,2,4,30583,29901,0,389,0,0,1.0194,0.0127,no
R-1486,29,posgrado,490000,0,0,0,4301,16230,28800,16388,28800,0,0.0088,3.0,no
R-1487,28,universitaria,150000,0,0,0,12272,4447,5228,4447,1000,1623,0.0818,0.3624,no
R-1488,45,universitaria,80000,0,0,0,390,390,390,390,390,390,0.0049,1.0,no
R-1489,45,universitaria,320000,0,0,0,1471,5184,4144,5318,4160,6296,0.0046,3.0,no
R-1490,32,universitaria,270000,0,0,0,3979,511,10069,511,10069,186,0.0147,0.1284,no
R-1491,31,posgrado,330000,0,0,0,163406,137664,3381,7558,5000,42054,0.4952,0.0463,no
R-1492,36,posgrado,70000,2,2,10,50016,48941,51809,0,4000,0,0.7145,0.0,si
R-1493,54,universitaria,210000,2,0,0,471,176,195,176,195,485,0.0022,0.3737,no
R-1494,47,universitaria,110000,2,2,10,53016,56532,57502,5000,2500,2500,0.482,0.0943,si
R-1495,38,universitaria,140000,0,0,2,141453,132415,130305,8000,3100,3000,1.0104,0.0566,no
R-1496,23,universitaria,80000,2,2,6,20661,22515,23339,2500,1500,1000,0.2583,0.121,no
R-1497,30,universitaria,20000,0,0,0,12755,832,2800,832,1000,900,0.6378,0.0652,no
R-1498,29,media,70000,0,0,2,24336,25510,24726,3010,0,875,0.3477,0.1237,no
R-1499,48,universitaria,340000,0,0,0,73627,75052,76022,3870,3819,2823,0.2166,0.0526,no
R-1500,30,universitaria,30000,2,2,10,20732,21451,20808,1347,0,1300,0.6911,0.065,si
R-1501,36,posgrado,260000,1,2,10,2111,545,2332,0,2007,0,0.0081,0.0,si
R-1502,38,universitaria,100000,0,0,0,89842,82669,70018,4025,2511,1523,0.8984,0.0448,no
R-1503,42,posgrado,260000,0,0,0,78,984,0,984,0,0,0.0003,3.0,no
R-1504,22,universitaria,30000,0,0,0,30719,30123,30112,1900,1626,1267,1.024,0.0619,no
R-1505,56,universitaria,360000,0,0,0,500090,477461,455591,15900,16489,14128,1.3891,0.0318,no
R-1506,46,universitaria,200000,0,0,0,722,9086,9213,9086,9219,147,0.0036,3.0,no
R-1507,27,posgrado,130000,1,0,0,0,1483,2450,1483,1000,0,0.0,3.0,no
R-1508,24,universitaria,80000,0,0,2,2152,3832,3587,2245,0,267,0.0269,1.0432,si
R-1509,48,media,20000,0,0,0,19590,19120,18932,1308,1593,800,0.9795,0.0668,no
R-1510,41,posgrado,250000,0,0,0,390,390,390,390,390,1130,0.0016,1.0,si
R-1511,32,posgrado,230000,0,0,0,2785,3943,3126,1223,1000,0,0.0121,0.4391,no
R-1512,49,media,30000,0,0,0,15966,240,17433,262,20416,852,0.5322,0.0164,no
R-1513,30,posgrado,150000,1,2,4,44820,14657,20950,0,20962,1,0.2988,0.0,no
R-1514,36,media,200000,0,0,0,45810,0,0,0,0,0,0.229,0.0,si
R-1515,23,media,20000,0,0,4,20030,18808,17080,1600,1300,1500,1.0015,0.0799,no
R-1516,35,universitaria,110000,0,0,0,48131,73221,74341,32123,3000,1800,0.4376,0.6674,si
R-1517,29,posgrado,50000,0,0,0,16645,18368,20053,2000,2000,1000,0.3329,0.1202,no
R-1518,38,media,410000,0,0,0,4822,232,2255,233,2266,2558,0.0118,0.0483,no
R-1519,38,posgrado,200000,0,0,6,180486,183076,195535,7000,15500,0,0.9024,0.0388,no
R-1520,47,media,80000,0,0,0,78415,80093,74598,3369,1688,694,0.9802,0.043,si
R-1521,31,universitaria,160000,0,0,0,24645,24956,25819,1420,1699,1050,0.154,0.0576,no
R-1522,30,universitaria,150000,1,2,2,36472,33947,35518,0,5035,5000,0.2431,0.0,si
R-1523,23,posgrado,20000,0,0,0,19082,19286,19637,1321,1400,1000,0.9541,0.0692,no
R-1524,30,posgrado,240000,1,0,0,0,0,0,0,0,0,0.0,0.0,si
R-1525,44,media,190000,1,0,2,-1600,2400,2184,4000,0,0,-0.0084,3.0,no
R-1526,28,posgrado,30000,0,0,0,36541,17625,26243,5000,11000,3000,1.218,0.1368,no
R-1527,44,media,250000,0,0,0,6826,3900,4482,3924,4482,43676,0.0273,0.5749,si
R-1528,22,universitaria,80000,0,0,0,80491,64868,51936,2327,1687,1052,1.0061,0.0289,no
R-1529,40,universitaria,90000,1,2,4,89762,90395,87428,3000,2773,2402,0.9974,0.0334,no
R-1530,29,posgrado,460000,0,0,0,170894,160223,160894,7018,7000,7002,0.3715,0.0411,no
R-1531,38,media,80000,0,0,4,6270,14412,12540,19421,0,0,0.0784,3.0,si
R-1532,27,universitaria,70000,1,2,6,48098,47922,51806,881,4700,4700,0.6871,0.0183,si
R-1533,37,universitaria,240000,0,0,0,280110,281104,286048,10000,15002,9000,1.1671,0.0357,no
R-1534,30,universitaria,220000,0,0,0,18301,20161,24621,2026,10040,1000,0.0832,0.1107,no
R-1535,23,universitaria,30000,1,2,6,27171,27429,26571,1000,1800,2300,0.9057,0.0368,no
R-1536,46,universitaria,360000,1,0,0,0,0,0,0,0,0,0.0,0.0,si
R-1537,28,universitaria,70000,0,0,0,45738,36105,27484,4016,2000,2000,0.6534,0.0878,si
R-1538,27,universitaria,50000,0,0,2,50679,45126,37800,2033,1900,51457,1.0136,0.0401,si
R-1539,46,universitaria,20000,0,0,0,780,0,1170,0,1170,0,0.039,0.0,si
R-1540,25,universitaria,90000,2,2,4,41757,42797,41814,2001,0,2000,0.464,0.0479,si
R-1541,49,media,50000,0,0,0,34461,35582,40610,2000,6000,2000,0.6892,0.058,no
R-1542,42,posgrado,200000,0,0,0,1347,208,1582,208,1677,3607,0.0067,0.1544,si
R-1543,29,media,50000,0,0,0,47863,48261,19258,2000,2000,1000,0.9573,0.0418,no
R-1544,40,media,70000,0,0,0,65198,65674,58599,2924,1924,1726,0.9314,0.0448,no
R-1545,43,universitaria,70000,0,0,0,66083,67681,40849,3017,2025,58,0.944,0.0457,no
R-1546,29,posgrado,250000,0,0,0,12044,3260,4037,3276,4057,1196,0.0482,0.272,no
R-1547,51,media,10000,1,2,6,2731,2541,3499,0,1000,1000,0.2731,0.0,no
R-1548,25,universitaria,70000,0,0,0,19508,19633,19685,2000,2000,1000,0.2787,0.1025,no
R-1549,41,universitaria,110000,0,0,0,120767,133593,125852,24800,4400,4300,1.0979,0.2054,no
R-1550,26,universitaria,50000,0,0,0,5385,4754,-43,2000,0,1800,0.1077,0.3714,no
R-1551,34,universitaria,140000,0,0,0,711,711,711,711,711,10976,0.0051,1.0,si
R-1552,26,posgrado,100000,0,0,6,64086,68836,69704,6005,2600,2600,0.6409,0.0937,no
R-1553,23,universitaria,20000,0,0,0,15879,15441,9124,4000,2000,10000,0.794,0.2519,no
R-1554,46,posgrado,110000,0,0,0,106111,108698,105666,5015,4081,2101,0.9646,0.0473,no
R-1555,27,universitaria,30000,2,2,19,1200,1200,1200,0,0,0,0.04,0.0,no
R-1556,24,universitaria,30000,1,2,6,27262,26545,28590,0,2800,0,0.9087,0.0,si
R-1557,28,universitaria,90000,0,0,0,45537,43173,36230,3000,2500,2000,0.506,0.0659,no
R-1558,25,posgrado,300000,1,5,17,315632,309330,302869,0,0,10000,1.0521,0.0,si
R-1559,21,universitaria,20000,0,0,2,13660,15056,15400,2000,1000,0,0.683,0.1464,no
R-1560,28,media,100000,0,0,0,7220,13677,49773,13695,49813,50054,0.0722,1.8968,no
R-1561,44,universitaria,60000,0,0,0,57657,54173,67300,3400,1650,1180,0.961,0.059,no
R-1562,25,posgrado,310000,0,0,0,184538,153625,142810,5019,3872,3147,0.5953,0.0272,no
R-1563,24,universitaria,80000,2,2,10,23787,23124,26700,0,4300,1100,0.2973,0.0,si
R-1564,33,universitaria,240000,0,0,0,1863,15172,8930,15172,8930,0,0.0078,3.0,si
R-1565,31,posgrado,440000,0,0,0,21359,18905,16540,5023,3024,1043,0.0485,0.2352,no
R-1566,41,posgrado,160000,0,0,0,396,396,396,396,396,0,0.0025,1.0,si
R-1567,29,universitaria,60000,2,2,10,56252,57760,58250,3000,2100,0,0.9375,0.0533,si
R-1568,35,posgrado,170000,0,0,0,736,316,1970,1289,1970,1132,0.0043,1.7514,no
R-1569,48,posgrado,140000,0,0,0,5349,2210,5472,2216,5472,0,0.0382,0.4143,no
R-1570,55,media,50000,0,0,0,47860,47294,45136,1936,3654,1038,0.9572,0.0405,no
R-1571,27,posgrado,180000,0,0,0,95757,98098,101255,3880,5114,3238,0.532,0.0405,no
R-1572,29,posgrado,80000,0,0,0,928,4844,3305,4844,3326,3287,0.0116,3.0,no
R-1573,47,universitaria,440000,1,0,0,-6,1160,1807,1166,1891,0,-0.0,3.0,si
R-1574,35,universitaria,240000,0,0,0,179662,180787,181379,7003,8000,8000,0.7486,0.039,no
R-1575,50,media,50000,0,0,0,9404,10745,12058,1500,1500,1400,0.1881,0.1595,no
R-1576,36,universitaria,20000,0,0,0,9845,5419,6098,3000,2000,1000,0.4922,0.3047,no
R-1577,48,universitaria,310000,0,0,0,0,0,0,0,0,0,0.0,0.0,no
R-1578,48,media,330000,1,0,0,0,571,0,571,0,11942,0.0,3.0,no
R-1579,35,media,50000,0,0,0,33507,32401,7087,1108,1118,258,0.6701,0.0331,no
R-1580,26,posgrado,20000,0,0,0,18362,19669,16479,1640,1506,721,0.9181,0.0893,no
R-1581,46,media,160000,0,0,0,1672,766,762,766,762,762,0.0104,0.4581,no
R-1582,34,media,50000,0,2,4,780,780,0,0,0,0,0.0156,0.0,no
R-1583,25,posgrado,70000,0,0,0,66738,68601,65615,3005,3000,2500,0.9534,0.045,si
R-1584,33,posgrado,130000,0,0,0,2629,9995,7267,9900,4300,2000,0.0202,3.0,no
R-1585,28,posgrado,330000,0,0,0,1127,13030,14922,13030,2500,3000,0.0034,3.0,no
R-1586,21,media,30000,2,2,4,28309,31229,29752,3700,0,0,0.9436,0.1307,no
R-1587,32,posgrado,360000,0,0,0,42524,53303,3924,53563,3924,43900,0.1181,1.2596,no
R-1588,55,posgrado,160000,0,0,0,152162,154715,155026,6500,4270,2518,0.951,0.0427,no
R-1589,25,universitaria,90000,0,0,0,81694,78656,78054,3609,5000,4000,0.9077,0.0442,no
R-1590,31,universitaria,380000,0,0,0,200932,190991,175028,10000,10000,5849,0.5288,0.0498,no
R-1591,36,posgrado,270000,0,0,0,3458,3833,9791,3833,9791,10532,0.0128,1.1084,no
R-1592,32,media,70000,0,0,0,65460,65721,45492,2352,2030,1800,0.9351,0.0359,si
R-1593,31,posgrado,380000,0,0,0,331697,332339,322995,15000,15000,20019,0.8729,0.0452,no
R-1594,41,media,360000,2,0,0,218,7022,9744,7022,3001,80000,0.0006,3.0,no
R-1595,51,universitaria,20000,0,0,0,10400,0,0,0,0,2000,0.52,0.0,no
R-1596,29,universitaria,180000,0,0,0,122024,123228,120339,4500,4300,4200,0.6779,0.0369,no
R-1597,32,universitaria,300000,0,0,0,170379,142384,72350,6600,3750,0,0.5679,0.0387,no
R-1598,36,posgrado,420000,0,2,2,860,430,2010,0,2010,6058,0.002,0.0,no
R-1599,36,posgrado,220000,0,0,0,16783,4861,2267,4880,2267,1350,0.0763,0.2908,no
R-1600,27,media,90000,2,2,6,90221,91898,91334,4000,2090,0,1.0025,0.0443,si
R-1601,35,universitaria,500000,0,0,0,207237,224007,275615,20001,30168,6022,0.4145,0.0965,no
R-1602,28,posgrado,360000,0,0,0,26349,1245,2043,4045,2043,265,0.0732,0.1535,no
R-1603,52,otra,550000,0,0,0,277376,266532,256321,6001,6016,19753,0.5043,0.0216,no
R-1604,27,posgrado,130000,0,0,0,1960,0,0,0,0,0,0.0151,0.0,no
R-1605,40,universitaria,420000,0,0,0,3976,2892,2890,2916,7898,3401,0.0095,0.7334,si
R-1606,53,universitaria,90000,0,0,0,30045,30000,0,1000,0,0,0.3338,0.0333,no
R-1607,29,universitaria,200000,2,2,18,2500,2500,2500,0,0,0,0.0125,0.0,si
R-1608,37,posgrado,160000,0,0,0,153002,157427,158160,7812,6700,5000,0.9563,0.0511,no
R-1609,33,universitaria,80000,0,0,0,28496,16984,1155,1000,1155,0,0.3562,0.0351,no
R-1610,39,posgrado,380000,2,0,0,127449,130506,132838,6600,6000,6000,0.3354,0.0518,si
R-1611,34,universitaria,50000,1,2,6,51046,52337,51170,2400,0,3000,1.0209,0.047,si
R-1612,35,universitaria,10000,0,0,0,7026,8106,9363,1200,1400,500,0.7026,0.1708,no
R-1613,42,universitaria,120000,0,0,0,3135,4422,5540,1500,1200,1000,0.0261,0.4785,no
R-1614,41,universitaria,260000,0,0,0,2699,3543,500,3543,505,3540,0.0104,1.3127,no
R-1615,65,universitaria,330000,0,0,0,0,2500,0,2500,0,0,0.0,3.0,no
R-1616,29,posgrado,140000,0,0,2,1712,2304,978,2314,0,0,0.0122,1.3516,si
R-1617,57,universitaria,30000,0,0,0,29204,20564,16341,1400,1000,1000,0.9735,0.0479,no
R-1618,47,posgrado,180000,0,0,0,174648,104179,84940,5000,13000,3000,0.9703,0.0286,no
R-1619,51,universitaria,160000,0,0,2,67610,69908,78087,4000,10000,0,0.4226,0.0592,si
R-1620,29,posgrado,240000,0,0,0,61888,12310,12073,5022,4014,113,0.2579,0.0811,no
R-1621,42,posgrado,240000,0,0,0,72339,91045,91027,20000,2213,1030,0.3014,0.2765,no
R-1622,45,media,50000,0,0,0,29875,15028,5639,1700,1250,1000,0.5975,0.0569,no
R-1623,51,posgrado,270000,0,0,0,19984,2099,12985,2099,13056,0,0.074,0.105,si
R-1624,37,posgrado,110000,0,0,2,14519,16982,16002,3536,3,521,0.132,0.2435,no
R-1625,58,universitaria,90000,0,0,0,85818,88988,50780,5100,2200,2200,0.9535,0.0594,no
R-1626,51,universitaria,50000,0,0,4,15096,16541,18356,2000,2400,420,0.3019,0.1325,si
R-1627,26,universitaria,140000,0,0,0,9589,78122,79327,70000,3100,40000,0.0685,3.0,no
R-1628,37,universitaria,120000,0,0,0,874,0,0,0,0,0,0.0073,0.0,no
R-1629,22,universitaria,30000,1,2,8,28037,29055,28303,1745,0,3554,0.9346,0.0622,no
R-1630,46,media,50000,4,5,14,33100,32319,31499,0,0,0,0.662,0.0,si
R-1631,43,posgrado,160000,0,0,0,162,414,6437,414,6437,10428,0.001,2.5556,si
R-1632,34,posgrado,500000,0,0,0,8007,10556,14332,3000,4000,6500,0.016,0.3747,no
R-1633,34,universitaria,80000,0,0,0,0,0,0,0,0,0,0.0,0.0,no
R-1634,23,universitaria,60000,0,0,0,63709,64261,50243,2351,1237,422,1.0618,0.0369,si
R-1635,31,universitaria,180000,0,0,0,173517,160996,132054,10122,35206,40600,0.964,0.0583,no
R-1636,25,media,30000,0,0,2,22821,23846,24864,1397,1415,911,0.7607,0.0612,no
R-1637,32,posgrado,200000,0,0,2,5494,19614,628,19614,628,628,0.0275,3.0,si
R-1638,24,universitaria,50000,0,0,0,10834,11771,12762,1509,1500,605,0.2167,0.1393,no
R-1639,28,posgrado,140000,1,0,0,0,0,0,0,0,0,0.0,0.0,no
R-1640,29,posgrado,100000,2,2,10,74396,75317,77084,2700,3600,3100,0.744,0.0363,si
R-1641,27,universitaria,80000,0,0,0,26144,26625,3600,1075,1200,0,0.3268,0.0411,no
R-1642,47,universitaria,30000,0,0,2,24422,25480,26425,1455,1400,4500,0.8141,0.0596,si
R-1643,25,posgrado,80000,0,0,0,0,0,0,0,0,0,0.0,0.0,no
R-1644,36,universitaria,100000,0,0,0,21237,16723,15868,3013,4031,3012,0.2124,0.1419,no
R-1645,38,posgrado,50000,0,0,0,46179,38055,28857,1881,1683,1064,0.9236,0.0407,no
R-1646,45,media,320000,0,0,0,300598,308931,186223,14227,9334,4106,0.9394,0.0473,no
R-1647,43,universitaria,60000,0,0,0,58777,40584,12617,5005,5000,10216,0.9796,0.0852,no
R-1648,40,universitaria,100000,0,0,0,10228,50764,52520,50836,39033,524,0.1023,3.0,no
R-1649,39,universitaria,270000,0,0,0,116168,118661,121106,4173,4275,4054,0.4303,0.0359,no
R-1650,58,posgrado,480000,0,0,0,24610,-310,148544,4,149654,18885,0.0513,0.0002,si
R-1651,39,media,320000,0,0,0,3065,41679,8275,41679,8344,8275,0.0096,3.0,no
R-1652,38,posgrado,500000,0,0,0,913,9724,9350,9782,9350,6972,0.0018,3.0,no
R-1653,29,posgrado,80000,0,0,4,61565,62857,64773,2281,2961,5000,0.7696,0.0371,no
R-1654,23,posgrado,280000,0,0,0,262579,235354,199360,6453,6000,5334,0.9378,0.0246,no
R-1655,53,universitaria,80000,3,2,2,35637,34783,36198,0,2000,1500,0.4455,0.0,si
R-1656,36,media,200000,1,0,0,-5,-5,-5,0,0,3004,-0.0,0.0,no
R-1657,37,universitaria,230000,0,0,0,16302,15849,16884,1265,1300,1001,0.0709,0.0776,no
R-1658,34,posgrado,160000,1,0,0,5520,0,0,0,0,708,0.0345,0.0,no
R-1659,38,posgrado,170000,0,0,0,0,0,0,0,0,1012,0.0,0.0,no
R-1660,32,universitaria,220000,0,0,0,1565,3067,5797,3082,5820,1198,0.0071,1.9693,no
R-1661,39,universitaria,230000,0,0,0,35289,27678,13800,1646,1017,214,0.1534,0.0466,no
R-1662,43,posgrado,220000,0,0,0,7695,2701,98376,2725,98875,3893,0.035,0.3541,no
R-1663,34,posgrado,160000,0,0,0,430,430,430,430,430,850,0.0027,1.0,no
R-1664,39,universitaria,290000,0,0,0,58281,62061,65710,5000,5000,5000,0.201,0.0858,no
R-1665,27,posgrado,80000,1,0,0,0,0,0,0,0,8956,0.0,0.0,no
R-1666,26,universitaria,70000,0,0,0,23409,23174,26103,3003,5106,4026,0.3344,0.1283,si
R-1667,45,universitaria,20000,1,2,2,20011,10753,10853,0,10600,800,1.0006,0.0,si
R-1668,23,posgrado,50000,0,0,0,49061,47209,47471,2138,1400,431,0.9812,0.0436,si
R-1669,31,universitaria,50000,0,0,0,48640,49483,40850,2000,3000,0,0.9728,0.0411,no
R-1670,27,posgrado,30000,0,0,0,7843,2670,2670,2670,2670,2670,0.2614,0.3404,no
R-1671,58,media,150000,0,0,2,0,0,0,0,0,0,0.0,0.0,no
R-1672,36,universitaria,300000,0,2,4,1041,654,0,3,0,780,0.0035,0.0029,no
R-1673,26,universitaria,50000,0,0,0,48065,49237,29651,2500,1862,1150,0.9613,0.052,no
R-1674,35,universitaria,260000,0,0,0,188,188,188,188,188,188,0.0007,1.0,no
R-1675,22,universitaria,50000,2,2,4,50974,51688,50024,3000,0,800,1.0195,0.0589,no
R-1676,22,universitaria,10000,0,0,0,10063,8632,8775,1194,1027,176,1.0063,0.1187,no
R-1677,27,media,50000,1,2,6,18019,9946,10319,5559,2446,0,0.3604,0.3085,no
R-1678,29,universitaria,60000,2,2,10,40587,41642,40673,2000,0,3348,0.6764,0.0493,si
R-1679,32,posgrado,380000,0,0,0,41727,44178,82860,44178,89999,753,0.1098,1.0587,no
R-1680,26,media,100000,0,0,0,45807,47099,40027,5000,2500,3000,0.4581,0.1092,no
R-1681,49,media,40000,2,0,0,34470,31226,30321,2000,3000,3000,0.8618,0.058,si
R-1682,49,media,40000,0,0,0,34203,33885,34605,1880,1600,22703,0.8551,0.055,no
R-1683,38,posgrado,260000,0,0,0,3953,3953,3953,3953,3953,3953,0.0152,1.0,no
R-1684,33,media,200000,0,0,0,834,165,6682,165,6682,10000,0.0042,0.1978,no
R-1685,25,posgrado,20000,1,2,11,8483,10186,10871,2000,1000,0,0.4242,0.2358,si
R-1686,32,posgrado,150000,1,0,0,0,0,0,0,0,0,0.0,0.0,si
R-1687,37,universitaria,220000,2,0,2,48166,49164,46730,2100,3900,0,0.2189,0.0436,no
R-1688,38,universitaria,270000,0,0,0,11421,6060,4180,2000,1000,2,0.0423,0.1751,no
R-1689,25,universitaria,180000,0,0,2,169225,172888,182533,7800,14010,4,0.9401,0.0461,no
R-1690,49,universitaria,50000,2,0,0,50986,48599,17815,1325,1512,532,1.0197,0.026,no
R-1691,24,universitaria,50000,1,2,2,49469,42983,40307,0,2199,1000,0.9894,0.0,si
R-1692,46,universitaria,20000,1,2,6,16626,16071,19205,0,3473,1000,0.8313,0.0,si
R-1693,28,posgrado,30000,0,0,2,9262,11792,11311,3000,0,1000,0.3087,0.3239,si
R-1694,27,universitaria,140000,2,2,6,30121,33315,32485,4000,0,1500,0.2152,0.1328,no
R-1695,33,universitaria,170000,0,0,0,1870,0,400,0,400,1000,0.011,0.0,no
R-1696,39,media,230000,0,0,0,1876,1876,1876,1876,1876,2848,0.0082,1.0,no
R-1697,25,posgrado,80000,1,0,0,0,0,300,0,300,0,0.0,0.0,no
R-1698,23,universitaria,150000,0,0,0,27414,10053,151996,10096,156292,4700,0.1828,0.3683,no
R-1699,46,posgrado,40000,0,2,4,780,390,0,0,0,1170,0.0195,0.0,si
R-1700,31,posgrado,140000,0,0,0,1094,421,-6,422,0,2325,0.0078,0.3857,no
R-1701,27,universitaria,230000,0,0,0,396,396,396,396,396,396,0.0017,1.0,no
R-1702,55,media,90000,0,0,0,23379,23715,24310,1402,1387,1028,0.2598,0.06,no
R-1703,28,posgrado,240000,0,0,0,134245,137044,138197,4967,4916,4982,0.5594,0.037,no
R-1704,22,posgrado,20000,0,0,2,3978,5249,6362,1500,1362,1000,0.1989,0.3771,si
R-1705,41,universitaria,20000,0,0,0,9598,0,2889,0,2889,0,0.4799,0.0,no
R-1706,47,posgrado,30000,2,2,34,2400,2400,2400,0,0,0,0.08,0.0,si
R-1707,46,media,30000,6,5,14,33134,32351,31397,0,0,0,1.1045,0.0,no
R-1708,23,posgrado,110000,0,0,0,83914,85064,78997,4022,3300,2000,0.7629,0.0479,no
R-1709,33,posgrado,200000,0,0,0,5448,7616,14771,7616,14771,1973,0.0272,1.3979,no
R-1710,44,universitaria,10000,0,0,0,390,390,780,390,780,17585,0.039,1.0,si
R-1711,28,posgrado,290000,0,0,0,42601,34927,32034,5000,6010,5000,0.1469,0.1174,no
R-1712,32,posgrado,380000,0,0,0,326,24899,2816,24899,2816,11773,0.0009,3.0,no
R-1713,24,universitaria,50000,0,0,0,34695,38561,36086,6013,3011,1019,0.6939,0.1733,no
R-1714,50,universitaria,50000,0,0,0,50658,48999,49388,2357,1746,1628,1.0132,0.0465,no
R-1715,32,universitaria,240000,1,0,0,0,0,0,0,0,0,0.0,0.0,no
R-1716,30,posgrado,250000,0,0,0,156155,153647,153535,5560,6809,5443,0.6246,0.0356,no
R-1717,36,universitaria,310000,0,0,0,32782,33587,39572,11406,10773,10819,0.1057,0.3479,no
R-1718,41,universitaria,80000,0,0,0,52564,53681,56893,1963,4120,3069,0.657,0.0373,no
R-1719,29,universitaria,100000,2,0,0,42440,43303,35304,1599,2000,1500,0.4244,0.0377,si
R-1720,34,universitaria,50000,2,2,6,20377,19427,19590,1650,800,200,0.4075,0.081,no
R-1721,22,universitaria,80000,0,0,0,1812,390,388,390,388,1191,0.0226,0.2152,no
R-1722,45,universitaria,30000,1,2,6,14286,15304,14766,1542,0,539,0.4762,0.1079,si
R-1723,34,posgrado,210000,0,0,0,44947,45610,47836,2000,3000,3942,0.214,0.0445,no
R-1724,27,posgrado,80000,0,0,0,42653,46609,47306,5000,1801,5000,0.5332,0.1172,no
R-1725,44,universitaria,150000,0,0,0,39471,41515,43879,2636,3000,1528,0.2631,0.0668,no
R-1726,39,posgrado,180000,0,0,0,177893,134212,128505,6200,6000,5000,0.9883,0.0349,si
R-1727,37,universitaria,50000,0,0,0,23325,21940,20718,1400,1200,5000,0.4665,0.06,no
R-1728,22,universitaria,70000,0,0,0,24817,27424,28406,3018,1500,1000,0.3545,0.1216,no
R-1729,41,posgrado,220000,7,6,20,243234,238172,232446,0,0,0,1.1056,0.0,si
R-1730,25,posgrado,50000,0,0,0,34476,25857,26621,2000,1500,1000,0.6895,0.058,no
R-1731,60,posgrado,50000,0,0,0,50546,50854,50024,2112,1712,705,1.0109,0.0418,no
R-1732,53,media,390000,0,0,0,2820,513,55120,513,55120,2011,0.0072,0.1819,no
R-1733,37,universitaria,70000,2,2,10,44207,45305,46067,2100,1800,0,0.6315,0.0475,si
R-1734,50,universitaria,100000,0,0,0,23908,3360,560,1000,560,500,0.2391,0.0418,no
R-1735,64,posgrado,390000,1,0,0,0,0,0,0,0,0,0.0,0.0,si
R-1736,49,media,10000,0,2,4,1409,864,0,0,0,0,0.1409,0.0,si
R-1737,40,universitaria,200000,0,0,0,7236,12958,0,13003,0,2797,0.0362,1.797,no
R-1738,36,posgrado,220000,0,0,0,56477,32919,24175,9005,10000,15000,0.2567,0.1594,no
R-1739,23,universitaria,30000,3,3,13,29093,29532,29954,1200,1200,0,0.9698,0.0412,si
R-1740,61,universitaria,140000,0,0,0,131978,135760,127508,6000,3600,2500,0.9427,0.0455,no
R-1741,40,posgrado,200000,0,0,2,3061,13342,6143,13681,24,2991,0.0153,3.0,no
R-1742,35,posgrado,240000,0,0,0,0,0,0,0,0,2429,0.0,0.0,no
R-1743,41,universitaria,220000,1,2,2,6516,194,3619,0,3655,7069,0.0296,0.0,no
R-1744,31,posgrado,180000,1,0,0,0,0,0,0,0,0,0.0,0.0,si
R-1745,35,posgrado,220000,0,0,0,53419,53358,0,7000,0,0,0.2428,0.131,no
R-1746,22,universitaria,80000,0,0,0,2524,5097,6107,3000,1500,1500,0.0316,1.1886,no
R-1747,40,posgrado,200000,0,0,0,15596,1470,7289,1470,7289,0,0.078,0.0943,no
R-1748,38,universitaria,340000,0,0,0,8347,5190,612,2000,612,1429,0.0246,0.2396,no
R-1749,33,posgrado,450000,0,0,0,390,390,390,390,390,390,0.0009,1.0,no
R-1750,46,universitaria,200000,1,0,0,0,760,1281,760,1281,1328,0.0,3.0,no
R-1751,43,posgrado,230000,0,0,0,1156,10892,20039,10000,10000,10000,0.005,3.0,no
R-1752,41,universitaria,200000,0,0,0,193781,197132,195011,10000,7010,8000,0.9689,0.0516,no
R-1753,27,posgrado,30000,0,0,0,1784,6801,2118,6855,2118,4171,0.0595,3.0,no
R-1754,34,universitaria,330000,0,0,0,901,0,0,0,0,0,0.0027,0.0,no
R-1755,36,media,100000,2,0,2,38546,42298,42636,4400,1028,3120,0.3855,0.1141,no
R-1756,67,media,200000,0,0,0,188072,166668,159513,17014,15019,15000,0.9404,0.0905,no
R-1757,42,universitaria,100000,2,2,2,101494,98994,96845,13,3709,4000,1.0149,0.0001,si
R-1758,30,posgrado,350000,0,0,0,51672,31250,29178,13113,12110,15044,0.1476,0.2538,no
R-1759,28,media,20000,1,0,0,0,0,0,0,0,0,0.0,0.0,no
R-1760,46,universitaria,50000,0,0,0,45206,45836,49577,2362,20103,667,0.9041,0.0522,no
R-1761,31,universitaria,70000,0,0,4,6895,16381,18715,10000,3000,4100,0.0985,1.4503,si
R-1762,23,media,40000,2,2,4,34415,35170,34305,1600,0,1250,0.8604,0.0465,si
R-1763,41,posgrado,280000,0,0,0,5819,14656,8971,3683,9059,5787,0.0208,0.6329,no
R-1764,41,universitaria,240000,0,0,0,8435,169,1913,169,1921,150,0.0351,0.02,no
R-1765,34,universitaria,190000,0,0,0,139569,101823,100209,4500,40000,25000,0.7346,0.0322,no
R-1766,44,universitaria,60000,0,0,0,43221,41539,40356,2021,1918,1390,0.7204,0.0468,no
R-1767,29,posgrado,200000,0,0,0,295,1130,12791,1130,12791,28000,0.0015,3.0,no
R-1768,36,posgrado,240000,0,0,0,12181,6746,12104,6746,12104,2788,0.0508,0.5538,no
R-1769,30,posgrado,50000,0,0,6,45948,50813,45393,6012,10,8212,0.919,0.1308,no
R-1770,35,universitaria,280000,1,0,2,-3,146,146,149,0,1600,-0.0,3.0,no
R-1771,48,media,50000,0,0,0,1500,2000,1382,2000,1382,0,0.03,1.3333,no
R-1772,69,media,20000,0,0,0,18516,19193,18578,1700,2000,2000,0.9258,0.0918,no
R-1773,37,posgrado,140000,0,0,0,37625,38023,39577,1657,2211,1459,0.2688,0.044,no
R-1774,27,posgrado,20000,0,0,0,14088,8842,6653,1111,1009,7,0.7044,0.0789,no
R-1775,30,universitaria,360000,1,2,4,7102,6922,1861,1893,0,1457,0.0197,0.2665,no
R-1776,31,universitaria,160000,0,0,0,135320,146230,76660,5000,10000,5000,0.8458,0.0369,no
R-1777,44,posgrado,170000,0,0,0,10309,4944,28144,4944,28144,1883,0.0606,0.4796,no
R-1778,39,posgrado,120000,1,0,0,0,0,0,0,0,0,0.0,0.0,no
R-1779,25,universitaria,70000,0,0,0,63745,55670,47413,2294,2100,1600,0.9106,0.036,si
R-1780,42,universitaria,340000,0,0,0,14087,11007,16971,11013,17025,10734,0.0414,0.7818,no
R-1781,57,universitaria,80000,0,0,0,3072,2856,0,2856,0,0,0.0384,0.9297,no
R-1782,28,posgrado,100000,0,0,0,102697,100462,101879,4600,4000,4000,1.027,0.0448,no
R-1783,46,posgrado,220000,2,2,2,243517,228368,224414,0,10000,7200,1.1069,0.0,no
R-1784,32,universitaria,100000,0,0,0,54933,56151,56677,2700,2055,2500,0.5493,0.0492,no
R-1785,53,universitaria,10000,0,0,0,9269,10400,0,1400,0,0,0.9269,0.151,si
R-1786,32,posgrado,170000,1,0,0,0,0,0,0,0,0,0.0,0.0,si
R-1787,50,media,50000,0,0,0,45771,23343,0,2266,0,3400,0.9154,0.0495,no
R-1788,30,universitaria,50000,2,0,0,6425,4580,0,1050,0,0,0.1285,0.1634,si
R-1789,36,universitaria,200000,1,0,0,0,0,0,0,0,0,0.0,0.0,si
R-1790,35,posgrado,230000,0,0,0,4043,10609,4982,10670,5008,43736,0.0176,2.6391,no
R-1791,50,universitaria,100000,0,0,0,95549,98909,81181,5025,2939,18263,0.9555,0.0526,no
R-1792,34,universitaria,180000,0,0,0,181385,170946,171079,8194,8500,4600,1.0077,0.0452,si
R-1793,46,posgrado,380000,2,2,10,88069,90418,88327,4400,0,6300,0.2318,0.05,si
R-1794,39,universitaria,480000,0,0,0,428927,436425,300134,15000,30000,20000,0.8936,0.035,no
R-1795,32,universitaria,200000,0,0,0,1473,1473,390,1473,390,390,0.0074,1.0,no
R-1796,37,posgrado,330000,0,0,0,18807,15865,34284,2087,10054,2840,0.057,0.111,si
R-1797,23,universitaria,110000,0,0,0,34486,43872,45140,10000,2000,2500,0.3135,0.29,no
R-1798,46,media,130000,0,0,0,17505,18529,19545,1312,1328,1000,0.1347,0.075,si
R-1799,36,universitaria,250000,0,0,0,168899,174479,157088,10000,8300,5200,0.6756,0.0592,no
R-1800,28,posgrado,300000,0,0,2,24763,33484,31501,10700,0,2000,0.0825,0.4321,no
R-1801,46,media,600000,0,0,0,22921,11441,23471,11444,23537,31171,0.0382,0.4993,no
R-1802,28,posgrado,150000,0,0,0,9625,2099,5306,2099,5306,8240,0.0642,0.2181,no
R-1803,34,universitaria,60000,0,0,0,30834,33011,33434,3000,2000,3000,0.5139,0.0973,no
R-1804,34,universitaria,260000,0,0,0,176688,179281,180957,6929,5088,4138,0.6796,0.0392,no
R-1805,56,media,20000,0,2,2,190,2946,1473,1473,1473,780,0.0095,3.0,si
R-1806,30,universitaria,70000,2,0,2,29773,30542,33033,1550,3000,0,0.4253,0.0521,si
R-1807,22,universitaria,30000,1,2,2,29676,28532,29510,0,1493,803,0.9892,0.0,no
R-1808,46,posgrado,410000,0,0,0,0,0,0,0,0,0,0.0,0.0,si
R-1809,30,universitaria,240000,0,0,0,151127,155421,154926,10000,10000,300,0.6297,0.0662,no
R-1810,31,universitaria,260000,0,0,0,12695,9277,7065,4005,4150,0,0.0488,0.3155,no
R-1811,25,posgrado,160000,0,0,0,76038,64399,52532,2791,3000,1286,0.4752,0.0367,no
R-1812,29,posgrado,280000,0,0,0,768,786,1379,788,1383,1890,0.0027,1.026,no
R-1813,34,universitaria,80000,1,2,4,64575,65961,64308,3000,0,2400,0.8072,0.0465,no
R-1814,37,posgrado,200000,0,0,0,74418,3251,86800,3251,86804,1820,0.3721,0.0437,no
R-1815,23,universitaria,180000,0,0,2,178239,178856,177754,7969,6379,6319,0.9902,0.0447,si
R-1816,46,universitaria,360000,0,0,0,4000,311,913,311,920,465,0.0111,0.0778,no
R-1817,38,posgrado,320000,0,0,0,3872,5409,16770,5409,16778,83490,0.0121,1.397,no
R-1818,36,posgrado,50000,1,2,10,29003,29244,30827,1000,2363,1200,0.5801,0.0345,si
R-1819,47,posgrado,310000,0,0,0,960,1863,2667,1869,2681,0,0.0031,1.9469,no
R-1820,26,universitaria,180000,0,0,0,171041,111580,71902,5000,3340,500,0.9502,0.0292,no
R-1821,26,universitaria,80000,0,0,2,24906,26242,27360,2000,1800,1100,0.3113,0.0803,no
R-1822,29,posgrado,390000,0,0,0,0,0,1630,0,1630,1871,0.0,0.0,no
R-1823,37,universitaria,160000,2,0,0,833,833,833,833,833,833,0.0052,1.0,si
R-1824,38,universitaria,310000,0,0,0,1276,3666,2779,3666,2787,3140,0.0041,2.873,no
R-1825,39,universitaria,30000,1,2,2,30559,26457,27469,129,1456,1000,1.0186,0.0042,no
R-1826,31,posgrado,70000,0,0,0,52440,55961,63341,5000,10000,3000,0.7491,0.0953,no
R-1827,30,universitaria,70000,0,0,0,3878,4957,6209,1300,1500,380,0.0554,0.3352,no
R-1828,26,universitaria,70000,0,0,0,23790,23880,24843,1425,1388,883,0.3399,0.0599,no
R-1829,31,posgrado,60000,2,2,10,60705,62352,60745,3200,0,4580,1.0118,0.0527,si
R-1830,40,universitaria,100000,2,2,10,44421,45504,46157,2100,1700,1800,0.4442,0.0473,si
R-1831,38,universitaria,50000,0,0,0,26533,16426,0,1000,0,0,0.5307,0.0377,no
R-1832,31,posgrado,160000,0,0,0,813,1351,0,1351,0,2773,0.0051,1.6617,no
R-1833,34,universitaria,80000,1,3,5,84054,82194,78715,3,5,1075,1.0507,0.0,si
R-1834,35,universitaria,30000,0,0,6,20290,24727,24031,5100,0,1949,0.6763,0.2514,si
R-1835,28,posgrado,130000,0,0,0,9821,8582,0,8611,0,0,0.0755,0.8768,si
R-1836,30,universitaria,20000,0,0,0,39508,16063,17090,2546,1300,700,1.9754,0.0644,no
R-1837,45,universitaria,140000,0,3,11,104144,106179,106947,5200,4000,4000,0.7439,0.0499,si
R-1838,28,universitaria,30000,0,0,3,15280,16230,17153,1500,1500,780,0.5093,0.0982,si
R-1839,38,universitaria,380000,0,0,0,88112,91640,93480,4569,4000,3000,0.2319,0.0519,no
R-1840,25,universitaria,120000,1,0,0,0,0,0,0,0,0,0.0,0.0,si
R-1841,47,posgrado,80000,0,0,0,15739,17253,35369,17253,35369,18351,0.1967,1.0962,no
R-1842,32,universitaria,70000,3,2,4,21986,21351,22090,0,1400,1000,0.3141,0.0,si
R-1843,50,media,20000,0,0,0,16350,17382,18488,1300,1400,1000,0.8175,0.0795,no
R-1844,43,media,50000,0,0,0,97348,49221,29457,3711,1060,212,1.947,0.0381,no
R-1845,28,posgrado,450000,0,0,0,9845,11991,17111,3000,10000,3000,0.0219,0.3047,no
R-1846,33,universitaria,50000,0,0,2,24060,17474,18297,1400,1183,2000,0.4812,0.0582,no
R-1847,25,universitaria,360000,0,0,0,336179,173781,161223,6781,7226,5032,0.9338,0.0202,no
R-1848,45,media,30000,1,2,6,29334,28198,29497,0,2457,0,0.9778,0.0,no
R-1849,69,posgrado,450000,0,0,0,2000,0,1173,0,1173,0,0.0044,0.0,si
R-1850,27,universitaria,170000,0,0,0,21958,22572,14549,1300,2000,1000,0.1292,0.0592,no
R-1851,42,media,10000,2,0,0,8965,8640,9412,1228,1000,192,0.8965,0.137,si
R-1852,70,media,200000,0,0,0,7109,9999,5300,10025,5300,0,0.0355,1.4102,no
R-1853,33,otra,50000,0,0,0,47423,33843,31251,1600,1600,1200,0.9485,0.0337,no
R-1854,42,universitaria,170000,0,0,0,142118,144803,133868,7040,6165,5004,0.836,0.0495,no
R-1855,34,media,190000,0,0,0,47713,49242,52394,3000,5000,5000,0.2511,0.0629,no
R-1856,26,universitaria,10000,0,0,0,2989,3454,2917,2000,1000,29,0.2989,0.6691,si
R-1857,45,universitaria,140000,0,0,6,55444,57549,60971,3000,5000,2000,0.396,0.0541,no
R-1858,30,posgrado,180000,0,0,4,149525,152460,154206,7320,6100,9710,0.8307,0.049,no
R-1859,32,posgrado,400000,0,0,0,110,532,2651,587,2651,0,0.0003,3.0,no
R-1860,30,universitaria,80000,0,0,0,2688,2208,0,2208,0,1000,0.0336,0.8214,si
R-1861,44,posgrado,500000,0,0,0,150758,62931,21296,63256,21408,19996,0.3015,0.4196,no
R-1862,43,universitaria,50000,2,2,10,15641,15105,16545,0,2000,1000,0.3128,0.0,si
R-1863,26,universitaria,50000,0,0,0,47169,48197,47738,1804,1746,1681,0.9434,0.0382,no
R-1864,37,universitaria,130000,0,0,0,117471,104341,96395,3857,3734,2924,0.9036,0.0328,no
R-1865,25,universitaria,70000,0,0,0,66174,67555,25059,3000,2000,2400,0.9453,0.0453,si
R-1866,36,universitaria,50000,2,2,6,49732,48658,51802,0,4000,7,0.9946,0.0,si
R-1867,35,universitaria,120000,1,0,0,0,0,0,0,0,0,0.0,0.0,no
R-1868,34,universitaria,50000,0,0,2,11367,10982,10243,3000,1000,1000,0.2273,0.2639,no
R-1869,51,universitaria,350000,0,0,0,39943,40859,45398,1859,5398,5634,0.1141,0.0465,no
R-1870,25,media,100000,2,2,4,96889,102893,99176,8513,128,3011,0.9689,0.0879,si
R-1871,44,posgrado,20000,0,0,0,19018,18581,19864,1327,2000,1000,0.9509,0.0698,no
R-1872,30,posgrado,130000,0,0,0,9255,10264,7060,1204,1000,3990,0.0712,0.1301,no
R-1873,52,universitaria,80000,0,0,0,63134,57072,55618,2087,2019,2000,0.7892,0.0331,no
R-1874,35,otra,10000,3,2,2,10281,9949,8838,25,4000,0,1.0281,0.0024,no
R-1875,23,universitaria,140000,0,0,0,49235,45173,39585,2517,1559,2000,0.3517,0.0511,no
R-1876,48,media,260000,0,0,0,97908,84773,70259,2980,2338,1911,0.3766,0.0304,no
R-1877,39,universitaria,220000,5,4,9,187665,175338,163018,0,11,0,0.853,0.0,no
R-1878,28,posgrado,320000,0,0,0,11684,1127,1943,1135,1952,13375,0.0365,0.0971,no
R-1879,48,media,50000,0,0,0,38031,31677,27240,2000,2000,5000,0.7606,0.0526,no
R-1880,30,posgrado,360000,0,0,0,23725,45913,80945,61137,79800,42015,0.0659,2.5769,no
R-1881,48,media,200000,0,0,0,0,0,0,0,0,0,0.0,0.0,no
R-1882,27,media,100000,0,0,0,83587,85389,86981,3151,3065,2892,0.8359,0.0377,no
R-1883,40,posgrado,150000,0,0,0,52097,30188,20242,2000,1000,5003,0.3473,0.0384,no
R-1884,26,universitaria,150000,0,0,0,69358,42457,92213,4213,92457,5023,0.4624,0.0607,no
R-1885,49,universitaria,270000,0,0,0,-173,-173,-173,0,0,0,-0.0006,0.0,no
R-1886,33,posgrado,200000,0,0,0,0,225,5628,225,5628,23,0.0,3.0,no
R-1887,50,media,110000,0,0,0,109192,106322,67727,4300,3000,2000,0.9927,0.0394,no
R-1888,36,universitaria,30000,0,0,2,3024,3462,390,3462,0,240,0.1008,1.1448,no
R-1889,31,posgrado,300000,0,0,0,149893,152529,152882,7000,6000,4084,0.4996,0.0467,no
R-1890,29,universitaria,130000,0,0,0,29252,30086,30680,2000,1793,1300,0.225,0.0684,no
R-1891,41,universitaria,180000,0,0,0,139184,141752,122164,6411,6000,5000,0.7732,0.0461,no
R-1892,45,media,110000,0,0,0,9242,9484,13922,5000,5000,5000,0.084,0.541,no
R-1893,35,posgrado,80000,0,2,2,3614,82,3723,0,3723,891,0.0452,0.0,no
R-1894,44,media,240000,0,0,0,24469,11511,4670,11511,4670,17480,0.102,0.4704,no
R-1895,39,posgrado,330000,0,0,0,365672,346014,334826,12350,12780,9400,1.1081,0.0338,no
R-1896,49,media,160000,0,0,0,741,6339,3334,6339,3338,3090,0.0046,3.0,no
R-1897,36,posgrado,220000,0,0,0,1838,921,943,923,945,1471,0.0084,0.5022,no
R-1898,22,universitaria,20000,0,0,2,5473,7492,4988,2300,0,102,0.2736,0.4202,no
R-1899,29,universitaria,150000,0,0,0,94409,92047,79088,5000,5000,5000,0.6294,0.053,no
R-1900,51,media,200000,0,0,0,196875,180428,131111,7657,4814,3921,0.9844,0.0389,no
R-1901,34,universitaria,30000,1,2,10,23860,23192,30042,0,7300,0,0.7953,0.0,no
R-1902,35,universitaria,170000,0,0,0,13500,7499,7301,1315,1200,10342,0.0794,0.0974,no
R-1903,32,universitaria,500000,0,0,0,44462,37890,28527,7000,7000,8000,0.0889,0.1574,no
R-1904,26,universitaria,300000,0,0,0,316,316,316,316,316,316,0.0011,1.0,no
R-1905,23,universitaria,80000,0,0,0,80998,63184,58346,4500,1973,3000,1.0125,0.0556,no
R-1906,37,universitaria,200000,2,0,0,214261,210315,206563,8000,9000,8000,1.0713,0.0373,no
R-1907,39,media,20000,0,0,0,6530,8389,10090,8389,5000,3450,0.3265,1.2847,no
R-1908,23,universitaria,20000,0,0,0,4731,6642,11508,2000,5000,6000,0.2366,0.4227,no
R-1909,35,universitaria,80000,0,0,0,9647,10390,10816,1206,1131,322,0.1206,0.125,no
R-1910,34,universitaria,190000,0,0,0,500,300,0,300,0,0,0.0026,0.6,no
R-1911,46,media,100000,2,2,8,42674,45983,46927,4000,2000,1900,0.4267,0.0937,si
R-1912,49,universitaria,150000,0,0,0,151822,86002,75782,2985,2700,5000,1.0121,0.0197,si
R-1913,31,universitaria,50000,0,0,4,44970,48101,46993,3855,0,1694,0.8994,0.0857,si
R-1914,38,universitaria,360000,0,0,0,0,0,0,0,0,0,0.0,0.0,no
R-1915,26,universitaria,70000,0,0,0,67864,68284,67375,3517,3700,71270,0.9695,0.0518,si
R-1916,42,otra,230000,0,0,0,92230,90614,90385,3292,2755,2270,0.401,0.0357,no
R-1917,25,universitaria,160000,2,2,8,158629,162097,163567,7500,5600,5822,0.9914,0.0473,si
R-1918,43,media,50000,0,0,0,42874,43727,28742,1862,1077,1000,0.8575,0.0434,no
R-1919,32,posgrado,630000,0,0,0,2731,3817,4679,1138,1000,1000,0.0043,0.4167,no
R-1920,52,universitaria,160000,0,0,0,38695,40757,42769,3000,2700,2700,0.2418,0.0775,no
R-1921,49,universitaria,60000,0,0,0,81411,52017,35423,38709,1609,661,1.3568,0.4755,no
R-1922,27,media,110000,0,0,0,55567,65753,65379,15753,5379,5467,0.5052,0.2835,no
R-1923,46,universitaria,200000,0,0,0,18564,77518,82794,60000,20000,20248,0.0928,3.0,no
R-1924,49,posgrado,360000,1,0,0,-3,630,1019,633,1030,321,-0.0,3.0,no
R-1925,61,media,50000,1,2,4,47731,45925,47041,0,2200,3600,0.9546,0.0,si
R-1926,35,universitaria,150000,0,0,0,6008,8765,19674,8008,20155,63992,0.0401,1.3329,no
R-1927,42,universitaria,300000,0,0,0,28077,1063,11510,1500,11516,0,0.0936,0.0534,no
R-1928,33,universitaria,110000,2,0,0,87514,75394,82627,4000,10090,2100,0.7956,0.0457,si
R-1929,42,universitaria,240000,0,0,0,632,0,316,0,316,632,0.0026,0.0,no
R-1930,34,universitaria,120000,0,0,0,856,856,856,856,856,856,0.0071,1.0,no
R-1931,32,posgrado,360000,0,0,0,2612,3218,6989,3234,7021,6,0.0073,1.2381,no
R-1932,33,media,240000,0,0,0,129600,133161,30098,7000,1030,7,0.54,0.054,no
R-1933,23,universitaria,60000,0,0,4,4553,7730,12944,3258,0,0,0.0759,0.7156,no
R-1934,23,universitaria,120000,0,0,0,7945,3077,700,1000,1200,200,0.0662,0.1259,si
R-1935,35,posgrado,50000,1,2,6,47438,46400,49276,0,3700,0,0.9488,0.0,no
R-1936,41,universitaria,50000,0,0,0,36696,46041,47890,10000,3012,1000,0.7339,0.2725,no
R-1937,26,universitaria,20000,2,2,11,36060,31741,30013,0,2600,0,1.803,0.0,no
R-1938,48,media,50000,0,0,0,390,390,390,390,390,390,0.0078,1.0,si
R-1939,24,universitaria,100000,1,0,0,0,670,0,670,0,0,0.0,3.0,si
R-1940,54,universitaria,240000,0,0,2,7832,64445,11680,64461,11680,0,0.0326,3.0,no
R-1941,67,media,100000,2,2,10,16918,20511,19944,4145,0,3260,0.1692,0.245,si
R-1942,41,media,30000,0,0,0,0,18393,7501,18393,7501,11216,0.0,3.0,no
R-1943,30,universitaria,180000,0,0,0,39259,41054,25590,3000,6000,1000,0.2181,0.0764,no
R-1944,29,universitaria,150000,2,2,10,99986,103662,103978,6800,3500,4500,0.6666,0.068,si
R-1945,52,universitaria,100000,0,0,0,64254,21178,101565,2211,81565,2625,0.6425,0.0344,si
R-1946,45,universitaria,50000,0,0,0,47823,48468,50955,3144,3878,3000,0.9565,0.0657,no
R-1947,44,posgrado,170000,1,2,2,84947,78724,68387,2000,2000,3057,0.4997,0.0235,si
R-1948,38,universitaria,30000,3,2,2,3379,1715,1170,0,1100,0,0.1126,0.0,no
R-1949,37,posgrado,110000,2,2,10,600,600,600,0,0,0,0.0055,0.0,si
R-1950,23,universitaria,50000,0,0,0,49026,48983,38417,1748,1408,1000,0.9805,0.0357,no
R-1951,48,universitaria,110000,0,0,0,107767,108561,108895,5700,5000,2700,0.9797,0.0529,no
R-1952,25,posgrado,80000,0,0,0,78327,79322,76290,3000,2454,2059,0.9791,0.0383,no
R-1953,34,universitaria,150000,0,0,0,316,1801,1139,1801,1139,2246,0.0021,3.0,no
R-1954,47,media,70000,1,0,2,30950,33087,42935,3107,48323,0,0.4421,0.1004,no
R-1955,38,universitaria,160000,0,0,4,105313,109030,109731,5416,4002,8565,0.6582,0.0514,no
R-1956,32,universitaria,50000,0,0,0,50669,48942,27836,1613,1484,3675,1.0134,0.0318,no
R-1957,36,posgrado,70000,0,0,0,65275,68595,67916,5000,3000,3000,0.9325,0.0766,no
R-1958,33,universitaria,360000,0,0,0,9582,2119,10549,2139,10580,110,0.0266,0.2232,no
R-1959,28,posgrado,250000,2,2,4,21404,48774,28705,28705,0,4000,0.0856,1.3411,si
R-1960,25,universitaria,60000,2,2,15,600,600,600,0,0,0,0.01,0.0,si
R-1961,38,media,30000,0,0,0,25546,28820,28538,3700,718,1500,0.8515,0.1448,si
R-1962,44,media,200000,0,0,0,34760,37871,39879,4000,3000,4000,0.1738,0.1151,no
R-1963,39,universitaria,70000,2,0,0,67607,69623,71030,3700,3700,1300,0.9658,0.0547,no
R-1964,38,posgrado,60000,2,2,4,59310,60482,58748,2700,0,2100,0.9885,0.0455,no
R-1965,32,posgrado,160000,1,0,0,0,0,0,0,0,0,0.0,0.0,no
R-1966,38,media,50000,0,0,0,10825,11377,10760,1500,1155,368,0.2165,0.1386,no
R-1967,30,universitaria,170000,0,0,0,416,416,632,832,632,200,0.0024,2.0,no
R-1968,22,universitaria,30000,0,0,2,30397,31148,28755,3500,0,3500,1.0132,0.1151,no
R-1969,40,universitaria,10000,1,0,0,0,1912,3071,1912,1200,1000,0.0,3.0,no
R-1970,33,universitaria,160000,0,0,0,189935,183501,175363,8113,6395,10000,1.1871,0.0427,no
R-1971,35,posgrado,250000,0,0,0,0,0,26267,0,26267,532,0.0,0.0,no
R-1972,24,universitaria,280000,0,0,0,1481,11884,-27,11943,0,5470,0.0053,3.0,si
R-1973,29,posgrado,70000,1,2,2,71267,67401,63239,5,2910,1000,1.0181,0.0001,si
R-1974,30,universitaria,30000,0,0,0,6933,9640,10094,3000,1000,206,0.2311,0.4327,si
R-1975,30,posgrado,230000,0,0,0,101874,97302,97383,8000,5016,5000,0.4429,0.0785,no
R-1976,44,posgrado,210000,0,0,0,0,70,24329,70,24259,780,0.0,3.0,no
R-1977,27,posgrado,480000,0,0,0,12759,15410,20116,3001,5000,500,0.0266,0.2352,no
R-1978,37,posgrado,160000,0,0,0,9293,5875,9121,5902,9128,2412,0.0581,0.6351,no
R-1979,31,universitaria,80000,2,0,0,81712,78535,0,3271,0,0,1.0214,0.04,si
R-1980,45,media,200000,1,0,0,666,1928,-15,1937,0,1768,0.0033,2.9084,no
R-1981,26,universitaria,150000,1,0,0,2341,340,380,340,380,462,0.0156,0.1452,no
R-1982,58,media,30000,0,0,0,390,390,1170,390,1170,0,0.013,1.0,no
R-1983,35,posgrado,140000,0,0,0,26187,28431,26141,3000,2000,2000,0.187,0.1146,no
R-1984,37,universitaria,150000,0,0,0,152349,152359,150257,7000,7000,5000,1.0157,0.0459,no
R-1985,47,posgrado,360000,1,2,4,366577,345484,354469,0,14148,11500,1.0183,0.0,no
R-1986,33,universitaria,280000,0,0,0,281,5631,5525,5631,5549,0,0.001,3.0,no
R-1987,30,posgrado,340000,0,0,0,8571,21012,10607,21041,10607,47258,0.0252,2.4549,no
R-1988,32,posgrado,310000,0,0,0,90654,20784,5649,27778,5649,9141,0.2924,0.3064,no
R-1989,37,media,340000,0,0,0,16275,20037,9085,20047,9126,9481,0.0479,1.2318,no
R-1990,44,posgrado,200000,1,0,0,-40,-40,-40,0,0,0,-0.0002,0.0,no
R-1991,31,universitaria,130000,0,0,0,5551,6953,8176,1500,1500,1000,0.0427,0.2702,si
R-1992,27,universitaria,160000,0,0,0,31666,31865,32691,3000,3000,3000,0.1979,0.0947,no
R-1993,28,universitaria,60000,0,0,0,60721,61452,59797,4000,1353,27826,1.012,0.0659,si
R-1994,36,universitaria,130000,2,2,4,131989,128467,131073,0,6230,5000,1.0153,0.0,si
R-1995,29,universitaria,230000,0,0,0,157107,119402,78875,6000,3020,3000,0.6831,0.0382,no
R-1996,37,posgrado,200000,0,0,0,3660,16991,19200,17302,20891,7377,0.0183,3.0,si
R-1997,44,posgrado,300000,0,0,0,58137,51459,49737,3000,2000,1500,0.1938,0.0516,no
R-1998,41,posgrado,750000,0,0,0,184022,163441,92767,6817,2330,2705,0.2454,0.037,no
R-1999,39,universitaria,230000,2,0,0,183718,187811,176457,7236,5603,4187,0.7988,0.0394,si
R-2000,40,universitaria,210000,0,0,2,2216,6142,1108,5258,0,1500,0.0106,2.3727,no
R-2001,24,universitaria,10000,1,2,10,4231,5508,5271,1500,0,1000,0.4231,0.3545,si
R-2002,44,media,400000,0,0,0,120456,113855,87798,3557,2350,5700,0.3011,0.0295,no
R-2003,33,universitaria,500000,0,0,0,134503,114682,124240,20031,20029,20058,0.269,0.1489,no
R-2004,45,universitaria,40000,1,2,2,40910,39592,40135,0,2196,4,1.0228,0.0,no
R-2005,26,universitaria,50000,0,0,0,48457,44932,20024,1351,1561,628,0.9691,0.0279,no
R-2006,39,posgrado,400000,2,2,10,50747,49666,52727,0,4500,0,0.1269,0.0,no
R-2007,42,posgrado,160000,0,0,0,51997,0,0,0,0,0,0.325,0.0,no
R-2008,30,universitaria,280000,0,0,0,3510,-32,4628,0,4660,2601,0.0125,0.0,no
R-2009,56,universitaria,100000,0,0,0,96392,87986,89230,4424,3600,3000,0.9639,0.0459,no
R-2010,50,media,120000,0,0,0,149540,118675,120047,125000,4065,4000,1.2462,0.8359,si
R-2011,39,posgrado,120000,0,0,0,51662,30285,24879,10000,6000,5000,0.4305,0.1936,no
R-2012,34,media,20000,0,0,0,1030,4177,1786,4177,1786,1050,0.0515,3.0,no
R-2013,40,media,150000,0,0,0,56690,58775,62769,3606,5600,2500,0.3779,0.0636,si
R-2014,41,media,360000,0,0,0,498,498,498,498,498,498,0.0014,1.0,si
R-2015,36,posgrado,200000,1,0,0,12099,0,1540,0,1540,0,0.0605,0.0,no
R-2016,46,posgrado,350000,0,0,0,102060,86242,63012,10069,5631,20036,0.2916,0.0987,no
R-2017,45,posgrado,50000,0,0,2,4736,0,0,0,0,0,0.0947,0.0,no
R-2018,31,universitaria,90000,0,0,6,23418,24443,26695,1408,2660,0,0.2602,0.0601,no
R-2019,29,posgrado,70000,0,0,0,68532,69475,69582,3300,3100,2800,0.979,0.0482,no
R-2020,46,universitaria,80000,0,0,0,4742,3913,6383,1277,6387,102,0.0593,0.2693,no
R-2021,47,posgrado,60000,0,0,0,49689,2497,59271,3007,59274,1500,0.8282,0.0605,no
R-2022,41,universitaria,50000,0,0,0,40710,42736,43751,3000,1729,1597,0.8142,0.0737,no
R-2023,41,universitaria,140000,0,0,8,57607,60676,64072,4000,5000,0,0.4115,0.0694,no
R-2024,49,posgrado,50000,0,0,0,50430,46924,48351,2500,2500,1500,1.0086,0.0496,no
R-2025,35,universitaria,180000,0,0,0,95757,76696,77720,3400,2900,3000,0.532,0.0355,no
R-2026,36,posgrado,220000,0,0,0,4952,1734,819,1734,827,3750,0.0225,0.3502,no
R-2027,25,posgrado,100000,0,0,0,9424,1259,586,1259,586,3195,0.0942,0.1336,no
R-2028,24,posgrado,170000,0,0,0,171465,145196,110163,18500,13998,3760,1.0086,0.1079,no
R-2029,26,universitaria,30000,0,0,0,14923,16277,17003,1600,1300,700,0.4974,0.1072,no
R-2030,30,posgrado,60000,0,0,0,0,0,0,0,0,0,0.0,0.0,no
R-2031,25,posgrado,210000,1,0,0,0,0,0,0,0,0,0.0,0.0,no
R-2032,27,posgrado,380000,0,0,0,44986,109142,43758,70000,2014,1004,0.1184,1.556,no
R-2033,28,posgrado,310000,0,0,0,3473,35890,29935,201153,20146,3000,0.0112,3.0,no
R-2034,33,posgrado,140000,0,0,0,27234,20191,26276,1389,12000,915,0.1945,0.051,no
R-2035,31,posgrado,320000,0,0,0,1391,48556,49210,50006,3011,4000,0.0043,3.0,no
R-2036,29,media,180000,0,0,0,0,0,0,0,0,0,0.0,0.0,no
R-2037,39,universitaria,120000,0,0,0,114644,117110,117050,4320,4200,4200,0.9554,0.0377,no
R-2038,27,posgrado,100000,1,0,0,0,429,858,429,858,0,0.0,3.0,no
R-2039,51,posgrado,210000,0,0,0,1900,0,0,0,0,0,0.009,0.0,no
R-2040,23,universitaria,100000,0,0,2,85435,85957,86295,3143,3052,3264,0.8544,0.0368,no
R-2041,54,media,190000,0,0,0,88,-468,-1024,0,0,1580,0.0005,0.0,no
R-2042,42,universitaria,60000,1,2,2,60560,56471,36057,2065,1988,2500,1.0093,0.0341,si
R-2043,45,universitaria,110000,0,0,0,108214,107512,82828,5300,3300,1700,0.9838,0.049,no
R-2044,47,posgrado,200000,0,0,0,8172,20004,7737,20003,9189,8586,0.0409,2.4477,no
R-2045,28,posgrado,140000,1,0,0,0,0,0,0,0,0,0.0,0.0,no
R-2046,36,media,200000,0,2,4,1762,881,24842,4,24846,5004,0.0088,0.0023,si
R-2047,35,posgrado,500000,0,0,0,4814,12939,19502,13275,19522,128406,0.0096,2.7576,no
R-2048,40,universitaria,20000,0,0,0,17068,18283,19424,1800,1600,384,0.8534,0.1055,si
R-2049,30,posgrado,100000,2,0,0,85806,85195,85464,3100,4000,4000,0.8581,0.0361,si
R-2050,58,universitaria,100000,2,2,2,87851,85594,87095,0,3300,2839,0.8785,0.0,si
R-2051,28,universitaria,100000,0,0,0,61396,60621,58855,3012,2500,1700,0.614,0.0491,no
R-2052,47,universitaria,80000,0,0,0,7345,4596,0,4596,0,0,0.0918,0.6257,no
R-2053,29,universitaria,50000,0,0,0,48517,49391,27780,3000,2000,1200,0.9703,0.0618,no
R-2054,30,posgrado,220000,0,0,0,15069,0,14129,680,14129,16000,0.0685,0.0451,no
R-2055,25,universitaria,80000,0,0,2,78639,80188,80711,3200,2500,2182,0.983,0.0407,no
R-2056,26,posgrado,110000,0,0,0,57861,47409,47743,2191,1525,18236,0.526,0.0379,no
R-2057,26,universitaria,10000,1,2,6,5015,4789,6199,0,1500,0,0.5015,0.0,si
R-2058,29,posgrado,310000,2,0,0,45153,36123,26113,2904,1500,1000,0.1457,0.0643,si
R-2059,51,posgrado,200000,0,0,0,102847,52556,34369,52556,2003,1000,0.5142,0.511,no
R-2060,39,universitaria,180000,2,2,4,180645,184303,179230,8000,0,7000,1.0036,0.0443,si
R-2061,24,media,20000,1,0,0,-1400,-1400,-1400,0,0,1000,-0.07,0.0,no
R-2062,29,posgrado,110000,0,0,0,18166,18364,19742,3000,3500,5500,0.1651,0.1651,no
R-2063,25,posgrado,70000,0,0,0,24526,25532,25971,1790,1229,519,0.3504,0.073,no
R-2064,29,posgrado,390000,0,0,0,196172,196262,157388,9599,10054,4242,0.503,0.0489,no
R-2065,32,universitaria,140000,2,2,11,76187,84734,91142,9834,8742,0,0.5442,0.1291,si
R-2066,50,media,220000,0,0,0,612,10612,2225,10612,2225,4782,0.0028,3.0,no
R-2067,39,universitaria,30000,0,0,0,28138,28401,28949,1793,1731,1200,0.9379,0.0637,no
R-2068,49,posgrado,500000,0,0,0,478030,419644,309019,205,10500,9692,0.9561,0.0004,si
R-2069,29,posgrado,360000,0,0,0,51400,0,0,0,0,0,0.1428,0.0,no
R-2070,22,universitaria,10000,0,0,0,390,390,9159,390,9159,700,0.039,1.0,no
R-2071,36,posgrado,220000,0,0,0,307,191,-125,200,0,0,0.0014,0.6515,no
R-2072,25,universitaria,130000,1,2,2,39728,38815,39828,0,1960,1600,0.3056,0.0,no
R-2073,41,posgrado,420000,0,0,0,22186,15258,13513,15262,13523,80854,0.0528,0.6879,no
R-2074,25,otra,200000,0,0,0,134857,123653,108765,4257,3274,3025,0.6743,0.0316,no
R-2075,32,posgrado,200000,0,0,0,10532,0,0,0,0,0,0.0527,0.0,no
R-2076,29,universitaria,170000,0,0,0,7383,23400,49771,23518,50026,31023,0.0434,3.0,no
R-2077,43,universitaria,250000,0,0,0,82650,81977,24585,3503,1553,1000,0.3306,0.0424,no
R-2078,37,posgrado,290000,0,0,0,54966,41327,24872,4020,8000,0,0.1895,0.0731,no
R-2079,56,media,50000,0,0,0,63348,62934,60513,2400,2500,1000,1.267,0.0379,no
R-2080,33,posgrado,410000,0,0,0,333,333,333,333,333,1019,0.0008,1.0,no
R-2081,28,posgrado,50000,1,2,2,50146,47918,48866,0,2400,1000,1.0029,0.0,no
R-2082,39,universitaria,230000,0,0,0,8681,8681,8888,8681,8888,4932,0.0377,1.0,no
R-2083,29,posgrado,230000,0,0,0,31206,28395,29127,1500,1500,1000,0.1357,0.0481,no
R-2084,36,universitaria,30000,0,0,0,6727,5023,6714,2000,2000,2000,0.2242,0.2973,no
R-2085,27,posgrado,220000,0,0,0,471,5261,16436,5272,17571,0,0.0021,3.0,no
R-2086,52,media,80000,0,0,0,35861,18521,19385,1500,1500,1500,0.4483,0.0418,no
R-2087,33,universitaria,350000,0,0,0,598,0,0,0,0,0,0.0017,0.0,no
R-2088,28,posgrado,240000,0,2,4,5018,2300,0,0,200,2500,0.0209,0.0,si
R-2089,54,media,50000,0,0,0,48065,48968,47368,2082,1672,500,0.9613,0.0433,no
R-2090,27,posgrado,500000,0,0,0,78335,61234,55446,2315,2599,1500,0.1567,0.0296,no
R-2091,26,universitaria,80000,0,0,0,5844,6700,0,1067,0,0,0.073,0.1826,no
R-2092,34,posgrado,310000,0,0,0,455,455,1415,455,1415,0,0.0015,1.0,si
R-2093,23,media,50000,0,0,0,8647,4872,-5,4890,0,2814,0.1729,0.5655,no
R-2094,41,universitaria,230000,0,0,0,231187,231272,228653,10500,10000,9000,1.0052,0.0454,no
R-2095,51,media,50000,0,0,0,6700,13902,42835,13902,42863,8500,0.134,2.0749,no
R-2096,27,media,30000,0,0,2,27061,28129,29377,1504,1752,1000,0.902,0.0556,no
R-2097,31,universitaria,20000,0,0,0,16569,22372,25285,11000,5000,0,0.8284,0.6639,no
R-2098,28,posgrado,120000,0,0,2,8460,7729,8920,5000,1500,7000,0.0705,0.591,no
R-2099,23,universitaria,20000,0,0,0,9410,7120,0,7120,0,0,0.4705,0.7566,no
R-2100,26,posgrado,50000,0,2,4,5713,5406,-978,0,0,1956,0.1143,0.0,si
R-2101,24,universitaria,50000,0,0,0,23553,21507,17827,1700,2000,500,0.4711,0.0722,no
R-2102,25,universitaria,50000,0,0,0,43259,35307,23096,1405,1366,1000,0.8652,0.0325,no
R-2103,37,posgrado,200000,0,0,0,4289,2907,3720,1187,1000,4000,0.0214,0.2768,no
R-2104,33,posgrado,190000,0,0,0,546,1213,15571,1213,15571,0,0.0029,2.2216,no
R-2105,27,posgrado,50000,0,0,0,451,-49,6258,0,6307,1035,0.009,0.0,no
R-2106,27,media,370000,0,0,0,50886,61378,96133,11378,36133,18773,0.1375,0.2236,no
R-2107,27,universitaria,90000,2,2,4,85753,87510,85188,4000,0,4200,0.9528,0.0466,si
R-2108,24,universitaria,30000,0,0,0,26573,26988,14964,1500,1600,1000,0.8858,0.0564,si
R-2109,49,universitaria,80000,0,0,0,71775,68083,50642,2911,1920,1541,0.8972,0.0406,no
R-2110,32,universitaria,500000,0,0,0,13631,3840,7527,3840,7527,77166,0.0273,0.2817,no
R-2111,48,media,160000,0,0,0,156197,102650,0,4700,0,0,0.9762,0.0301,si
R-2112,35,universitaria,110000,0,0,0,112820,112134,110436,4800,4108,4100,1.0256,0.0425,no
R-2113,44,universitaria,450000,0,0,0,19951,7277,1096,8203,1105,2012,0.0443,0.4112,no
R-2114,27,posgrado,130000,0,0,0,69353,49878,30242,2139,1503,1500,0.5335,0.0308,no
R-2115,52,universitaria,160000,1,2,2,2259,1869,12671,1310,12671,166,0.0141,0.5799,si
R-2116,27,posgrado,180000,0,0,0,2658,2014,536,2014,536,1123,0.0148,0.7577,si
R-2117,39,posgrado,210000,0,0,0,0,0,0,0,0,0,0.0,0.0,no
R-2118,23,universitaria,10000,2,0,0,8206,6828,9694,1134,3000,345,0.8206,0.1382,no
R-2119,42,universitaria,50000,0,0,0,49401,47828,48416,2100,2000,702,0.988,0.0425,no
R-2120,46,media,80000,2,2,2,40154,39021,21862,80,1500,797,0.5019,0.002,no
R-2121,44,posgrado,330000,0,0,0,604019,605943,439854,19001,14000,12000,1.8304,0.0315,no
R-2122,24,posgrado,200000,0,0,0,156683,155336,156489,5808,5382,5279,0.7834,0.0371,no
R-2123,24,universitaria,60000,0,0,2,60753,54892,59268,2800,6100,621,1.0126,0.0461,no
R-2124,48,universitaria,50000,0,0,0,50894,49333,9923,1385,1200,350,1.0179,0.0272,no
R-2125,26,posgrado,120000,0,0,0,11513,12227,13321,1206,1300,2000,0.0959,0.1048,no
R-2126,24,universitaria,10000,5,4,9,9829,9539,9244,0,0,0,0.9829,0.0,si
R-2127,63,universitaria,160000,1,0,0,-2,-2,2647,0,2649,1210,-0.0,0.0,no
R-2128,27,universitaria,220000,0,0,0,220588,218136,177720,9000,7500,4500,1.0027,0.0408,no
R-2129,36,posgrado,80000,0,0,0,1069,1460,4337,2000,4507,999,0.0134,1.8709,no
R-2130,28,universitaria,110000,0,0,0,105080,107420,107325,5540,5361,4500,0.9553,0.0527,no
R-2131,28,universitaria,140000,0,0,8,137706,118294,115038,12300,0,8200,0.9836,0.0893,no
R-2132,34,universitaria,360000,0,0,0,277569,246380,236139,10500,8500,8750,0.771,0.0378,no
R-2133,38,universitaria,50000,0,0,0,4965,495,16982,500,17000,800,0.0993,0.1007,no
R-2134,34,posgrado,40000,0,0,0,7018,7402,8374,7419,8382,7505,0.1754,1.0571,no
R-2135,38,universitaria,360000,1,0,4,0,0,0,0,0,2500,0.0,0.0,si
R-2136,36,universitaria,70000,0,0,0,59331,57786,58608,3500,3000,3000,0.8476,0.059,no
R-2137,28,universitaria,50000,0,0,0,48433,49608,45568,2000,1500,442,0.9687,0.0413,si
R-2138,40,posgrado,400000,0,0,0,4750,0,0,0,0,2827,0.0119,0.0,si
R-2139,41,universitaria,140000,0,0,0,92281,92370,92446,3551,3814,2333,0.6592,0.0385,no
R-2140,36,universitaria,430000,1,0,0,1821,2324,2250,2324,2250,3004,0.0042,1.2762,no
R-2141,41,posgrado,200000,0,0,0,855,0,316,0,316,8386,0.0043,0.0,no
R-2142,61,media,20000,2,0,0,18828,10400,0,1400,0,0,0.9414,0.0744,no
R-2143,37,posgrado,260000,1,0,0,0,0,0,0,0,0,0.0,0.0,no
R-2144,29,posgrado,280000,0,0,0,105403,51190,44598,3109,1369,3002,0.3764,0.0295,no
R-2145,36,universitaria,260000,0,0,0,107030,115455,115106,13011,5000,5000,0.4117,0.1216,no
R-2146,50,posgrado,260000,0,0,0,254749,259549,258390,11046,10004,10000,0.9798,0.0434,no
R-2147,46,universitaria,360000,1,0,0,5800,0,0,0,0,0,0.0161,0.0,no
R-2148,29,universitaria,180000,2,2,10,113436,109439,111108,1308,7623,3900,0.6302,0.0115,si
R-2149,42,media,60000,0,0,2,1570,21835,20680,20680,0,0,0.0262,3.0,si
R-2150,28,posgrado,240000,0,0,0,147974,150683,137645,5300,4931,4966,0.6166,0.0358,no
R-2151,33,universitaria,330000,0,0,0,137974,138692,141674,7000,7000,5000,0.4181,0.0507,no
R-2152,24,universitaria,80000,0,0,0,2530,3041,6603,3055,6622,1483,0.0316,1.2075,no
R-2153,31,posgrado,620000,0,0,0,569023,562316,475333,23009,20004,20008,0.9178,0.0404,no
R-2154,46,universitaria,230000,0,0,0,4328,1518,1958,1518,1972,368,0.0188,0.3507,si
R-2155,29,universitaria,30000,2,2,10,21959,24685,24983,3400,1000,1100,0.732,0.1548,no
R-2156,24,universitaria,200000,0,0,0,21447,23429,26158,2649,3500,4008,0.1072,0.1235,no
R-2157,49,posgrado,200000,0,0,0,390,390,390,390,390,390,0.002,1.0,no
R-2158,27,posgrado,300000,0,0,0,525,7792,8347,7797,8361,10490,0.0018,3.0,no
R-2159,41,posgrado,230000,0,0,0,1886,8013,3962,8034,4007,0,0.0082,3.0,no
R-2160,36,media,50000,0,0,0,10849,3701,4600,1101,1000,2300,0.217,0.1015,no
R-2161,49,posgrado,500000,0,0,0,435737,421983,414453,20157,13670,13596,0.8715,0.0463,no
R-2162,27,posgrado,80000,0,0,0,1300,179,0,179,0,0,0.0162,0.1377,no
R-2163,35,universitaria,220000,1,0,0,0,0,81677,0,220230,7308,0.0,0.0,no
R-2164,45,universitaria,70000,0,0,0,43050,43410,36226,1888,1225,856,0.615,0.0439,no
R-2165,38,universitaria,200000,0,0,0,8565,86497,138640,85000,60000,3500,0.0428,3.0,no
R-2166,25,posgrado,50000,0,0,0,40181,66569,19281,1500,2400,5700,0.8036,0.0373,si
R-2167,38,media,30000,2,2,6,5685,5448,7347,0,2000,800,0.1895,0.0,si
R-2168,27,universitaria,200000,0,0,0,112133,116017,119576,5693,7000,4362,0.5607,0.0508,no
R-2169,34,posgrado,120000,2,2,8,118096,120455,116061,12000,0,9500,0.9841,0.1016,si
R-2170,30,posgrado,260000,0,0,0,-7,-7,-7,0,0,1551,-0.0,0.0,no
R-2171,24,posgrado,70000,0,0,2,8244,10569,8159,2500,0,1000,0.1178,0.3033,no
R-2172,43,media,120000,1,2,2,2057,1722,716,524,716,926,0.0171,0.2547,no
R-2173,32,universitaria,50000,0,0,0,49138,49718,49437,2250,1900,1800,0.9828,0.0458,si
R-2174,32,universitaria,320000,1,2,10,114180,115491,109226,5012,11,7013,0.3568,0.0439,no
R-2175,25,posgrado,220000,1,2,2,222737,216397,207870,0,7109,6050,1.0124,0.0,no
R-2176,27,universitaria,80000,2,0,3,56789,58276,60102,2400,3000,2500,0.7099,0.0423,si
R-2177,43,universitaria,260000,2,2,10,2500,2500,2500,0,0,0,0.0096,0.0,si
R-2178,45,media,50000,0,0,0,24077,22385,3000,1000,3008,5260,0.4815,0.0415,no
R-2179,34,universitaria,180000,0,0,0,59076,50505,38547,3000,3000,33000,0.3282,0.0508,no
R-2180,29,media,80000,0,0,0,42488,43805,45126,2000,2051,1700,0.5311,0.0471,no
R-2181,50,posgrado,250000,1,0,0,0,0,138,0,138,946,0.0,0.0,no
R-2182,29,universitaria,290000,0,0,0,0,1591,0,1591,0,302,0.0,3.0,no
R-2183,45,posgrado,490000,0,0,0,9763,7059,5606,7059,6000,3136,0.0199,0.723,si
R-2184,42,universitaria,40000,0,0,0,780,0,780,0,780,0,0.0195,0.0,no
R-2185,37,posgrado,500000,0,0,0,3214,0,3030,0,3030,1167,0.0064,0.0,no
R-2186,37,universitaria,90000,0,0,0,85220,86745,71536,3000,3000,2411,0.9469,0.0352,si
R-2187,31,posgrado,350000,0,0,0,51900,1000,0,1000,0,0,0.1483,0.0193,no
R-2188,23,universitaria,20000,0,0,0,390,390,390,390,390,390,0.0195,1.0,no
R-2189,31,universitaria,50000,0,0,0,422,1334,3962,1532,3962,0,0.0084,3.0,si
R-2190,39,universitaria,90000,0,0,0,27571,337,3734,337,3740,38,0.3063,0.0122,no
R-2191,23,universitaria,150000,0,0,0,146480,147880,146958,6380,4570,4500,0.9765,0.0436,si
R-2192,39,universitaria,50000,1,0,0,0,0,0,0,0,2219,0.0,0.0,no
R-2193,62,universitaria,70000,1,2,4,24635,23020,22496,1100,1703,1000,0.3519,0.0447,no
R-2194,23,universitaria,50000,0,0,0,45256,41608,36554,2161,1621,1000,0.9051,0.0478,no
R-2195,25,posgrado,20000,0,0,0,15465,16489,17509,1280,1300,637,0.7732,0.0828,no
R-2196,36,universitaria,290000,0,0,0,16082,27310,12811,27411,12821,11111,0.0555,1.7045,no
R-2197,37,universitaria,70000,0,0,6,67573,68884,70511,3000,3500,0,0.9653,0.0444,si
R-2198,31,universitaria,340000,0,0,0,18495,1609,17707,1611,17709,31780,0.0544,0.0871,no
R-2199,34,posgrado,50000,0,0,0,51400,0,0,0,0,0,1.028,0.0,no
R-2200,30,universitaria,50000,0,0,0,48779,50097,50313,2400,1700,348,0.9756,0.0492,no
R-2201,45,universitaria,190000,2,0,0,140329,128107,131132,6800,7000,3585,0.7386,0.0485,no
R-2202,47,universitaria,360000,0,0,0,8289,389,389,390,390,390,0.023,0.0471,no
R-2203,32,posgrado,350000,0,0,0,67761,63187,58719,8007,2200,3000,0.1936,0.1182,no
R-2204,34,media,50000,0,0,2,9110,10454,12274,1500,2000,0,0.1822,0.1647,no
R-2205,38,posgrado,200000,0,0,0,0,0,0,0,0,0,0.0,0.0,no
R-2206,34,universitaria,120000,0,0,0,67,0,0,0,0,222,0.0006,0.0,no
R-2207,42,posgrado,150000,0,2,4,496,1188,940,940,0,965,0.0033,1.8952,no
R-2208,26,media,60000,1,2,2,61966,60308,47536,0,5021,5000,1.0328,0.0,no
R-2209,23,universitaria,10000,1,3,9,11640,10685,9730,0,0,3000,1.164,0.0,no
R-2210,50,posgrado,20000,0,0,0,9164,0,0,0,50000,0,0.4582,0.0,si
R-2211,43,media,290000,0,0,0,1994,390,390,390,390,390,0.0069,0.1956,no
R-2212,37,posgrado,360000,0,0,0,25078,20970,14407,21006,14430,6820,0.0697,0.8376,no
R-2213,45,universitaria,20000,4,3,5,21605,20987,20200,0,0,0,1.0802,0.0,no
R-2214,30,posgrado,260000,0,0,0,14096,15558,16986,2000,2000,1000,0.0542,0.1419,no
R-2215,41,posgrado,220000,0,0,0,2500,0,0,0,0,0,0.0114,0.0,no
R-2216,29,posgrado,300000,0,0,0,298072,305851,245210,13636,10633,7016,0.9936,0.0457,no
R-2217,32,posgrado,280000,1,0,0,0,0,3508,0,3508,0,0.0,0.0,si
R-2218,31,posgrado,280000,0,0,0,1558,0,940,0,940,0,0.0056,0.0,no
R-2219,30,posgrado,130000,3,2,4,8830,9533,10220,1000,1000,600,0.0679,0.1133,si
R-2220,41,media,260000,0,0,4,137614,137133,134970,5700,9000,4500,0.5293,0.0414,si
R-2221,53,media,130000,0,0,0,7477,6519,1403,6540,1411,5790,0.0575,0.8747,no
R-2222,29,universitaria,70000,0,0,0,34449,35009,21307,1600,1300,500,0.4921,0.0464,si
R-2223,24,posgrado,40000,0,0,0,19133,0,0,0,0,0,0.4783,0.0,no
R-2224,31,posgrado,220000,0,0,0,332,332,328,333,329,1029,0.0015,1.003,no
R-2225,42,universitaria,210000,0,0,0,4221,336,0,336,0,0,0.0201,0.0796,no
R-2226,27,universitaria,130000,0,0,0,792,0,396,0,396,485,0.0061,0.0,no
R-2227,27,posgrado,210000,0,0,0,272,894,2168,902,2168,762,0.0013,3.0,no
R-2228,58,universitaria,20000,0,0,0,19698,19224,18690,1315,1254,596,0.9849,0.0668,no
R-2229,40,universitaria,200000,0,0,0,7261,32333,12610,32543,13587,7850,0.0363,3.0,no
R-2230,63,media,180000,0,0,0,1344,0,0,0,0,0,0.0075,0.0,si
R-2231,37,posgrado,360000,0,0,0,16600,19190,20384,3194,2384,3271,0.0461,0.1924,no
R-2232,38,universitaria,500000,0,0,0,2343,4666,3492,4695,2506,2015,0.0047,2.0038,no
R-2233,46,universitaria,360000,0,0,0,6402,13301,3762,13389,3785,7527,0.0178,2.0914,si
R-2234,34,universitaria,60000,0,0,0,59291,60720,59503,3000,2267,1000,0.9882,0.0506,no
R-2235,23,posgrado,20000,0,0,0,8693,10045,11776,1500,2000,0,0.4346,0.1726,no
R-2236,30,posgrado,330000,0,0,0,5014,59970,18585,60207,18585,13835,0.0152,3.0,no
R-2237,46,universitaria,230000,0,0,0,3503,3354,858,3970,858,5505,0.0152,1.1333,no
R-2238,31,universitaria,390000,0,0,0,49667,33900,33545,1700,17000,333,0.1274,0.0342,no
R-2239,48,posgrado,240000,1,3,12,180189,191054,192447,15281,6000,0,0.7508,0.0848,no
R-2240,37,posgrado,400000,0,0,0,1783,1251,629,1251,629,0,0.0045,0.7016,no
R-2241,31,universitaria,30000,0,0,0,29285,29390,30300,1820,1730,1154,0.9762,0.0621,no
R-2242,37,posgrado,300000,0,0,0,52268,53440,54615,3000,3011,582,0.1742,0.0574,no
R-2243,30,universitaria,60000,0,0,0,41540,390,390,390,390,0,0.6923,0.0094,no
R-2244,49,universitaria,80000,0,0,0,79545,80932,22320,3708,1364,809,0.9943,0.0466,si
R-2245,43,universitaria,200000,2,2,6,150,150,150,0,0,0,0.0008,0.0,si
R-2246,54,media,50000,2,2,4,18691,21072,20039,3000,0,700,0.3738,0.1605,si
R-2247,40,media,130000,0,0,0,3015,2620,1330,1000,1330,0,0.0232,0.3317,no
R-2248,32,universitaria,320000,0,0,0,43265,28007,24986,1528,3019,2022,0.1352,0.0353,no
R-2249,38,posgrado,500000,0,0,0,7789,9656,7477,9666,7488,8370,0.0156,1.241,no
R-2250,48,media,60000,0,0,0,59063,53377,37418,2000,1900,1500,0.9844,0.0339,no
R-2251,42,universitaria,90000,0,0,0,780,0,0,0,0,0,0.0087,0.0,no
R-2252,24,posgrado,30000,0,0,0,28885,27924,27709,1459,1414,952,0.9628,0.0505,no
R-2253,25,universitaria,10000,0,0,0,5378,6482,7308,1200,1000,115,0.5378,0.2231,no
R-2254,26,universitaria,70000,0,0,0,66866,27072,26744,2000,1396,3000,0.9552,0.0299,si
R-2255,28,universitaria,50000,1,2,6,9500,7913,9572,0,1800,0,0.19,0.0,si
R-2256,28,posgrado,100000,0,0,0,16601,14414,11307,1539,1124,495,0.166,0.0927,no
R-2257,34,universitaria,150000,2,0,0,30821,33009,34867,3000,3000,1000,0.2055,0.0973,no
R-2258,42,universitaria,320000,0,0,0,730,1550,0,1550,0,2000,0.0023,2.1233,no
R-2259,37,posgrado,250000,0,0,0,1391,3498,8963,3498,8963,0,0.0056,2.5147,no
R-2260,33,posgrado,300000,0,0,0,1617,7785,3420,7785,3000,0,0.0054,3.0,no
R-2261,35,universitaria,100000,4,4,13,82348,82156,83318,1700,3100,0,0.8235,0.0206,si
R-2262,41,universitaria,420000,0,0,0,16657,2578,523,2590,525,1864,0.0397,0.1555,no
R-2263,49,universitaria,100000,0,0,0,10430,3313,490,3313,490,6974,0.1043,0.3176,no
R-2264,27,universitaria,100000,0,0,0,10458,9899,6618,2500,1162,3000,0.1046,0.2391,no
R-2265,44,media,500000,0,0,0,16179,1520,2031,2029,5262,3023,0.0324,0.1254,no
R-2266,30,posgrado,60000,0,0,0,24396,25463,27036,1463,2036,937,0.4066,0.06,no
R-2267,39,universitaria,110000,0,0,0,54806,54544,55357,2000,2200,2200,0.4982,0.0365,no
R-2268,43,posgrado,100000,0,0,0,42451,43564,45522,2100,3000,2500,0.4245,0.0495,no
R-2269,34,posgrado,200000,0,0,0,3692,-16,1886,0,1902,4723,0.0185,0.0,no
R-2270,44,posgrado,150000,0,0,0,13786,14418,15429,1232,1243,688,0.0919,0.0894,no
R-2271,24,posgrado,20000,0,0,2,3634,6568,7307,3000,1000,1000,0.1817,0.8255,no
R-2272,30,posgrado,150000,0,0,0,10427,-20,-20,0,0,0,0.0695,0.0,no
R-2273,27,media,80000,2,0,0,40846,3099,1950,1149,1000,0,0.5106,0.0281,si
R-2274,34,universitaria,160000,0,0,0,51721,46381,25254,2037,1000,10740,0.3233,0.0394,no
R-2275,30,posgrado,170000,2,2,10,158819,161487,157577,6500,0,13000,0.9342,0.0409,no
R-2276,47,universitaria,90000,2,2,6,61066,62999,61388,3500,0,4000,0.6785,0.0573,si
R-2277,31,universitaria,50000,0,0,0,40754,41588,43409,2000,2000,3000,0.8151,0.0491,no
R-2278,29,universitaria,290000,0,0,0,1199,2528,3781,2000,2000,3000,0.0041,1.6681,no
R-2279,52,universitaria,180000,0,0,0,0,0,145,0,145,0,0.0,0.0,no
R-2280,29,posgrado,360000,0,0,0,92693,87415,69552,20595,20200,10063,0.2575,0.2222,no
R-2281,28,universitaria,140000,2,2,10,12642,13740,13818,1600,600,700,0.0903,0.1266,si
R-2282,48,universitaria,110000,0,0,0,216582,110865,74340,8788,3152,1687,1.9689,0.0406,no
R-2283,28,universitaria,50000,0,0,0,33094,47035,44384,17012,2300,1618,0.6619,0.5141,no
R-2284,24,media,30000,1,2,2,18103,18418,19270,900,1215,755,0.6034,0.0497,si
R-2285,40,universitaria,80000,0,0,0,45747,40851,35933,1618,1533,1038,0.5718,0.0354,no
R-2286,39,media,180000,1,0,0,0,4835,2220,4835,2200,11303,0.0,3.0,no
R-2287,37,posgrado,150000,0,0,0,49112,48450,19790,1510,1850,101123,0.3274,0.0307,no
R-2288,25,posgrado,230000,0,0,0,52906,54454,53457,3000,2000,2500,0.23,0.0567,no
R-2289,39,universitaria,80000,3,2,6,13683,13178,13853,0,1200,1200,0.171,0.0,si
R-2290,23,universitaria,30000,2,0,6,16089,17127,19108,1300,2272,0,0.5363,0.0808,si
R-2291,34,universitaria,210000,0,0,0,86792,88106,89419,3319,3892,3184,0.4133,0.0382,no
R-2292,34,universitaria,200000,0,0,0,12842,9490,6955,13805,6797,28314,0.0642,1.075,si
R-2293,23,universitaria,50000,0,0,0,35454,33824,28528,1901,1900,1050,0.7091,0.0536,no
R-2294,30,universitaria,120000,0,0,0,2706,161,250,569,250,3265,0.0226,0.2103,no
R-2295,39,media,140000,0,0,0,108028,104626,101376,3889,4412,3000,0.7716,0.036,no
R-2296,50,universitaria,50000,0,0,0,3526,-4,1473,0,1477,2524,0.0705,0.0,si
R-2297,53,media,20000,0,0,0,4400,-220,-220,0,0,0,0.22,0.0,no
R-2298,35,universitaria,240000,0,0,0,1473,1473,1473,1473,1473,1473,0.0061,1.0,si
R-2299,41,posgrado,170000,0,0,0,10540,0,9871,0,9871,0,0.062,0.0,si
R-2300,24,universitaria,150000,1,2,2,170971,165806,146001,39,6000,3937,1.1398,0.0002,no
R-2301,25,universitaria,20000,0,0,8,15859,18486,18686,3200,800,900,0.793,0.2018,no
R-2302,28,posgrado,60000,0,0,2,18996,20806,22447,2120,2000,2269,0.3166,0.1116,si
R-2303,29,posgrado,70000,2,2,10,44594,45588,46540,2000,2000,1900,0.6371,0.0448,si
R-2304,48,posgrado,500000,0,0,0,273430,268256,262467,9704,10851,9005,0.5469,0.0355,no
R-2305,28,posgrado,400000,0,0,0,10430,24979,29925,24030,14062,1824,0.0261,2.3039,no
R-2306,51,posgrado,220000,0,0,0,20730,-270,53895,0,54165,0,0.0942,0.0,si
R-2307,31,posgrado,80000,0,0,0,5759,8395,1768,8414,1775,4284,0.072,1.461,no
R-2308,34,posgrado,100000,1,2,10,46092,45074,48287,0,3978,1900,0.4609,0.0,no
R-2309,51,media,100000,0,0,0,98918,96916,98492,4523,4213,3100,0.9892,0.0457,no
R-2310,30,posgrado,210000,0,0,0,1060,3229,4107,2200,1005,3208,0.005,2.0755,no
R-2311,31,universitaria,150000,0,0,2,8839,18814,14776,11394,0,13000,0.0589,1.2891,no
R-2312,23,posgrado,10000,0,0,13,3035,5802,5561,3000,0,3000,0.3035,0.9885,no
R-2313,27,posgrado,80000,0,0,0,2049,805,1672,2003,2019,12241,0.0256,0.9776,no
R-2314,41,media,50000,0,0,0,48403,49448,50125,2550,2227,339,0.9681,0.0527,no
R-2315,26,media,30000,1,2,2,30698,29034,28317,0,1442,986,1.0233,0.0,si
R-2316,39,posgrado,390000,0,0,0,31825,56333,70133,56613,70159,1264,0.0816,1.7789,no
R-2317,24,posgrado,20000,0,0,0,18556,19162,19293,1805,1400,405,0.9278,0.0973,no
R-2318,27,posgrado,90000,2,0,2,27459,28514,29733,1800,2000,1200,0.3051,0.0656,si
R-2319,35,universitaria,120000,1,0,0,0,0,554,0,554,4131,0.0,0.0,no
R-2320,24,universitaria,50000,0,0,0,50062,34819,48909,2000,15412,870,1.0012,0.04,no
R-2321,29,posgrado,30000,0,0,0,8326,557,8557,557,8000,43,0.2775,0.0669,no
R-2322,23,universitaria,30000,2,2,10,26795,29654,28879,3300,0,2500,0.8932,0.1232,no
R-2323,25,universitaria,20000,1,2,2,20415,18266,18921,1264,1249,625,1.0208,0.0619,no
R-2324,26,posgrado,130000,1,0,4,-888,5806,888,6694,0,0,-0.0068,3.0,no
R-2325,53,media,30000,2,0,0,34775,35946,37685,1733,2452,1072,1.1592,0.0498,no
R-2326,24,posgrado,30000,2,2,23,1800,1800,1800,0,0,0,0.06,0.0,no
R-2327,30,universitaria,390000,0,0,0,98984,102158,96446,5700,4000,3200,0.2538,0.0576,no
R-2328,26,universitaria,180000,0,0,0,88846,89730,93682,3279,6428,13669,0.4936,0.0369,si
R-2329,41,universitaria,200000,1,2,2,69963,67223,69167,0,2943,2301,0.3498,0.0,no
R-2330,29,universitaria,280000,0,0,0,330,9500,0,9500,0,0,0.0012,3.0,no
R-2331,40,universitaria,90000,0,0,0,9663,69279,59483,69616,59483,26665,0.1074,3.0,no
R-2332,48,posgrado,70000,0,0,0,62319,65102,63529,6000,4000,3000,0.8903,0.0963,no
R-2333,26,posgrado,120000,0,0,0,67519,110908,46025,3000,2100,2700,0.5627,0.0444,no
R-2334,38,posgrado,50000,0,0,0,21912,22939,23647,1685,1393,864,0.4382,0.0769,no
R-2335,26,universitaria,120000,0,0,0,74831,78082,80333,4000,3062,3000,0.6236,0.0535,no
R-2336,37,universitaria,220000,0,0,0,1918,4626,5602,4626,5602,769,0.0087,2.4119,no
R-2337,37,universitaria,260000,0,0,6,3689,3992,503,3993,503,0,0.0142,1.0824,no
R-2338,32,universitaria,60000,0,0,0,56228,56861,58152,2147,4740,1926,0.9371,0.0382,no
R-2339,29,posgrado,110000,1,0,0,0,0,0,0,0,9150,0.0,0.0,no
R-2340,43,universitaria,30000,0,0,0,24643,24963,24428,2496,1357,1000,0.8214,0.1013,no
R-2341,55,media,360000,0,0,0,23439,19112,10730,5000,1200,10000,0.0651,0.2133,no
R-2342,32,posgrado,220000,0,0,0,207384,213290,219202,9252,11000,8769,0.9427,0.0446,no
R-2343,47,media,140000,0,0,0,75883,67073,57233,2536,5017,10012,0.542,0.0334,no
R-2344,21,otra,10000,0,0,0,7691,8107,8036,1192,1000,162,0.7691,0.155,no
R-2345,43,posgrado,50000,0,0,2,49390,50612,29975,2449,1778,2382,0.9878,0.0496,no
R-2346,43,media,140000,0,0,0,139445,137950,133250,5500,5000,3500,0.996,0.0394,si
R-2347,48,universitaria,280000,0,0,0,9517,36527,14899,36527,14927,18410,0.034,3.0,no
R-2348,29,universitaria,170000,0,0,0,47742,45529,42805,2105,2447,1200,0.2808,0.0441,no
R-2349,42,posgrado,360000,0,0,0,5658,4164,2469,4164,2469,0,0.0157,0.7359,no
R-2350,30,posgrado,360000,0,0,0,98048,69568,22030,4000,5000,498,0.2724,0.0408,no
R-2351,36,media,110000,0,0,0,2309,3238,250,1002,450,3100,0.021,0.434,no
R-2352,48,media,230000,0,0,0,500,14883,33151,14883,20757,0,0.0022,3.0,no
R-2353,42,universitaria,270000,0,0,0,12263,10025,0,10025,0,0,0.0454,0.8175,no
R-2354,35,posgrado,610000,0,0,0,269672,274882,276887,10000,11000,10000,0.4421,0.0371,no
R-2355,34,universitaria,20000,1,2,2,20690,20075,19492,0,1500,805,1.0345,0.0,si
R-2356,23,universitaria,20000,0,0,0,16575,17629,18552,1327,1250,800,0.8288,0.0801,no
R-2357,33,universitaria,180000,0,0,0,47050,49282,50159,3000,2000,2011,0.2614,0.0638,no
R-2358,36,media,20000,2,2,14,1050,1050,1050,0,0,0,0.0525,0.0,si
R-2359,26,universitaria,80000,0,0,0,35897,30090,29299,1510,2085,248,0.4487,0.0421,no
R-2360,28,posgrado,180000,0,0,0,2619,1839,2544,1839,2544,1134,0.0146,0.7022,si
R-2361,34,universitaria,90000,1,2,2,50281,14033,12628,0,2000,20172,0.5587,0.0,no
R-2362,37,posgrado,120000,0,2,2,1235,316,316,0,316,16885,0.0103,0.0,no
R-2363,53,media,80000,1,0,0,0,1710,0,1710,0,0,0.0,3.0,si
R-2364,46,universitaria,20000,1,2,2,19866,19257,18901,0,1200,9,0.9933,0.0,si
R-2365,62,universitaria,140000,0,0,0,143107,138581,123491,4839,5000,5000,1.0222,0.0338,no
R-2366,33,universitaria,170000,0,0,0,263,641,0,641,0,638,0.0015,2.4373,no
R-2367,47,universitaria,50000,2,0,6,10992,12047,15257,1540,3750,700,0.2198,0.1401,si
R-2368,52,universitaria,20000,0,0,0,19773,18459,19398,1331,1270,633,0.9886,0.0673,si
R-2369,22,universitaria,20000,0,0,0,20117,18784,19538,1466,2000,1000,1.0058,0.0729,no
R-2370,25,universitaria,50000,0,0,0,47809,49040,29662,2141,1763,1161,0.9562,0.0448,no
R-2371,37,media,80000,0,0,0,7070,3087,5210,3087,5215,3882,0.0884,0.4366,no
R-2372,37,universitaria,80000,0,0,0,39839,40596,41914,1700,1996,1700,0.498,0.0427,no
R-2373,52,posgrado,360000,0,0,0,7542,6302,4719,6302,4719,1577,0.021,0.8356,no
R-2374,31,posgrado,290000,0,0,0,1170,0,83289,0,83289,0,0.004,0.0,no
R-2375,36,posgrado,500000,0,0,0,396,1043,19230,1043,19230,100062,0.0008,2.6338,no
R-2376,53,media,20000,0,0,2,17614,19323,19694,2000,1000,1000,0.8807,0.1135,si
R-2377,38,posgrado,180000,1,2,2,124233,125768,126202,5000,4200,3000,0.6902,0.0402,si
R-2378,44,universitaria,80000,0,0,0,47102,24470,25614,1473,1617,856,0.5888,0.0313,no
R-2379,34,universitaria,290000,0,0,0,38027,23036,129433,6000,120000,5000,0.1311,0.1578,no
R-2380,46,media,250000,0,0,0,55891,59152,20615,21343,1238,1235,0.2236,0.3819,no
R-2381,30,universitaria,50000,1,2,2,52419,51309,51135,0,2500,2271,1.0484,0.0,no
R-2382,36,universitaria,200000,0,0,0,4670,4670,4670,4670,4670,4670,0.0234,1.0,si
R-2383,29,posgrado,340000,0,0,0,182441,181085,179607,6550,6500,5830,0.5366,0.0359,no
R-2384,43,universitaria,120000,2,2,2,124613,121211,120920,0,3507,2000,1.0384,0.0,si
R-2385,40,posgrado,320000,0,0,0,151222,135038,108924,6500,8000,4000,0.4726,0.043,no
R-2386,29,posgrado,50000,0,0,0,2000,5743,1134,5934,1134,3067,0.04,2.967,no
R-2387,27,posgrado,110000,0,0,0,34314,33538,37448,5000,5000,3000,0.3119,0.1457,no
R-2388,27,universitaria,210000,0,0,0,87909,86769,85001,4100,3500,3113,0.4186,0.0466,no
R-2389,42,posgrado,300000,1,2,10,32643,33427,32591,1600,0,2900,0.1088,0.049,no
R-2390,29,posgrado,390000,0,0,0,283965,278793,275339,8724,8445,8103,0.7281,0.0307,no
R-2391,25,posgrado,50000,0,3,5,1304,978,652,0,0,0,0.0261,0.0,si
R-2392,23,universitaria,20000,0,0,0,14313,4256,200,1000,200,0,0.7156,0.0699,no
R-2393,25,universitaria,80000,0,0,0,62242,28610,29425,19885,1700,1169,0.778,0.3195,no
R-2394,55,posgrado,360000,0,0,0,2334,37570,5102,37570,5102,15701,0.0065,3.0,no
R-2395,23,universitaria,90000,0,0,0,13808,4300,2748,4335,4448,6980,0.1534,0.3139,no
R-2396,55,media,10000,2,2,18,420,420,420,0,0,0,0.042,0.0,si
R-2397,54,posgrado,220000,1,0,0,0,0,788,0,788,0,0.0,0.0,no
R-2398,28,universitaria,150000,2,0,0,148095,143845,132677,8000,5300,3500,0.9873,0.054,no
R-2399,25,universitaria,50000,0,0,8,21397,24233,23551,3500,0,2000,0.4279,0.1636,si
R-2400,45,media,100000,0,0,0,1480,916,1238,916,1238,916,0.0148,0.6189,no
R-2401,46,media,10000,0,0,0,7170,8240,8050,1200,1000,150,0.717,0.1674,no
R-2402,24,universitaria,180000,0,0,0,182545,177885,182341,9000,9300,4600,1.0141,0.0493,no
R-2403,35,posgrado,150000,0,0,0,147471,151713,130107,20000,5000,2000,0.9831,0.1356,no
R-2404,44,universitaria,50000,0,0,0,19091,20179,21190,1400,1352,1000,0.3818,0.0733,no
R-2405,36,universitaria,120000,0,0,0,326,0,652,0,978,0,0.0027,0.0,no
R-2406,30,universitaria,110000,0,0,2,100908,105371,52113,7000,0,2053,0.9173,0.0694,si
R-2407,49,posgrado,140000,2,0,0,136128,98337,60627,4756,3600,1500,0.9723,0.0349,si
R-2408,29,universitaria,200000,0,0,0,170964,174509,176523,7788,6400,6700,0.8548,0.0456,si
R-2409,35,universitaria,250000,0,0,0,241711,205944,210513,7481,8000,7682,0.9668,0.031,no
R-2410,38,posgrado,300000,0,0,0,105932,100815,103744,5137,30022,5006,0.3531,0.0485,no
R-2411,34,posgrado,160000,0,0,0,1072,3297,5923,3297,5939,158,0.0067,3.0,no
R-2412,35,media,500000,0,0,0,1900,1489,1989,1489,1989,1200,0.0038,0.7837,si
R-2413,36,universitaria,320000,0,0,0,-20,-20,-20,0,0,0,-0.0001,0.0,no
R-2414,40,posgrado,270000,0,0,0,19769,34813,43852,34813,43856,29682,0.0732,1.761,no
R-2415,26,universitaria,120000,0,0,0,4317,5240,5283,2000,1000,1000,0.036,0.4633,no
R-2416,25,universitaria,110000,2,0,0,109924,111805,108207,6000,4380,3000,0.9993,0.0546,si
R-2417,32,universitaria,450000,0,0,0,-3768,-3938,-5738,179,1800,0,-0.0084,3.0,no
R-2418,35,universitaria,290000,0,0,0,17397,11754,28874,12556,29020,78178,0.06,0.7217,no
R-2419,47,media,20000,0,0,8,7384,9356,9400,2108,352,837,0.3692,0.2855,si
R-2420,36,universitaria,100000,1,2,13,9670,9371,11705,0,2500,1700,0.0967,0.0,no
R-2421,37,posgrado,50000,2,0,2,48716,49504,44127,2213,1804,2700,0.9743,0.0454,si
R-2422,35,universitaria,110000,0,0,0,125719,121523,116319,4316,4120,4001,1.1429,0.0343,no
R-2423,39,universitaria,50000,0,0,0,17698,16533,17636,2005,4000,1000,0.354,0.1133,no
R-2424,39,posgrado,160000,1,0,0,-16,1955,2047,1971,2047,15848,-0.0001,3.0,no
R-2425,28,universitaria,80000,0,0,0,0,0,641,0,641,658,0.0,0.0,no
R-2426,39,universitaria,200000,0,0,0,25483,31537,34114,6541,5351,200,0.1274,0.2567,no
R-2427,37,posgrado,300000,0,0,0,0,51,12351,51,12300,0,0.0,3.0,no
R-2428,26,universitaria,200000,0,0,4,105433,108408,116094,5498,11084,3800,0.5272,0.0521,no
R-2429,25,universitaria,120000,1,0,0,0,0,12162,0,12162,1553,0.0,0.0,si
R-2430,28,posgrado,240000,0,0,0,133230,136579,139281,5500,5036,4000,0.5551,0.0413,no
R-2431,57,posgrado,490000,0,0,0,354782,348786,349958,17035,20059,12943,0.724,0.048,no
R-2432,37,universitaria,300000,1,0,2,-165580,324392,296931,505000,331,1070,-0.5519,3.0,no
R-2433,38,universitaria,50000,0,0,0,22178,21976,21697,1700,1650,850,0.4436,0.0767,no
R-2434,34,otra,510000,0,0,0,10554,568,22058,1074,22657,11586,0.0207,0.1018,no
R-2435,26,posgrado,210000,0,0,0,3292,6399,2085,3399,2085,3000,0.0157,1.0325,no
R-2436,28,posgrado,230000,0,0,0,29108,29240,30062,1587,1409,10000,0.1266,0.0545,no
R-2437,46,media,140000,0,0,0,132586,135165,125427,4800,4500,4600,0.947,0.0362,no
R-2438,30,posgrado,150000,0,0,0,12516,5568,6106,5568,6106,4357,0.0834,0.4449,no
R-2439,40,posgrado,20000,0,0,0,13639,14711,15462,1600,1300,800,0.6819,0.1173,no
R-2440,34,posgrado,90000,2,0,0,54933,55460,56599,2009,2057,2500,0.6104,0.0366,si
R-2441,41,universitaria,150000,0,0,0,1906,4983,12029,5002,12040,13821,0.0127,2.6243,no
R-2442,30,posgrado,360000,0,0,0,11193,332,272,332,272,1465,0.0311,0.0297,no
R-2443,28,universitaria,40000,1,2,8,27746,23209,22040,2000,0,2000,0.6936,0.0721,si
R-2444,30,posgrado,340000,0,0,0,2943,3352,3738,3375,3759,1803,0.0087,1.1468,no
R-2445,37,universitaria,450000,0,0,0,1212,791,2663,1032,2663,783,0.0027,0.8515,si
R-2446,51,media,70000,0,0,0,32485,30527,13407,1267,1191,427,0.4641,0.039,no
R-2447,38,universitaria,60000,0,0,0,13138,22389,16586,20000,5000,3000,0.219,1.5223,si
R-2448,31,universitaria,130000,0,0,0,80533,42126,44370,1816,3060,69000,0.6195,0.0225,no
R-2449,26,universitaria,50000,0,0,0,3475,-25,2500,0,2525,0,0.0695,0.0,no
R-2450,31,posgrado,370000,0,0,0,0,229818,234379,229818,8409,8500,0.0,3.0,no
R-2451,35,universitaria,200000,0,0,0,11409,1222,3308,1228,3324,483,0.057,0.1076,no
R-2452,42,universitaria,150000,0,0,0,6407,-6,-3,0,0,0,0.0427,0.0,no
R-2453,28,universitaria,100000,2,0,0,95197,87478,89245,4050,4114,3379,0.952,0.0425,no
R-2454,31,media,260000,0,0,0,20000,0,0,0,0,0,0.0769,0.0,no
R-2455,27,posgrado,140000,0,0,0,776,0,776,0,1552,380,0.0055,0.0,no
R-2456,30,posgrado,240000,0,0,0,12876,4420,4508,1905,3632,7100,0.0536,0.1479,no
R-2457,28,posgrado,360000,0,0,0,2386,3166,2776,3166,2776,7158,0.0066,1.3269,no
R-2458,22,universitaria,20000,0,0,2,16072,17205,17903,1700,1300,700,0.8036,0.1058,no
R-2459,46,media,90000,0,0,0,1609,686,3904,1372,3904,686,0.0179,0.8527,no
R-2460,23,universitaria,150000,0,0,2,41408,40958,39934,2074,1926,0,0.2761,0.0501,no
R-2461,52,posgrado,500000,0,0,0,1323,1725,0,1725,0,0,0.0026,1.3039,no
R-2462,41,universitaria,230000,0,0,0,38975,35294,39295,5000,5000,5000,0.1695,0.1283,no
R-2463,40,posgrado,180000,0,0,0,123705,126429,20650,6019,1074,2038,0.6872,0.0487,no
R-2464,42,media,327680,0,0,0,344011,336175,333048,11219,11461,9100,1.0498,0.0326,si
R-2465,42,universitaria,100000,0,0,0,976,5476,10303,4500,5000,1000,0.0098,3.0,si
R-2466,37,posgrado,250000,0,0,0,13504,13486,14261,1267,1310,232,0.054,0.0938,no
R-2467,28,universitaria,20000,0,0,6,6866,8246,10101,1500,2000,0,0.3433,0.2185,no
R-2468,47,universitaria,210000,0,0,0,17952,18894,20296,1500,2000,2000,0.0855,0.0836,no
R-2469,49,media,250000,0,0,0,632,316,316,0,316,316,0.0025,0.0,si
R-2470,28,media,80000,0,0,0,77450,78100,76204,3500,2600,2400,0.9681,0.0452,no
R-2471,27,universitaria,90000,0,0,8,20249,44731,43712,25000,0,10000,0.225,1.2346,no
R-2472,42,posgrado,70000,0,0,0,71255,71338,71267,2800,2800,2900,1.0179,0.0393,si
R-2473,27,universitaria,90000,0,0,0,509,511,4451,511,4451,82,0.0057,1.0039,si
R-2474,23,universitaria,50000,0,0,0,49103,44351,38726,1800,2128,1000,0.9821,0.0367,no
R-2475,30,posgrado,150000,0,0,0,150311,138240,138887,5500,3400,5883,1.0021,0.0366,si
R-2476,52,universitaria,120000,0,0,0,119796,117229,239224,4700,5590,4000,0.9983,0.0392,no
R-2477,24,media,120000,0,0,0,79172,61300,0,2500,0,0,0.6598,0.0316,no
R-2478,40,posgrado,200000,1,0,0,0,0,0,0,0,0,0.0,0.0,si
R-2479,27,posgrado,120000,0,0,0,1026,1026,1026,1026,1026,1026,0.0086,1.0,no
R-2480,25,universitaria,50000,3,2,4,49081,50074,48610,2063,0,800,0.9816,0.042,si
R-2481,56,posgrado,500000,0,0,0,22981,97007,32109,97345,32189,56436,0.046,3.0,no
R-2482,25,universitaria,10000,0,2,2,7786,8512,9290,1000,1000,190,0.7786,0.1284,no
R-2483,27,universitaria,10000,2,2,6,6743,9060,8768,2600,0,1000,0.6743,0.3856,si
R-2484,44,universitaria,80000,0,0,0,1719,1732,1250,1000,1250,175,0.0215,0.5817,no
R-2485,41,universitaria,40000,0,0,0,39295,38490,38224,1786,1890,2000,0.9824,0.0455,no
R-2486,22,media,10000,1,2,4,8846,8560,9706,0,1300,1000,0.8846,0.0,no
R-2487,30,universitaria,10000,0,0,0,390,0,780,0,780,0,0.039,0.0,si
R-2488,54,posgrado,50000,2,2,4,47927,50421,17637,4090,0,633,0.9585,0.0853,si
R-2489,36,media,10000,0,0,0,4945,6157,7172,1300,1124,1000,0.4945,0.2629,no
R-2490,49,universitaria,500000,0,0,0,5157,77667,94159,77677,20000,3500,0.0103,3.0,no
R-2491,27,posgrado,50000,0,0,0,0,0,0,0,0,0,0.0,0.0,no
R-2492,33,universitaria,70000,2,0,0,49307,48214,27572,1500,1300,1505,0.7044,0.0304,si
R-2493,40,universitaria,160000,1,0,0,0,0,0,0,0,0,0.0,0.0,no
R-2494,24,universitaria,290000,0,0,0,230014,219207,215223,8411,8600,7000,0.7932,0.0366,no
R-2495,33,media,110000,0,0,0,110704,55885,56779,2056,2100,2100,1.0064,0.0186,no
R-2496,38,universitaria,50000,0,0,0,50748,48626,20712,1500,1200,2500,1.015,0.0296,no
R-2497,39,universitaria,400000,0,0,0,91170,55588,14037,55974,14079,20417,0.2279,0.614,no
R-2498,42,universitaria,430000,2,2,10,289358,296219,300873,13000,11000,0,0.6729,0.0449,si
R-2499,35,posgrado,150000,0,0,0,38484,43489,48194,8000,5175,3000,0.2566,0.2079,no
R-2500,30,posgrado,170000,0,0,0,30552,29342,30544,2500,2500,780,0.1797,0.0818,no
R-2501,35,posgrado,180000,0,0,0,574,396,395,396,395,848,0.0032,0.6899,no
R-2502,38,media,20000,0,0,2,12193,11242,8015,5015,0,0,0.6096,0.4113,no
R-2503,42,posgrado,370000,0,0,0,271452,256269,200761,11295,8300,5000,0.7337,0.0416,no
R-2504,25,posgrado,180000,0,0,4,7026,10080,3254,10080,0,1443,0.039,1.4347,no
R-2505,38,posgrado,390000,0,0,0,9610,6090,18119,6090,18119,304,0.0246,0.6337,no
R-2506,32,universitaria,20000,0,0,0,14662,10305,11127,1500,1300,2000,0.7331,0.1023,no
R-2507,34,media,200000,0,0,2,73494,82253,179964,10000,100000,0,0.3675,0.1361,no
R-2508,27,posgrado,70000,1,2,10,61401,62712,63586,2900,2500,2500,0.8772,0.0472,no
R-2509,34,media,70000,1,2,10,16354,17295,16720,1500,0,2000,0.2336,0.0917,no
R-2510,38,posgrado,170000,1,0,0,0,0,0,0,0,0,0.0,0.0,si
R-2511,31,posgrado,50000,0,0,0,50758,49517,49528,2501,2005,1312,1.0152,0.0493,no
R-2512,23,posgrado,20000,1,0,0,0,342,1342,342,1000,30,0.0,3.0,no
R-2513,29,universitaria,300000,0,0,0,1825,2017,2476,2017,2476,5797,0.0061,1.1052,no
R-2514,29,media,110000,1,2,4,109636,96380,56414,0,3000,2000,0.9967,0.0,no
R-2515,22,universitaria,70000,0,0,0,9232,68209,66087,68209,2081,2000,0.1319,3.0,no
R-2516,30,posgrado,340000,0,0,0,24400,27791,6097,27800,6097,2272,0.0718,1.1393,no
R-2517,27,universitaria,160000,1,0,0,0,418,0,418,0,0,0.0,3.0,si
R-2518,46,posgrado,300000,1,0,0,0,0,0,0,0,0,0.0,0.0,si
R-2519,29,universitaria,130000,0,0,0,132214,132361,128904,5500,5904,4785,1.017,0.0416,no
R-2520,38,posgrado,340000,0,0,0,15065,41951,86114,41951,50000,30000,0.0443,2.7847,no
R-2521,26,posgrado,300000,0,0,0,48729,47798,57390,7500,18340,1000,0.1624,0.1539,no
R-2522,44,universitaria,180000,0,0,0,1110,1110,1110,1110,1110,1110,0.0062,1.0,no
R-2523,29,universitaria,450000,0,0,0,51686,54224,49606,10068,10075,10000,0.1149,0.1948,no
R-2524,53,universitaria,260000,1,2,10,118107,121763,133107,3656,15000,0,0.4543,0.031,si
R-2525,25,posgrado,50000,1,3,11,27796,27069,27324,0,1000,3000,0.5559,0.0,si
R-2526,44,universitaria,250000,0,0,0,4602,18382,15450,5000,16000,0,0.0184,1.0865,no
R-2527,25,universitaria,70000,0,0,4,70488,51152,35122,2000,4500,1200,1.007,0.0284,no
R-2528,26,posgrado,110000,0,0,0,110925,110909,111851,5607,4400,2683,1.0084,0.0505,no
R-2529,55,posgrado,190000,0,0,0,5928,9770,8032,9770,8034,0,0.0312,1.6481,no
R-2530,38,universitaria,360000,1,0,0,0,0,0,0,0,0,0.0,0.0,no
R-2531,27,posgrado,120000,0,2,2,6553,2752,10834,0,10834,280,0.0546,0.0,no
R-2532,25,universitaria,20000,0,0,0,20195,19638,17198,1376,1121,460,1.0098,0.0681,no
R-2533,40,media,20000,0,0,2,5945,8184,7839,2345,0,160,0.2972,0.3944,si
R-2534,28,media,20000,1,3,21,19109,23788,23154,5000,0,0,0.9554,0.2617,si
R-2535,29,universitaria,150000,0,0,4,2501,6845,4592,4400,0,4025,0.0167,1.7593,no
R-2536,35,media,210000,0,0,0,1983,-17,9000,0,9017,7905,0.0094,0.0,no
R-2537,39,universitaria,320000,0,0,0,147440,137938,131816,5009,6125,4001,0.4608,0.034,no
R-2538,27,universitaria,30000,2,0,0,1473,2998,2946,2998,1473,0,0.0491,2.0353,si
R-2539,22,universitaria,20000,2,0,5,6643,7872,9077,1500,1500,2225,0.3322,0.2258,si
R-2540,28,posgrado,140000,0,0,0,8483,9526,33788,9532,33788,0,0.0606,1.1237,no
R-2541,23,universitaria,90000,0,0,0,80551,11066,2408,2028,1007,57113,0.895,0.0252,no
R-2542,39,posgrado,300000,0,0,4,27459,34405,3283,8000,0,3961,0.0915,0.2913,si
R-2543,39,universitaria,130000,0,0,0,93797,91523,88331,3339,2892,2733,0.7215,0.0356,no
R-2544,26,universitaria,150000,2,2,2,37594,30432,20346,0,1150,664,0.2506,0.0,no
R-2545,37,universitaria,210000,0,0,0,15637,17560,16765,3017,3023,5014,0.0745,0.1929,no
R-2546,30,universitaria,180000,0,0,0,4747,4221,9065,1200,5000,1000,0.0264,0.2528,no
R-2547,23,universitaria,40000,2,3,9,31772,30983,33168,0,3000,1200,0.7943,0.0,no
R-2548,36,posgrado,210000,0,0,0,167,0,0,0,0,0,0.0008,0.0,no
R-2549,33,universitaria,100000,2,0,0,66393,67827,69202,3100,3100,2700,0.6639,0.0467,si
R-2550,25,media,150000,0,0,0,29823,25968,24823,1630,7000,5000,0.1988,0.0547,no
R-2551,40,posgrado,20000,0,0,0,20324,18509,20076,1500,20000,909,1.0162,0.0738,no
R-2552,28,universitaria,20000,2,0,0,390,390,390,390,390,390,0.0195,1.0,si
R-2553,53,universitaria,250000,0,0,2,177537,198017,192962,25000,0,7000,0.7101,0.1408,no
R-2554,34,posgrado,50000,0,0,2,49135,49209,36372,1971,2000,3342,0.9827,0.0401,no
R-2555,51,posgrado,360000,0,0,0,353200,337593,341528,13806,12303,15005,0.9811,0.0391,no
R-2556,36,posgrado,150000,0,0,0,95716,96181,99933,3226,4959,5000,0.6381,0.0337,no
R-2557,25,posgrado,150000,0,0,0,25484,26726,27810,1726,1810,172,0.1699,0.0677,no
R-2558,23,posgrado,50000,0,0,0,29772,17515,10483,1229,1000,94,0.5954,0.0413,no
R-2559,22,universitaria,50000,0,0,0,22458,22571,22309,1513,1500,1000,0.4492,0.0674,no
R-2560,26,universitaria,110000,0,0,2,34949,35686,37086,1600,2000,1500,0.3177,0.0458,no
R-2561,23,universitaria,50000,0,0,0,47598,40714,38124,2559,1969,684,0.952,0.0538,no
R-2562,48,universitaria,240000,0,0,0,-5,-5,1056,0,1061,0,-0.0,0.0,si
R-2563,31,universitaria,130000,0,0,0,97544,99208,102946,4000,5300,3700,0.7503,0.041,no
R-2564,28,universitaria,120000,1,0,0,0,0,0,0,0,0,0.0,0.0,no
R-2565,25,universitaria,180000,0,0,0,3231,12513,-628,15000,0,10000,0.018,3.0,no
R-2566,31,universitaria,130000,2,2,2,131635,126548,127748,0,5100,4100,1.0126,0.0,si
R-2567,33,media,50000,1,2,2,51421,50322,49741,0,1379,945,1.0284,0.0,si
R-2568,43,universitaria,20000,2,0,0,18908,19232,20087,1700,1530,700,0.9454,0.0899,si
R-2569,29,universitaria,30000,2,2,2,26414,27189,28235,1500,1800,1200,0.8805,0.0568,no
R-2570,29,posgrado,200000,0,0,0,2704,4959,5800,4959,1000,200,0.0135,1.8339,no
R-2571,57,universitaria,50000,4,3,5,51187,50106,48608,0,0,392,1.0237,0.0,no
R-2572,48,posgrado,200000,0,0,0,8000,7919,4684,7919,4687,3051,0.04,0.9899,no
R-2573,48,media,50000,0,0,0,45163,25870,28027,1500,3000,1200,0.9033,0.0332,no
R-2574,25,universitaria,30000,0,0,4,7527,9705,9009,2700,0,1000,0.2509,0.3587,si
R-2575,37,posgrado,490000,0,0,0,36518,77996,274442,77996,274526,4693,0.0745,2.1358,no
R-2576,58,posgrado,200000,0,0,0,283,5361,6309,5361,6309,385,0.0014,3.0,no
R-2577,39,posgrado,500000,0,0,0,1950,2900,1950,2900,2000,2739,0.0039,1.4872,si
R-2578,51,media,20000,0,0,0,21353,20736,20000,0,38,0,1.0676,0.0,si
R-2579,26,universitaria,30000,0,0,0,-32,5588,1200,11208,1211,2444,-0.0011,3.0,no
R-2580,26,universitaria,80000,0,0,0,80233,79849,77796,4000,2300,1300,1.0029,0.0499,no
R-2581,39,posgrado,240000,0,0,0,236229,222103,221963,8019,7218,10060,0.9843,0.0339,no
R-2582,28,universitaria,60000,0,0,0,55731,57239,57183,3000,1800,1000,0.9288,0.0538,no
R-2583,39,universitaria,260000,0,0,0,255674,260778,124739,10663,4520,4537,0.9834,0.0417,si
R-2584,30,posgrado,260000,0,0,0,496,496,992,496,992,496,0.0019,1.0,no
R-2585,32,posgrado,140000,0,0,0,129371,131025,39505,5650,1650,2007,0.9241,0.0437,no
R-2586,29,posgrado,360000,0,0,0,148582,96639,82386,90044,10090,50006,0.4127,0.606,no
R-2587,41,posgrado,320000,0,0,0,321281,324449,254293,27000,17000,7030,1.004,0.084,no
R-2588,34,universitaria,180000,1,2,10,142024,144790,146552,6500,5600,0,0.789,0.0458,si
R-2589,50,posgrado,70000,0,0,0,56551,34489,32669,1900,1630,890,0.8079,0.0336,no
R-2590,36,media,480000,0,0,0,19311,13368,7000,1368,1000,7331,0.0402,0.0708,no
R-2591,28,posgrado,100000,1,0,0,0,0,0,0,0,0,0.0,0.0,si
R-2592,26,media,50000,0,0,0,26708,25230,26999,2000,3000,1500,0.5342,0.0749,no
R-2593,38,universitaria,70000,0,0,0,40271,41126,21125,3000,7000,1100,0.5753,0.0745,no
R-2594,59,media,30000,0,0,0,28372,29152,29643,2010,1500,788,0.9457,0.0708,no
R-2595,64,posgrado,200000,1,0,0,0,0,0,0,0,0,0.0,0.0,no
R-2596,30,posgrado,210000,1,0,2,0,855,855,855,0,0,0.0,3.0,no
R-2597,58,posgrado,130000,0,0,0,137671,139089,50093,4300,1500,0,1.059,0.0312,no
R-2598,34,posgrado,300000,2,2,6,2500,2500,2500,0,0,0,0.0083,0.0,si
R-2599,30,posgrado,200000,0,0,0,1528,4179,1689,4191,1200,1893,0.0076,2.7428,no
R-2600,24,universitaria,20000,3,2,2,18585,18003,19012,0,1612,700,0.9292,0.0,si
R-2601,32,posgrado,150000,1,0,0,0,258,44476,258,44476,18547,0.0,3.0,si
R-2602,28,posgrado,750000,1,0,0,9500,9655,401003,250000,401003,7990,0.0127,3.0,no
R-2603,27,posgrado,180000,0,0,0,11168,6496,9733,6678,9740,4088,0.062,0.598,no
R-2604,46,media,250000,0,0,0,244563,248218,70004,10925,2351,1886,0.9783,0.0447,no
R-2605,35,posgrado,350000,2,0,0,105,3298,50064,3308,50206,40,0.0003,3.0,no
R-2606,28,media,80000,0,0,0,70194,71912,69776,3500,3000,2500,0.8774,0.0499,no
R-2607,25,universitaria,30000,0,0,0,19955,20348,18339,1338,1500,1000,0.6652,0.0671,no
R-2608,33,posgrado,230000,0,0,0,228639,226778,184466,10075,10135,6034,0.9941,0.0441,no
R-2609,22,posgrado,20000,1,2,4,19438,20528,19464,1700,0,700,0.9719,0.0875,si
R-2610,27,universitaria,50000,0,0,0,162865,167086,169217,5000,3703,1000,3.2573,0.0307,no
R-2611,55,universitaria,200000,1,2,8,181339,177233,188461,0,14000,7000,0.9067,0.0,si
R-2612,26,posgrado,360000,0,0,0,145,3526,8510,3600,8510,4000,0.0004,3.0,si
R-2613,23,universitaria,50000,0,0,4,38333,40401,42897,3000,3500,2500,0.7667,0.0783,no
R-2614,29,media,110000,0,0,2,64351,64739,75697,1415,12182,12201,0.585,0.022,si
R-2615,23,posgrado,80000,1,0,2,-12,2321,60,2333,0,5182,-0.0001,3.0,no
R-2616,52,media,210000,0,0,0,65265,38627,142285,39000,150109,180,0.3108,0.5976,no
R-2617,36,universitaria,70000,0,0,0,66888,69306,24348,4000,1704,1100,0.9555,0.0598,no
R-2618,25,posgrado,200000,0,0,0,92400,0,0,0,0,92384,0.462,0.0,no
R-2619,37,posgrado,270000,0,0,0,396,396,792,396,792,0,0.0015,1.0,si
R-2620,26,universitaria,100000,0,0,0,80117,46939,17841,2683,2500,3000,0.8012,0.0335,no
R-2621,34,media,50000,0,0,0,17095,18261,19313,1448,1500,419,0.3419,0.0847,no
R-2622,54,universitaria,230000,0,0,0,0,880,0,880,0,0,0.0,3.0,no
R-2623,46,universitaria,50000,0,0,0,44076,44406,45320,1810,2500,2000,0.8815,0.0411,no
R-2624,46,universitaria,20000,0,0,3,16294,17327,18335,1600,1600,1200,0.8147,0.0982,si
R-2625,25,posgrado,50000,0,0,2,11324,11811,13008,1500,1433,1465,0.2265,0.1325,no
R-2626,44,universitaria,200000,0,0,0,541,541,1082,541,1082,0,0.0027,1.0,no
R-2627,28,media,100000,0,0,0,103728,104908,65800,3184,3000,18300,1.0373,0.0307,si
R-2628,37,universitaria,250000,0,0,0,25366,36567,24079,36655,24104,13144,0.1015,1.445,no
R-2629,38,universitaria,20000,0,0,0,18669,19304,19905,1326,1317,714,0.9334,0.071,no
R-2630,38,posgrado,390000,0,0,0,30642,31843,32860,2000,1548,1199,0.0786,0.0653,no
R-2631,36,posgrado,310000,0,0,0,6514,8619,6204,8619,6206,2905,0.021,1.3232,no
R-2632,51,universitaria,90000,0,0,0,12822,10944,12255,1188,1499,436,0.1425,0.0927,no
R-2633,29,posgrado,140000,0,0,6,11693,13490,16747,2000,3500,0,0.0835,0.171,no
R-2634,36,otra,150000,0,0,0,220889,133616,136378,3800,3900,4000,1.4726,0.0172,no
R-2635,27,posgrado,230000,0,0,0,5652,7652,2062,7662,2066,2007,0.0246,1.3556,no
R-2636,56,media,20000,0,0,2,14231,16074,14212,2100,1000,1000,0.7116,0.1476,no
R-2637,69,posgrado,500000,0,0,0,1200,5652,271,5652,271,1234,0.0024,3.0,no
R-2638,28,universitaria,360000,0,0,0,63352,58601,19567,6010,4000,0,0.176,0.0949,no
R-2639,35,universitaria,400000,0,0,0,109943,222085,223350,120018,10071,8037,0.2749,1.0916,si
R-2640,54,media,140000,0,0,0,1045,1947,998,1952,1001,957,0.0075,1.8679,no
R-2641,34,universitaria,30000,0,0,0,29949,24653,29779,6000,12000,6000,0.9983,0.2003,no
R-2642,56,posgrado,140000,0,0,0,138468,93802,94531,4300,3500,3600,0.9891,0.0311,no
R-2643,39,media,150000,0,0,0,108755,112554,113583,5163,4000,3764,0.725,0.0475,no
R-2644,62,posgrado,20000,0,0,0,17607,18711,9540,1500,1000,1000,0.8804,0.0852,no
R-2645,27,media,420000,0,0,0,1486,-3341,116659,2679,120000,5003,0.0035,1.8028,si
R-2646,22,posgrado,40000,0,0,0,34521,35662,36918,2000,2000,1071,0.863,0.0579,si
R-2647,43,universitaria,50000,1,2,4,44344,45363,44326,2021,0,1596,0.8869,0.0456,si
R-2648,23,universitaria,10000,2,2,30,2400,2400,2400,0,0,0,0.24,0.0,si
R-2649,39,media,120000,0,0,0,7764,10721,30607,10730,30629,0,0.0647,1.382,no
R-2650,24,posgrado,100000,0,0,0,93411,4081,0,11645,0,0,0.9341,0.1247,no
R-2651,29,posgrado,360000,0,0,0,229928,32890,-10,4905,0,0,0.6387,0.0213,no
R-2652,29,posgrado,100000,2,2,10,74032,75557,76434,3300,2700,0,0.7403,0.0446,no
R-2653,43,posgrado,230000,0,0,3,3245,1855,5776,1867,5816,1340,0.0141,0.5753,si
R-2654,41,media,50000,2,2,2,23203,23534,24838,1000,2000,1000,0.4641,0.0431,si
R-2655,30,posgrado,300000,0,0,0,6045,7151,4790,7157,4790,3145,0.0202,1.184,no
R-2656,35,universitaria,260000,1,0,0,0,0,0,0,0,8500,0.0,0.0,no
R-2657,36,universitaria,200000,1,0,0,0,0,0,0,0,0,0.0,0.0,no
R-2658,25,posgrado,50000,0,0,0,49654,49917,25239,1600,2310,303,0.9931,0.0322,no
R-2659,26,universitaria,90000,0,0,0,47121,49332,47590,3000,2000,3000,0.5236,0.0637,no
R-2660,45,media,30000,0,0,4,21325,24355,23670,3376,0,1023,0.7108,0.1583,no
R-2661,56,posgrado,360000,0,0,0,1094,0,0,0,0,1149,0.003,0.0,no
R-2662,39,universitaria,420000,0,0,0,204984,209929,190689,8006,7000,6000,0.4881,0.0391,no
R-2663,41,media,180000,2,2,4,100094,101204,98680,3582,0,3605,0.5561,0.0358,si
R-2664,39,posgrado,80000,0,0,0,-224,1357,3446,1581,3466,4969,-0.0028,3.0,no
R-2665,38,media,340000,0,0,0,660,1131,291,1131,291,291,0.0019,1.7136,no
R-2666,42,posgrado,500000,2,0,0,419352,428101,436809,17008,17326,16101,0.8387,0.0406,si
R-2667,55,universitaria,50000,0,0,0,41768,42561,42871,2079,2001,500,0.8354,0.0498,si
R-2668,45,posgrado,290000,0,0,0,664,0,632,0,632,0,0.0023,0.0,no
R-2669,24,universitaria,160000,0,0,0,76054,73992,73246,3275,3000,3000,0.4753,0.0431,no
R-2670,31,posgrado,200000,0,0,0,1041,1053,3042,2000,2011,0,0.0052,1.9212,no
R-2671,55,media,80000,0,0,0,78009,78616,49662,2420,2000,1656,0.9751,0.031,no
R-2672,29,universitaria,290000,2,2,2,63872,62290,63624,0,3000,2406,0.2202,0.0,si
R-2673,27,posgrado,120000,0,0,2,11472,13485,11649,2652,0,342,0.0956,0.2312,no
R-2674,60,posgrado,60000,0,0,0,390,390,2840,390,2840,390,0.0065,1.0,no
R-2675,30,universitaria,180000,0,0,0,167539,171133,173037,7782,6352,5883,0.9308,0.0464,no
R-2676,35,universitaria,170000,0,0,0,3995,6300,15291,6380,15291,182,0.0235,1.597,no
R-2677,47,media,440000,0,0,0,98161,1238,1238,1238,1238,1238,0.2231,0.0126,si
R-2678,28,universitaria,100000,0,0,0,10000,0,0,0,0,0,0.1,0.0,no
R-2679,36,universitaria,20000,0,0,0,15198,19590,18514,5000,2000,1000,0.7599,0.329,si
R-2680,36,posgrado,500000,1,0,0,0,0,0,0,0,0,0.0,0.0,si
R-2681,55,media,50000,2,2,4,19056,18586,17418,1000,1000,1000,0.3811,0.0525,no
R-2682,25,posgrado,220000,1,0,0,0,0,2598,0,2598,790,0.0,0.0,no
R-2683,30,universitaria,220000,0,0,0,596,892,7681,892,7681,20000,0.0027,1.4966,no
R-2684,50,universitaria,80000,0,0,0,56602,14233,15729,5000,5000,3000,0.7075,0.0883,no
R-2685,44,posgrado,500000,0,0,0,301,11057,58508,11063,49019,134,0.0006,3.0,no
R-2686,39,universitaria,50000,0,0,0,43724,45017,46106,2000,2000,2000,0.8745,0.0457,no
R-2687,25,universitaria,30000,0,0,2,7298,8322,9826,1147,1651,0,0.2433,0.1572,si
R-2688,34,universitaria,210000,0,0,0,128553,109234,87567,3762,3808,4177,0.6122,0.0293,no
R-2689,24,universitaria,60000,0,0,0,57771,53334,0,2336,1414,0,0.9628,0.0404,no
R-2690,25,posgrado,30000,1,2,6,29628,30453,30082,1600,1000,7,0.9876,0.054,no
R-2691,41,universitaria,430000,0,0,0,2830,21419,15555,21419,0,6705,0.0066,3.0,no
R-2692,32,universitaria,230000,0,0,0,143345,134344,116691,6000,5000,5000,0.6232,0.0419,no
R-2693,26,universitaria,280000,0,0,0,256455,245712,231025,8354,5501,4293,0.9159,0.0326,no
R-2694,31,posgrado,140000,0,0,0,727,829,550,829,550,1045,0.0052,1.1403,no
R-2695,36,media,50000,2,2,6,45557,46732,46589,2200,1100,0,0.9111,0.0483,no
R-2696,29,media,30000,2,2,8,15070,17509,17923,3000,1000,800,0.5023,0.1991,si
R-2697,43,posgrado,200000,0,0,2,142291,152679,148682,14200,0,7000,0.7115,0.0998,no
R-2698,36,media,310000,0,0,0,6282,5835,912,5864,919,1696,0.0203,0.9335,no
R-2699,37,posgrado,200000,0,0,0,4052,4503,0,4520,0,1115,0.0203,1.1155,si
R-2700,35,universitaria,30000,1,3,11,14320,13808,13289,0,0,1000,0.4773,0.0,si
R-2701,34,posgrado,430000,0,0,0,81963,93893,100177,15000,70000,3116,0.1906,0.183,no
R-2702,24,universitaria,160000,0,0,0,142214,145225,149812,5300,7000,5600,0.8888,0.0373,no
R-2703,52,posgrado,210000,0,0,0,44933,38542,39332,1793,8242,12000,0.214,0.0399,no
R-2704,56,posgrado,500000,0,0,0,881,1035,29944,1035,29944,10528,0.0018,1.1748,no
R-2705,30,universitaria,90000,0,0,0,2629,1076,1613,1079,1617,996,0.0292,0.4104,no
R-2706,21,universitaria,50000,0,0,0,47285,47807,48371,2108,2062,1710,0.9457,0.0446,no
R-2707,30,posgrado,200000,0,0,0,4520,10382,4447,10382,4447,126476,0.0226,2.2969,no
R-2708,30,media,70000,2,2,10,56448,57550,58008,2600,2000,2500,0.8064,0.0461,si
R-2709,30,universitaria,140000,1,0,0,0,0,0,0,0,0,0.0,0.0,no
R-2710,28,universitaria,300000,0,0,0,293498,299066,295173,13007,11067,10026,0.9783,0.0443,no
R-2711,36,universitaria,40000,0,0,0,24230,25840,27556,2000,2500,1500,0.6058,0.0825,no
R-2712,23,universitaria,30000,0,0,0,25287,26501,30300,2011,5000,868,0.8429,0.0795,no
R-2713,32,posgrado,500000,0,0,0,185419,10573,0,10573,0,282562,0.3708,0.057,no
R-2714,36,media,70000,0,0,2,28518,29558,32054,1504,3000,0,0.4074,0.0527,si
R-2715,39,posgrado,500000,0,0,0,128068,143227,52196,20000,12000,0,0.2561,0.1562,no
R-2716,36,universitaria,150000,0,0,2,141460,145408,142139,8021,5066,6000,0.9431,0.0567,no
R-2717,30,posgrado,440000,0,0,0,50735,52938,54190,3000,3000,2000,0.1153,0.0591,no
R-2718,29,universitaria,140000,0,0,0,3300,1300,3074,1300,3668,0,0.0236,0.3939,si
R-2719,49,otra,480000,0,0,0,7174,0,0,0,0,0,0.0149,0.0,no
R-2720,26,universitaria,200000,0,0,0,45487,47247,48160,2800,2000,2000,0.2274,0.0616,no
R-2721,29,posgrado,50000,2,0,0,45367,46815,10099,2335,1629,500,0.9073,0.0515,si
R-2722,22,universitaria,10000,5,4,13,8541,8270,7995,0,0,0,0.8541,0.0,si
R-2723,25,posgrado,180000,0,0,0,112403,83515,71259,3500,3500,3000,0.6245,0.0311,no
R-2724,49,universitaria,180000,0,0,0,26660,660,660,660,660,660,0.1481,0.0248,no
R-2725,33,media,30000,1,2,6,39995,38049,35435,1700,1100,0,1.3332,0.0425,no
R-2726,24,universitaria,20000,0,0,2,6128,7171,9582,1300,2700,0,0.3064,0.2121,no
R-2727,39,universitaria,20000,2,2,4,19518,20202,19082,1299,0,667,0.9759,0.0666,si
R-2728,26,universitaria,50000,0,0,8,44883,47349,47475,3189,1500,101,0.8977,0.0711,no
R-2729,36,posgrado,240000,0,0,4,14559,15513,17242,1500,2000,1500,0.0607,0.103,no
R-2730,37,universitaria,360000,0,0,0,-5,3584,2280,3589,2280,0,-0.0,3.0,no
R-2731,23,universitaria,50000,0,0,4,10587,25768,12218,3500,2500,1980,0.2117,0.3306,no
R-2732,32,posgrado,280000,0,0,0,1280,2816,10802,2816,10802,13000,0.0046,2.2,si
R-2733,30,universitaria,60000,0,0,0,58920,60069,54853,2319,1887,1500,0.982,0.0394,no
R-2734,31,universitaria,200000,0,0,0,7179,7626,3802,7631,3803,1271,0.0359,1.063,no
R-2735,45,universitaria,290000,2,2,2,95,-6,-6,6,0,1223,0.0003,0.0632,no
R-2736,24,posgrado,170000,0,0,2,169883,171851,158426,6808,4625,3510,0.9993,0.0401,no
R-2737,39,media,30000,1,2,2,27934,27206,28404,0,2000,1100,0.9311,0.0,si
R-2738,32,media,210000,0,0,0,104558,105661,108462,4268,5000,3000,0.4979,0.0408,no
R-2739,44,media,20000,2,2,6,12436,12943,15428,1000,2700,0,0.6218,0.0804,si
R-2740,32,posgrado,220000,0,0,0,17715,316,632,316,632,316,0.0805,0.0178,no
R-2741,35,posgrado,340000,0,0,0,484,15904,44852,15904,30000,20000,0.0014,3.0,no
R-2742,37,posgrado,230000,0,0,0,3102,30428,5711,30580,5739,5799,0.0135,3.0,no
R-2743,51,media,270000,0,0,0,152979,101616,105562,3500,4000,1000,0.5666,0.0229,no
R-2744,30,universitaria,280000,0,0,0,1478,-3,12353,0,12356,11079,0.0053,0.0,no
R-2745,50,universitaria,20000,1,2,4,1065,675,1285,0,1000,1000,0.0532,0.0,si
R-2746,23,posgrado,80000,0,0,0,69584,66342,60514,2519,1838,1434,0.8698,0.0362,no
R-2747,36,universitaria,20000,0,0,0,20710,21790,21017,1739,1453,691,1.0355,0.084,no
R-2748,29,posgrado,140000,1,0,0,0,0,0,0,0,0,0.0,0.0,no
R-2749,50,universitaria,420000,0,0,0,405779,412684,411394,16000,15000,182781,0.9661,0.0394,no
R-2750,46,universitaria,290000,0,0,0,196566,168372,171699,7800,7839,4706,0.6778,0.0397,no
R-2751,24,posgrado,40000,0,0,2,35225,35939,36606,1933,1600,3000,0.8806,0.0549,si
R-2752,31,posgrado,110000,0,0,0,0,0,0,0,0,0,0.0,0.0,no
R-2753,49,media,50000,0,0,0,50180,51400,0,2400,0,0,1.0036,0.0478,si
R-2754,50,universitaria,180000,0,0,0,1156,396,776,396,776,776,0.0064,0.3426,no
R-2755,55,media,40000,2,2,30,2400,2400,2400,0,0,0,0.06,0.0,si
R-2756,44,media,230000,0,0,0,1424,6534,3733,6553,3756,1443,0.0062,3.0,no
R-2757,45,media,120000,0,0,0,0,0,0,0,0,0,0.0,0.0,no
R-2758,29,universitaria,210000,0,0,0,1685,6644,3584,6715,5800,6256,0.008,3.0,no
R-2759,63,media,50000,2,2,6,51432,50316,50866,0,3600,0,1.0286,0.0,no
R-2760,38,media,50000,0,0,0,47350,44948,40326,1772,1301,835,0.947,0.0374,no
R-2761,50,posgrado,170000,0,0,0,3955,5269,1986,5269,1986,1611,0.0233,1.3322,no
R-2762,35,media,400000,0,0,0,92,101,-42,101,0,0,0.0002,1.0978,no
R-2763,27,universitaria,280000,0,0,0,747,0,5737,0,5737,922,0.0027,0.0,no
R-2764,40,universitaria,180000,0,0,2,632,316,166,316,166,6822,0.0035,0.5,no
R-2765,53,posgrado,500000,1,1,1,7196,-1189,4639,0,7439,0,0.0144,0.0,no
R-2766,23,posgrado,50000,0,0,0,8003,9025,9868,1310,1153,400,0.1601,0.1637,no
R-2767,55,posgrado,220000,0,0,0,1782,0,0,0,0,80737,0.0081,0.0,no
R-2768,35,posgrado,500000,0,0,2,143839,117883,100809,4844,5095,7229,0.2877,0.0337,no
R-2769,26,media,80000,0,0,0,76118,78451,55339,4196,3569,26022,0.9515,0.0551,no
R-2770,38,posgrado,160000,0,0,0,827,827,827,827,827,827,0.0052,1.0,no
R-2771,39,posgrado,500000,0,0,0,3220,0,15040,0,15040,35498,0.0064,0.0,si
R-2772,51,media,80000,0,0,0,387,2120,15094,2126,15094,4173,0.0048,3.0,no
R-2773,38,universitaria,280000,0,0,0,94451,96041,98301,4000,4033,3000,0.3373,0.0424,no
R-2774,28,posgrado,210000,1,0,0,0,0,0,0,0,0,0.0,0.0,no
R-2775,31,universitaria,50000,0,0,2,45074,46546,48945,2201,3600,0,0.9015,0.0488,si
R-2776,43,media,230000,0,0,0,1099,2508,976,2508,976,416,0.0048,2.2821,no
R-2777,26,posgrado,300000,0,0,0,3853,1946,790,1946,790,3569,0.0128,0.5051,no
R-2778,40,universitaria,230000,0,0,0,0,0,0,0,0,144,0.0,0.0,no
R-2779,31,posgrado,120000,0,0,0,1316,1316,1316,1316,1316,533,0.011,1.0,si
R-2780,38,media,60000,0,0,0,26583,24825,23027,1864,1206,259,0.443,0.0701,no
R-2781,24,universitaria,100000,2,0,4,17938,20486,21644,2842,3000,0,0.1794,0.1584,si
R-2782,43,posgrado,320000,0,0,0,18625,28143,32159,10000,5000,0,0.0582,0.5369,si
R-2783,27,universitaria,120000,0,0,0,110686,103869,90809,7000,5000,5000,0.9224,0.0632,no
R-2784,32,posgrado,130000,0,0,2,132105,130973,97006,8000,4559,5000,1.0162,0.0606,no
R-2785,29,posgrado,50000,0,0,4,15416,17392,18446,2233,1639,0,0.3083,0.1448,no
R-2786,38,universitaria,50000,0,0,2,18750,0,31288,0,95000,1000,0.375,0.0,no
R-2787,29,posgrado,360000,0,0,0,55104,52585,45914,2094,1760,204,0.1531,0.038,no
R-2788,43,posgrado,500000,0,0,0,37575,105652,51072,107243,52090,78372,0.0752,2.8541,no
R-2789,38,otra,30000,0,0,0,30000,-720,-720,0,0,0,1.0,0.0,no
R-2790,27,posgrado,240000,1,2,2,21260,20643,38552,0,19000,437,0.0886,0.0,no
R-2791,31,posgrado,220000,0,0,0,75538,78315,80361,4000,4000,4000,0.3434,0.053,no
R-2792,50,posgrado,210000,0,0,0,90,90,90,90,90,90,0.0004,1.0,si
R-2793,38,posgrado,120000,0,0,0,980,4000,1000,4000,1000,0,0.0082,3.0,si
R-2794,24,posgrado,230000,1,2,4,20887,18705,17295,0,1200,3000,0.0908,0.0,no
R-2795,23,media,20000,0,0,0,9525,16977,18546,8000,2000,900,0.4762,0.8399,no
R-2796,23,universitaria,30000,0,0,0,27044,28384,29037,2000,1427,1291,0.9015,0.074,no
R-2797,35,universitaria,50000,0,0,0,4943,49411,48859,45200,1285,332,0.0989,3.0,si
R-2798,52,posgrado,500000,0,0,0,144430,50001,62622,50133,62646,166853,0.2889,0.3471,no
R-2799,29,posgrado,360000,1,0,0,0,0,70010,0,70010,2000,0.0,0.0,no
R-2800,41,universitaria,240000,1,0,0,0,40529,3211,40529,3211,9795,0.0,3.0,no
R-2801,27,universitaria,30000,0,0,0,14935,9000,13358,4500,13358,18154,0.4978,0.3013,no
R-2802,25,universitaria,210000,0,0,0,461,6472,83589,13966,80000,2326,0.0022,3.0,no
R-2803,26,posgrado,140000,0,0,0,136170,139270,137548,6799,5100,3300,0.9726,0.0499,no
R-2804,28,posgrado,120000,0,0,0,35220,38036,38746,3700,1640,2000,0.2935,0.1051,no
R-2805,37,universitaria,400000,0,0,0,8948,10306,22263,10306,22263,20568,0.0224,1.1518,no
R-2806,26,posgrado,130000,0,0,0,7852,8871,9883,1152,1164,360,0.0604,0.1467,si
R-2807,34,media,10000,0,0,0,7165,8647,9247,2000,1141,325,0.7165,0.2791,no
R-2808,42,posgrado,20000,0,0,0,15610,18250,0,3000,0,0,0.7805,0.1922,no
R-2809,29,universitaria,110000,0,0,0,10839,2995,2419,2995,2419,4219,0.0985,0.2763,no
R-2810,40,posgrado,150000,0,0,0,-3,371,0,374,0,0,-0.0,3.0,no
R-2811,32,posgrado,80000,0,0,0,14939,14457,2312,1000,2000,0,0.1867,0.0669,no
R-2812,41,posgrado,500000,0,0,0,326,628,6290,628,6290,6000,0.0007,1.9264,si
R-2813,26,posgrado,80000,0,0,0,19891,20650,21002,1576,1424,576,0.2486,0.0792,no
R-2814,32,posgrado,210000,0,0,0,1400,2800,1400,2800,1400,0,0.0067,2.0,no
R-2815,27,posgrado,280000,0,0,0,39664,28033,27292,9022,10006,6000,0.1417,0.2275,no
R-2816,51,media,30000,0,0,0,770,-10,390,0,400,3797,0.0257,0.0,no
R-2817,28,posgrado,50000,0,0,0,18771,10655,1659,10000,1659,6546,0.3754,0.5327,no
R-2818,42,universitaria,70000,0,0,0,69486,68650,65458,3000,1604,1000,0.9927,0.0432,no
R-2819,38,posgrado,300000,0,0,0,87118,56182,60039,1691,10043,1065,0.2904,0.0194,no
R-2820,40,posgrado,160000,0,0,0,326,326,326,326,326,652,0.002,1.0,si
R-2821,36,posgrado,360000,0,0,0,28291,31055,33788,3000,3000,3000,0.0786,0.106,no
R-2822,38,media,140000,2,2,10,110674,131306,127701,22500,0,10000,0.7905,0.2033,si
R-2823,36,posgrado,290000,0,0,0,22681,25980,10409,20246,10460,118299,0.0782,0.8926,no
R-2824,47,media,280000,0,0,0,2479,3554,4746,3564,4792,2384,0.0089,1.4377,no
R-2825,29,universitaria,250000,0,0,0,180056,179349,30349,4077,1500,1917,0.7202,0.0226,no
R-2826,26,universitaria,50000,0,0,0,47974,48527,49381,2500,2000,324,0.9595,0.0521,no
R-2827,25,media,20000,0,0,0,15706,16849,17285,1700,1110,1500,0.7853,0.1082,no
R-2828,40,universitaria,500000,0,0,0,240927,18676,9390,1093,9429,3423,0.4819,0.0045,no
R-2829,23,universitaria,60000,0,0,0,55765,56619,54636,2600,1500,1000,0.9294,0.0466,si
R-2830,24,posgrado,140000,0,0,0,25118,18948,16923,2000,2001,401,0.1794,0.0796,no
R-2831,37,posgrado,310000,0,0,0,190704,194111,144855,7787,6000,7000,0.6152,0.0408,no
R-2832,22,universitaria,20000,0,0,2,14413,16474,16510,3000,1000,1000,0.7206,0.2081,no
R-2833,62,posgrado,440000,0,0,2,14721,5049,649,4909,499,959,0.0335,0.3335,no
R-2834,23,universitaria,120000,0,0,0,38842,38973,37708,2300,1200,1000,0.3237,0.0592,no
R-2835,24,universitaria,170000,0,0,0,108717,69632,56537,8092,20121,100071,0.6395,0.0744,no
R-2836,27,posgrado,50000,1,2,6,2238,3057,1879,2000,0,0,0.0448,0.8937,si
R-2837,36,posgrado,390000,1,0,0,0,250,79,250,79,0,0.0,3.0,si
R-2838,42,universitaria,230000,0,0,2,5838,6369,6790,1300,1200,2000,0.0254,0.2227,no
R-2839,38,media,440000,2,0,2,775,1550,775,1551,1,776,0.0018,2.0013,si
R-2840,28,media,30000,0,0,0,25354,24826,25412,1650,1200,1000,0.8451,0.0651,no
R-2841,34,universitaria,50000,0,0,0,23264,13573,13876,13573,13876,276,0.4653,0.5834,no
R-2842,33,universitaria,200000,0,0,0,6195,2645,3416,1300,1000,500,0.031,0.2098,si
R-2843,46,universitaria,20000,0,0,0,19401,20650,0,1650,0,0,0.97,0.085,si
R-2844,28,posgrado,230000,0,0,0,15714,13171,24589,13171,20015,11000,0.0683,0.8382,no
R-2845,31,universitaria,280000,0,0,0,2419,10499,16243,10517,16494,0,0.0086,3.0,no
R-2846,33,media,260000,0,0,0,7571,3563,2786,1000,2786,14,0.0291,0.1321,no
R-2847,41,posgrado,80000,3,2,8,7866,8788,8498,1200,0,800,0.0983,0.1526,si
R-2848,29,universitaria,340000,0,0,0,135538,113464,88629,4093,3000,11115,0.3986,0.0302,no
R-2849,27,posgrado,260000,0,0,0,37003,1105,2490,1305,2690,15650,0.1423,0.0353,no
R-2850,39,universitaria,200000,0,0,0,31236,31996,32704,1838,1546,1193,0.1562,0.0588,no
R-2851,29,posgrado,120000,0,0,0,50150,44742,33231,5069,2805,0,0.4179,0.1011,no
R-2852,24,media,10000,1,3,10,5530,5792,6050,500,500,0,0.553,0.0904,si
R-2853,26,posgrado,150000,0,0,0,0,0,0,0,0,0,0.0,0.0,no
R-2854,27,posgrado,210000,0,0,4,110757,113139,119812,5650,10100,4400,0.5274,0.051,no
R-2855,27,universitaria,200000,0,0,0,127843,131352,130884,6579,4734,4368,0.6392,0.0515,no
R-2856,26,posgrado,80000,0,0,0,51533,45147,45921,1800,1800,1690,0.6442,0.0349,no
R-2857,28,posgrado,290000,0,0,0,162118,150366,148949,6000,6000,5000,0.559,0.037,no
R-2858,29,universitaria,130000,0,0,2,111731,108635,108842,6000,6000,5000,0.8595,0.0537,no
R-2859,26,universitaria,150000,0,0,0,96739,98351,100369,4000,4500,4000,0.6449,0.0413,no
R-2860,32,media,300000,0,0,0,15003,14469,15200,1469,1200,3000,0.05,0.0979,no
R-2861,26,universitaria,50000,1,0,0,0,0,0,0,0,0,0.0,0.0,no
R-2862,32,universitaria,50000,0,0,0,46610,45005,43448,2021,1500,700,0.9322,0.0434,no
R-2863,36,media,500000,0,0,0,70016,70837,63488,2568,2000,1285,0.14,0.0367,no
R-2864,35,universitaria,190000,0,0,0,158360,113702,95214,4800,4300,3600,0.8335,0.0303,no
R-2865,42,posgrado,250000,0,0,0,16240,0,0,0,0,0,0.065,0.0,no
R-2866,29,universitaria,50000,0,0,0,49660,47359,45517,2000,1500,2000,0.9932,0.0403,si
R-2867,41,media,50000,1,2,4,85579,78993,69424,3023,23,4023,1.7116,0.0353,no
R-2868,33,posgrado,150000,0,0,0,50286,110884,113152,61101,3210,3911,0.3352,1.2151,no
R-2869,40,universitaria,480000,0,0,0,69011,69842,71857,3000,3000,2096,0.1438,0.0435,no
R-2870,30,universitaria,360000,0,0,4,0,1000,1000,1000,0,0,0.0,3.0,no
R-2871,32,universitaria,10000,0,0,0,8509,9228,9821,1400,1300,350,0.8509,0.1645,no
R-2872,32,posgrado,270000,0,0,0,48114,42573,55350,20091,30128,60183,0.1782,0.4176,no
R-2873,32,posgrado,100000,0,0,0,87580,84140,86400,3300,3881,2500,0.8758,0.0377,no
R-2874,38,universitaria,300000,0,0,0,374,1685,1485,2000,1485,0,0.0012,3.0,si
R-2875,25,media,180000,0,0,0,120583,97341,87773,3507,3201,3200,0.6699,0.0291,no
R-2876,24,universitaria,20000,0,0,0,610,13222,13488,13002,3000,0,0.0305,3.0,no
R-2877,29,media,60000,0,0,0,4511,5529,6544,1096,1111,660,0.0752,0.243,si
R-2878,35,media,100000,0,0,0,96521,98728,74239,3938,2515,2516,0.9652,0.0408,no
R-2879,62,universitaria,110000,0,0,0,33536,30155,26054,3000,2000,3000,0.3049,0.0895,no
R-2880,31,posgrado,50000,2,2,7,48903,53997,52298,6500,0,0,0.9781,0.1329,si
R-2881,40,universitaria,110000,0,0,0,4202,5524,6144,2000,2000,2000,0.0382,0.476,no
R-2882,27,universitaria,140000,2,2,4,107257,104122,104742,0,3842,4626,0.7661,0.0,no
R-2883,39,posgrado,200000,0,0,4,303347,171592,176615,6500,8051,13000,1.5167,0.0214,no
R-2884,38,media,60000,0,0,0,3059,291,1131,291,1131,441,0.051,0.0951,no
R-2885,24,universitaria,20000,0,0,2,12549,11552,6622,2319,0,0,0.6274,0.1848,si
R-2886,41,posgrado,400000,0,0,0,48938,27703,43775,27703,43947,10183,0.1223,0.5661,no
R-2887,37,media,20000,0,0,0,1439,1251,390,1251,400,390,0.072,0.8694,no
R-2888,34,universitaria,140000,0,0,0,15550,17780,18226,2500,1500,2000,0.1111,0.1608,no
R-2889,25,posgrado,20000,1,0,0,-431,569,1769,1000,1769,1000,-0.0216,3.0,no
R-2890,28,media,30000,0,0,0,17897,18944,19698,1342,1096,514,0.5966,0.075,no
R-2891,44,media,80000,0,0,2,80808,81615,79075,6926,0,3000,1.0101,0.0857,no
R-2892,35,universitaria,160000,0,0,0,96515,139439,141416,50439,6000,5000,0.6032,0.5226,no
R-2893,46,posgrado,390000,0,0,0,6346,94921,53796,94921,53796,6009,0.0163,3.0,no
R-2894,28,universitaria,150000,0,0,0,95322,96903,94682,3216,2338,2653,0.6355,0.0337,no
R-2895,39,posgrado,320000,0,0,0,206461,117168,128832,5000,15000,5000,0.6452,0.0242,no
R-2896,35,media,20000,0,0,0,17365,19001,20269,2618,2276,791,0.8682,0.1508,no
R-2897,28,posgrado,310000,0,0,0,153620,147023,127390,6603,4600,4507,0.4955,0.043,no
R-2898,41,media,30000,1,0,0,0,0,0,0,0,0,0.0,0.0,no
R-2899,23,universitaria,50000,0,0,2,16139,17261,14354,1400,1000,500,0.3228,0.0867,no
R-2900,37,universitaria,210000,1,0,0,0,0,0,0,0,150,0.0,0.0,no
R-2901,25,universitaria,20000,2,2,4,16923,20319,19543,4000,0,391,0.8462,0.2364,no
R-2902,33,posgrado,200000,2,2,10,156558,167453,170010,15000,6800,6500,0.7828,0.0958,si
R-2903,25,universitaria,30000,2,2,10,14420,15390,14846,1500,0,1500,0.4807,0.104,si
R-2904,37,posgrado,300000,0,0,0,1943,0,0,0,0,0,0.0065,0.0,no
R-2905,25,universitaria,20000,0,0,0,18193,18804,19324,1800,1200,559,0.9096,0.0989,no
R-2906,26,universitaria,120000,0,0,0,5820,216,3858,216,3858,6849,0.0485,0.0371,no
R-2907,47,universitaria,20000,0,0,0,14835,16605,19160,3000,3000,5000,0.7418,0.2022,si
R-2908,53,universitaria,80000,0,0,0,48688,101878,20475,2530,3990,850,0.6086,0.052,no
R-2909,38,posgrado,200000,0,0,0,5221,6875,5129,6877,5129,17653,0.0261,1.3172,no
R-2910,57,posgrado,50000,0,0,0,50698,51030,49984,2100,1320,704,1.014,0.0414,no
R-2911,31,universitaria,260000,0,0,0,260783,54254,24119,1743,24145,16900,1.003,0.0067,no
R-2912,28,universitaria,20000,2,2,10,12762,12272,14255,0,2500,0,0.6381,0.0,si
R-2913,34,universitaria,100000,0,0,0,104660,104108,102066,4589,4516,3645,1.0466,0.0438,no
R-2914,59,media,30000,1,2,8,28084,29299,28741,1950,200,2492,0.9361,0.0694,si
R-2915,33,posgrado,140000,0,0,0,128891,103523,86543,4637,2083,1503,0.9206,0.036,no
R-2916,46,universitaria,230000,0,0,0,1443,1443,2886,1443,2886,0,0.0063,1.0,no
R-2917,30,posgrado,30000,1,2,6,21996,21356,23496,0,2500,0,0.7332,0.0,si
R-2918,33,universitaria,150000,0,0,0,6806,2774,0,2779,0,500,0.0454,0.4083,no
R-2919,33,media,50000,0,0,0,39847,37561,36725,1719,1783,1200,0.7969,0.0431,no
R-2920,29,posgrado,360000,0,2,2,6167,3506,10845,17,10859,380,0.0171,0.0028,si
R-2921,55,universitaria,70000,0,0,0,53214,54571,42413,2230,2004,1537,0.7602,0.0419,no
R-2922,35,universitaria,290000,0,0,2,260698,267453,278924,11019,20326,44,0.899,0.0423,no
R-2923,30,universitaria,110000,0,0,9,57503,66128,64477,9600,0,2600,0.5228,0.1669,si
R-2924,36,universitaria,420000,0,0,0,56068,55115,19304,15005,10013,10000,0.1335,0.2676,no
R-2925,36,posgrado,290000,0,0,0,97733,91270,79396,3500,3000,3000,0.337,0.0358,no
R-2926,31,media,50000,0,0,0,44461,8635,-2550,1000,0,0,0.8892,0.0225,si
R-2927,25,posgrado,150000,0,0,0,132684,128111,120509,5713,12137,9005,0.8846,0.0431,no
R-2928,26,universitaria,140000,0,0,0,54868,56983,59152,3000,4000,9500,0.3919,0.0547,no
R-2929,26,universitaria,60000,0,0,0,53986,47413,36527,2050,2011,1200,0.8998,0.038,no
R-2930,38,universitaria,150000,0,0,0,509,14310,980,14310,980,1000,0.0034,3.0,no
R-2931,29,posgrado,340000,0,0,2,2688,11432,12411,11486,12824,10,0.0079,3.0,no
R-2932,29,posgrado,300000,0,0,0,64437,65905,67344,2000,2000,2500,0.2148,0.031,no
R-2933,24,media,30000,2,0,0,27896,29938,30061,2506,1748,1003,0.9299,0.0898,no
R-2934,42,media,20000,2,0,4,20205,16882,18094,1500,1500,1800,1.0103,0.0742,si
R-2935,28,posgrado,130000,1,0,0,0,3000,0,3000,0,0,0.0,3.0,no
R-2936,43,posgrado,180000,0,0,0,166569,144637,137261,6000,6382,5000,0.9254,0.036,no
R-2937,36,universitaria,220000,2,2,4,195725,197466,189149,8200,0,7000,0.8897,0.0419,si
R-2938,29,posgrado,150000,0,0,0,2889,3469,1791,3469,1791,570,0.0193,1.2008,si
R-2939,35,universitaria,190000,0,0,0,189420,192058,185995,8900,6700,6699,0.9969,0.047,no
R-2940,40,universitaria,160000,0,0,0,766,766,766,766,766,766,0.0048,1.0,si
R-2941,35,universitaria,60000,1,2,2,62522,60932,113580,0,1680,2752,1.042,0.0,no
R-2942,41,posgrado,140000,0,0,0,4523,12171,0,12171,0,0,0.0323,2.6909,no
R-2943,36,universitaria,320000,0,0,0,29862,33785,4900,5000,4905,15873,0.0933,0.1674,si
R-2944,28,posgrado,150000,1,0,0,0,0,0,0,0,65696,0.0,0.0,no
R-2945,22,universitaria,30000,2,2,6,200,200,200,0,0,29847,0.0067,0.0,no
R-2946,44,media,20000,0,0,0,5855,6874,8037,1122,1285,500,0.2928,0.1916,no
R-2947,31,universitaria,10000,0,0,2,6106,7199,10215,1200,4442,0,0.6106,0.1965,no
R-2948,29,posgrado,140000,1,2,2,112592,108669,110174,0,5500,4900,0.8042,0.0,no
R-2949,49,universitaria,60000,0,0,0,59578,66781,65508,22000,2188,2501,0.993,0.3693,si
R-2950,45,posgrado,130000,2,0,6,53709,55244,58716,3000,5000,0,0.4131,0.0559,si
R-2951,29,universitaria,180000,0,0,2,13936,0,0,0,0,0,0.0774,0.0,no
R-2952,26,posgrado,230000,0,0,0,1099,19686,3036,19686,4000,4806,0.0048,3.0,no
R-2953,34,media,30000,2,2,4,24367,28682,27922,4723,0,1173,0.8122,0.1938,si
R-2954,45,universitaria,260000,0,0,0,7893,5923,5601,5923,5601,5482,0.0304,0.7504,no
R-2955,34,universitaria,200000,0,0,0,795,1795,3618,1000,3618,0,0.004,1.2579,si
R-2956,23,universitaria,80000,0,0,2,54658,45978,32431,5573,5,2000,0.6832,0.102,no
R-2957,50,media,30000,2,0,0,46868,42397,38569,1800,2200,1400,1.5623,0.0384,si
R-2958,37,posgrado,120000,0,0,0,696,-4,1878,0,1882,407,0.0058,0.0,no
R-2959,35,posgrado,210000,0,0,0,142422,143650,0,6500,0,0,0.6782,0.0456,no
R-2960,38,universitaria,150000,0,0,0,5195,4177,7444,4185,7447,20013,0.0346,0.8056,no
R-2961,43,universitaria,50000,0,0,0,34110,3552,0,3505,0,0,0.6822,0.1028,no
R-2962,46,universitaria,30000,1,0,0,8891,24501,24886,28001,1245,763,0.2964,3.0,no
R-2963,30,posgrado,100000,0,2,2,14729,5691,11440,0,6000,0,0.1473,0.0,no
R-2964,27,posgrado,470000,0,0,0,2981,3182,1512,3182,1512,3657,0.0063,1.0674,no
R-2965,34,universitaria,50000,1,2,6,35548,31713,50319,0,21220,13,0.711,0.0,no
R-2966,39,media,50000,0,0,0,43994,33508,37600,5000,5000,0,0.8799,0.1137,no
R-2967,29,universitaria,50000,2,2,29,2550,2550,2550,0,0,0,0.051,0.0,si
R-2968,29,media,80000,1,2,2,80867,75615,77343,0,3000,2744,1.0108,0.0,si
R-2969,49,posgrado,200000,0,0,0,51024,27254,36052,10000,10021,5000,0.2551,0.196,no
R-2970,32,media,220000,0,0,0,8178,9509,9110,9140,9046,6007,0.0372,1.1176,no
R-2971,42,universitaria,330000,0,0,4,-4,8223,2996,15450,0,209,-0.0,3.0,si
R-2972,47,posgrado,220000,0,0,0,159351,162791,167631,6000,7536,6231,0.7243,0.0377,no
R-2973,30,posgrado,90000,0,0,0,1166,1918,930,1918,1194,930,0.013,1.6449,no
R-2974,26,universitaria,20000,1,2,10,11338,10870,12380,0,2000,0,0.5669,0.0,no
R-2975,31,universitaria,480000,0,0,0,20824,21960,20885,5004,5000,795,0.0434,0.2403,no
R-2976,26,posgrado,240000,1,0,0,0,189,651,189,651,0,0.0,3.0,no
R-2977,30,universitaria,500000,1,0,0,2817,7682,47403,5037,47221,5026,0.0056,1.7881,no
R-2978,33,universitaria,180000,1,0,0,0,0,0,0,0,0,0.0,0.0,no
R-2979,23,posgrado,20000,0,0,0,17165,18387,19573,1500,1600,700,0.8582,0.0874,no
R-2980,32,universitaria,170000,0,0,0,71752,73282,74707,2687,2671,3100,0.4221,0.0374,no
R-2981,42,media,30000,0,0,2,27742,31130,29105,4600,0,1060,0.9247,0.1658,no
R-2982,22,media,10000,0,0,0,18289,9217,10203,1317,1303,334,1.8289,0.072,no
R-2983,31,posgrado,80000,0,0,0,17873,65585,64047,65592,2051,2002,0.2234,3.0,no
R-2984,31,universitaria,480000,0,0,0,1759,1759,1759,1759,1759,1759,0.0037,1.0,si
R-2985,22,posgrado,50000,0,0,0,24763,33542,30455,10000,1175,2000,0.4953,0.4038,si
R-2986,34,universitaria,50000,1,2,2,49372,47420,47992,0,2500,3500,0.9874,0.0,no
R-2987,40,universitaria,20000,1,4,13,17361,16803,16253,0,0,0,0.868,0.0,no
R-2988,42,posgrado,30000,1,2,6,31217,30406,31380,0,3600,0,1.0406,0.0,no
R-2989,36,posgrado,360000,0,0,0,8162,3141,587,3144,590,1670,0.0227,0.3852,no
R-2990,38,universitaria,20000,0,0,0,19817,19751,20242,2000,1700,1300,0.9908,0.1009,no
R-2991,42,universitaria,290000,0,0,0,76063,72418,65814,4434,3814,2861,0.2623,0.0583,no
R-2992,43,media,110000,0,0,0,103225,106004,108831,4500,5000,3043,0.9384,0.0436,no
R-2993,38,universitaria,280000,0,0,0,3596,959,1067,963,1072,3422,0.0128,0.2678,no
R-2994,36,universitaria,180000,2,2,10,114140,115764,117426,5000,5000,5000,0.6341,0.0438,si
R-2995,40,posgrado,100000,0,0,2,97582,99964,96270,5000,5000,6000,0.9758,0.0512,no
R-2996,47,media,50000,0,0,0,29789,28699,29305,1763,1759,1439,0.5958,0.0592,no
R-2997,45,posgrado,200000,0,0,0,74416,75891,77516,3061,3200,3196,0.3721,0.0411,no
R-2998,37,posgrado,230000,0,0,0,211,162,155,162,155,155,0.0009,0.7678,no
R-2999,34,media,70000,0,0,0,63580,64688,66566,3000,3002,2500,0.9083,0.0472,no
R-3000,46,posgrado,240000,0,0,0,7278,800,437,804,437,11705,0.0303,0.1105,no
R-3001,35,universitaria,10000,0,0,0,5828,7717,8830,2000,1400,1162,0.5828,0.3432,no
R-3002,35,universitaria,110000,1,2,2,112829,108073,110313,0,6307,5093,1.0257,0.0,si
R-3003,45,otra,50000,0,0,0,33634,34770,34948,2000,1000,0,0.6727,0.0595,no
R-3004,38,posgrado,500000,0,0,0,130700,15785,154653,15785,154653,338394,0.2614,0.1208,no
R-3005,32,universitaria,110000,0,0,0,97510,92152,94503,3300,3838,3056,0.8865,0.0338,no
R-3006,34,posgrado,290000,0,0,0,0,0,0,0,0,0,0.0,0.0,no
R-3007,38,posgrado,500000,0,0,0,1523,0,0,0,0,0,0.003,0.0,si
R-3008,36,posgrado,180000,0,0,0,0,0,0,0,0,0,0.0,0.0,no
R-3009,50,universitaria,50000,2,2,10,19786,19170,21864,0,3008,0,0.3957,0.0,si
R-3010,51,media,250000,0,0,0,-18,2482,-18,2518,0,0,-0.0001,3.0,no
R-3011,50,universitaria,490000,0,0,0,208353,205873,210880,10000,10000,10000,0.4252,0.048,no
R-3012,52,universitaria,50000,0,0,2,43286,47744,46706,5500,0,2500,0.8657,0.1271,no
R-3013,55,media,50000,0,0,4,50805,50690,51393,1750,5600,34,1.0161,0.0344,si
R-3014,57,universitaria,240000,0,0,0,1115,1211,2206,1211,2455,64395,0.0046,1.0861,no
R-3015,28,posgrado,330000,0,0,0,32316,33705,28743,2000,2000,2000,0.0979,0.0619,no
R-3016,22,universitaria,70000,2,2,6,64838,69136,69422,6000,2000,55,0.9263,0.0925,no
R-3017,23,universitaria,40000,2,2,4,8160,9197,9895,1327,1000,2000,0.204,0.1626,si
R-3018,23,universitaria,30000,0,0,2,27186,27585,30398,1451,3564,0,0.9062,0.0534,si
R-3019,25,universitaria,90000,0,0,0,28276,29305,30336,1505,1536,1000,0.3142,0.0532,no
R-3020,28,universitaria,90000,2,2,4,65521,63869,65212,0,2368,2500,0.728,0.0,si
R-3021,25,universitaria,80000,0,0,0,76117,76660,46137,2300,2200,3207,0.9515,0.0302,no
R-3022,24,universitaria,30000,3,2,25,300,300,300,0,0,0,0.01,0.0,no
R-3023,24,universitaria,110000,2,2,10,107378,109604,111661,5500,5300,4000,0.9762,0.0512,si
R-3024,25,universitaria,50000,0,0,0,16092,12352,-1618,2352,809,928,0.3218,0.1462,no
R-3025,26,universitaria,40000,0,0,0,36835,37528,35964,2000,2000,5000,0.9209,0.0543,no
R-3026,30,universitaria,90000,2,0,2,75620,75382,73980,3300,3350,3300,0.8402,0.0436,si
R-3027,28,posgrado,200000,1,0,0,0,0,0,0,0,1545,0.0,0.0,no
R-3028,28,universitaria,160000,0,0,0,1049,2058,2164,2060,2164,2000,0.0066,1.9638,no
R-3029,39,universitaria,20000,0,0,0,19064,20356,18186,2000,2000,2000,0.9532,0.1049,no
R-3030,32,universitaria,150000,0,0,0,17594,14850,15919,1609,2000,1000,0.1173,0.0915,no
R-3031,44,otra,130000,2,2,6,112570,109131,118539,0,11323,0,0.8659,0.0,si
R-3032,29,universitaria,160000,0,0,0,3617,2091,5816,2122,5822,5524,0.0226,0.5867,no
R-3033,43,posgrado,120000,0,0,2,24484,26751,28999,3000,3000,2000,0.204,0.1225,si
R-3034,41,media,60000,0,0,0,56261,55773,55953,1993,2627,2700,0.9377,0.0354,no
R-3035,35,posgrado,240000,0,0,0,86508,86596,87475,3583,2768,2817,0.3604,0.0414,no
R-3036,37,universitaria,330000,0,0,0,2202,2900,2335,2911,2579,7278,0.0067,1.322,no
R-3037,46,universitaria,20000,1,2,6,10935,11456,13169,1000,1900,1000,0.5468,0.0914,si
R-3038,30,universitaria,200000,0,0,0,75014,77044,80096,3190,4195,4300,0.3751,0.0425,no
R-3039,28,media,20000,0,2,6,5741,5155,5754,0,2294,0,0.2871,0.0,no
R-3040,47,universitaria,180000,0,0,0,107,825,7609,825,7609,825,0.0006,3.0,no
R-3041,43,posgrado,300000,0,0,0,21670,-5,-5,0,0,1583,0.0722,0.0,no
R-3042,40,universitaria,150000,0,0,0,213638,190709,168741,7877,8069,6708,1.4243,0.0369,no
R-3043,41,media,140000,0,0,0,114133,122191,128069,10000,8000,5000,0.8152,0.0876,si
R-3044,38,media,90000,0,0,0,85718,88476,90120,4200,5000,4776,0.9524,0.049,no
R-3045,43,media,50000,1,2,8,15214,14673,17621,0,3200,800,0.3043,0.0,no
R-3046,39,media,80000,0,0,0,18787,19869,20897,1400,1352,1366,0.2348,0.0745,no
R-3047,31,posgrado,60000,0,0,0,7233,1596,1562,1596,1562,0,0.1206,0.2207,no
R-3048,43,media,130000,0,0,0,15923,82292,396,70000,792,1552,0.1225,3.0,no
R-3049,33,posgrado,390000,0,0,0,2703,1017,0,1017,0,0,0.0069,0.3762,no
R-3050,40,posgrado,400000,0,0,0,6376,4925,4382,5949,4403,1250,0.0159,0.933,no
R-3051,38,posgrado,500000,0,0,0,5410,2760,36861,2700,36861,10000,0.0108,0.4991,no
R-3052,33,posgrado,160000,0,0,0,5459,20415,2141,20415,2141,2144,0.0341,3.0,no
R-3053,31,universitaria,250000,1,0,0,0,0,0,0,0,1000,0.0,0.0,no
R-3054,29,posgrado,280000,0,0,0,15801,9982,9909,1200,1200,1200,0.0564,0.0759,no
R-3055,38,posgrado,60000,1,0,5,0,780,780,780,0,0,0.0,3.0,no
R-3056,32,universitaria,280000,0,0,0,11561,12662,13752,1300,1300,1300,0.0413,0.1124,no
R-3057,30,posgrado,200000,0,0,0,59891,60537,61592,3000,2800,3000,0.2995,0.0501,no
R-3058,48,universitaria,140000,0,0,0,41241,42548,44552,1996,3000,3000,0.2946,0.0484,no
R-3059,35,posgrado,250000,0,0,0,154878,152677,134445,5200,5200,10000,0.6195,0.0336,no
R-3060,33,universitaria,350000,0,0,0,187649,141353,142923,5100,5400,6100,0.5361,0.0272,no
R-3061,53,media,120000,0,2,2,1743,316,316,0,316,632,0.0145,0.0,no
R-3062,53,media,140000,0,0,0,142270,144418,143728,5357,5829,6240,1.0162,0.0377,no
R-3063,49,universitaria,140000,0,0,0,1282,367,0,367,0,3794,0.0092,0.2863,si
R-3064,53,media,160000,0,0,0,123760,124218,124438,6018,5810,4591,0.7735,0.0486,no
R-3065,50,universitaria,540000,0,0,0,66637,66665,66513,3100,3070,3100,0.1234,0.0465,no
R-3066,48,otra,50000,0,0,0,47937,33816,60320,2000,2000,3293,0.9587,0.0417,no
R-3067,53,universitaria,220000,2,0,0,220389,223682,223193,8490,8100,8000,1.0018,0.0385,si
R-3068,26,media,50000,1,0,0,0,0,0,0,0,0,0.0,0.0,no
R-3069,26,universitaria,150000,1,2,2,156387,148656,150963,0,6000,10000,1.0426,0.0,si
R-3070,28,media,80000,1,2,4,38151,39227,38318,2000,0,5000,0.4769,0.0524,si
R-3071,27,universitaria,50000,0,0,0,0,0,0,0,0,0,0.0,0.0,no
R-3072,23,universitaria,20000,2,2,4,7130,9455,9159,2455,0,1000,0.3565,0.3443,si
R-3073,31,media,80000,1,0,0,0,0,0,0,0,0,0.0,0.0,no
R-3074,36,universitaria,120000,0,0,0,396,396,396,396,396,392,0.0033,1.0,no
R-3075,38,universitaria,290000,0,0,0,116625,118801,99370,5000,3530,3019,0.4022,0.0429,no
R-3076,48,universitaria,60000,0,0,0,60924,60089,59828,2400,2800,2000,1.0154,0.0394,no
R-3077,33,posgrado,100000,2,2,2,94257,78728,65747,0,3100,3000,0.9426,0.0,si
R-3078,29,universitaria,230000,0,0,0,50845,48170,46987,1768,1769,1635,0.2211,0.0348,no
R-3079,42,posgrado,200000,1,0,0,0,581,581,581,581,581,0.0,3.0,si
R-3080,41,posgrado,110000,0,0,0,80959,80733,80984,3486,2958,2803,0.736,0.0431,no
R-3081,35,universitaria,160000,0,0,0,160303,164150,0,8000,0,0,1.0019,0.0499,no
R-3082,28,universitaria,50000,2,2,4,47237,50632,49546,4500,0,1713,0.9447,0.0953,si
R-3083,43,universitaria,80000,0,0,0,70479,71900,0,3300,0,0,0.881,0.0468,no
R-3084,32,universitaria,260000,0,0,0,170276,164617,150188,6200,6000,6000,0.6549,0.0364,si
R-3085,31,universitaria,50000,0,0,0,8673,10957,17187,5011,10000,10000,0.1735,0.5778,no
R-3086,36,universitaria,80000,0,0,4,79673,79353,80107,7100,2600,371,0.9959,0.0891,no
R-3087,30,posgrado,210000,0,0,0,137825,140883,145675,5346,7056,7656,0.6563,0.0388,no
R-3088,30,universitaria,160000,0,0,0,750,370,-20,400,0,800,0.0047,0.5333,no
R-3089,40,universitaria,250000,1,2,2,65087,62216,39814,0,2000,1871,0.2603,0.0,si
R-3090,30,posgrado,180000,1,0,0,0,0,0,0,0,0,0.0,0.0,no
R-3091,32,posgrado,20000,2,0,2,12720,13451,14786,1250,1554,1300,0.636,0.0983,si
R-3092,30,universitaria,30000,0,0,0,7038,8052,10153,1291,2392,1000,0.2346,0.1834,no
R-3093,42,posgrado,200000,0,0,0,-6028,10177,10229,20405,10426,8008,-0.0301,3.0,no
R-3094,38,posgrado,60000,2,2,6,46389,49808,48736,4200,0,1900,0.7732,0.0905,si
R-3095,33,posgrado,180000,0,0,2,3060,1854,3238,1000,2500,0,0.017,0.3268,no
R-3096,43,universitaria,290000,0,0,2,172,1930,1752,1930,0,2000,0.0006,3.0,no
R-3097,40,media,50000,0,0,0,43530,43344,46616,2000,4000,4500,0.8706,0.0459,si
R-3098,40,posgrado,130000,2,2,10,62177,60580,65489,0,5900,2500,0.4783,0.0,no
R-3099,63,media,260000,0,0,2,261326,264126,244115,9166,9001,9061,1.0051,0.0351,no
R-3100,55,universitaria,110000,0,0,2,51716,113395,111693,65668,4267,9455,0.4701,1.2698,si
R-3101,52,universitaria,250000,2,2,6,29860,29086,33288,0,5000,0,0.1194,0.0,si
R-3102,52,media,20000,0,0,5,16049,19967,19368,4519,0,0,0.8024,0.2816,si
R-3103,49,universitaria,290000,0,0,0,4040,5438,3116,5457,3131,13526,0.0139,1.3507,no
R-3104,52,universitaria,50000,0,0,0,45840,47595,28491,8000,8080,15012,0.9168,0.1745,no
R-3105,52,media,500000,0,0,0,30561,38207,18008,38219,18008,29248,0.0611,1.2506,no
R-3106,59,universitaria,160000,0,0,0,1443,1443,1443,1443,1443,1443,0.009,1.0,no
R-3107,23,universitaria,90000,0,0,0,87727,89402,88118,3160,3688,4559,0.9747,0.036,no
R-3108,22,posgrado,10000,0,0,0,9791,7052,6816,1275,2500,1000,0.9791,0.1302,no
R-3109,25,universitaria,210000,0,0,0,648,34601,30853,39637,1371,1000,0.0031,3.0,no
R-3110,36,posgrado,330000,0,0,0,43943,41738,37766,5019,1952,2000,0.1332,0.1142,no
R-3111,38,universitaria,270000,0,0,0,2974,3562,5061,1071,2000,1000,0.011,0.3601,no
R-3112,26,universitaria,80000,0,0,0,24986,23000,1000,2000,1000,0,0.3123,0.08,no
R-3113,39,universitaria,200000,1,0,0,0,21801,62433,21801,42745,0,0.0,3.0,no
R-3114,34,universitaria,200000,0,0,0,19252,10000,0,1000,0,0,0.0963,0.0519,no
R-3115,36,universitaria,100000,0,0,0,5788,5802,14562,1600,14562,6969,0.0579,0.2764,no
R-3116,27,media,130000,1,2,2,133019,133178,132355,6000,6000,5000,1.0232,0.0451,no
R-3117,22,posgrado,50000,0,0,0,45192,9920,16991,5000,31991,1500,0.9038,0.1106,no
R-3118,27,posgrado,410000,0,0,0,7189,15646,15678,16090,16076,40203,0.0175,2.2381,no
R-3119,29,posgrado,210000,0,0,0,0,0,1865,0,1865,0,0.0,0.0,no
R-3120,30,universitaria,140000,0,0,0,1288,-4925,136239,0,143200,5200,0.0092,0.0,no
R-3121,31,universitaria,30000,1,2,10,10916,11940,11462,1500,0,2300,0.3639,0.1374,si
R-3122,31,posgrado,550000,1,2,4,17516,1600,94,0,94,112,0.0318,0.0,no
R-3123,28,media,20000,1,2,4,18953,14043,13266,18,1600,1600,0.9476,0.0009,no
R-3124,22,universitaria,30000,0,0,0,4921,3810,3890,1500,2000,2000,0.164,0.3048,si
R-3125,31,posgrado,250000,1,0,0,-160,-550,450,0,1390,660,-0.0006,0.0,no
R-3126,34,universitaria,260000,0,0,0,32324,24103,20158,1503,2260,3030,0.1243,0.0465,no
R-3127,33,posgrado,220000,0,0,0,586,-64,942,0,1006,6031,0.0027,0.0,no
R-3128,39,universitaria,370000,1,2,4,3633,1746,3677,0,3677,0,0.0098,0.0,no
R-3129,41,universitaria,10000,0,0,0,3311,7244,3980,7244,4000,0,0.3311,2.1879,no
R-3130,47,posgrado,210000,0,0,0,8417,15271,12803,15271,12831,13996,0.0401,1.8143,no
R-3131,38,universitaria,140000,0,0,2,137611,135905,142477,6010,12500,4009,0.9829,0.0437,no
R-3132,51,posgrado,170000,0,0,0,316,316,316,316,316,316,0.0019,1.0,no
R-3133,30,universitaria,50000,1,2,2,27369,6425,4580,0,1050,0,0.5474,0.0,no
R-3134,38,universitaria,20000,0,0,0,19520,16247,6687,1623,1262,1101,0.976,0.0831,no
R-3135,27,universitaria,140000,2,2,7,137582,145941,142243,12100,0,0,0.9827,0.0879,no
R-3136,22,media,30000,1,2,2,41867,38195,37026,0,2145,1400,1.3956,0.0,si
R-3137,22,universitaria,30000,3,2,6,200,200,200,0,0,0,0.0067,0.0,no
R-3138,22,universitaria,20000,2,0,7,6655,9711,12450,3200,2900,2000,0.3328,0.4808,si
R-3139,23,universitaria,60000,2,2,4,58032,61026,44438,4800,0,1539,0.9672,0.0827,si
R-3140,23,universitaria,100000,2,2,10,90680,93267,95189,5000,4300,3600,0.9068,0.0551,no
R-3141,22,media,30000,3,2,11,9340,10533,10221,1500,0,6808,0.3113,0.1606,si
R-3142,24,universitaria,50000,0,0,0,25207,25435,0,1000,0,0,0.5041,0.0397,no
R-3143,23,universitaria,50000,0,0,2,48409,39572,16922,1605,1603,3000,0.9682,0.0332,no
R-3144,24,universitaria,50000,0,0,0,40901,37962,26566,1600,6207,1465,0.818,0.0391,no
R-3145,25,universitaria,80000,0,0,0,36808,38190,39571,2000,2000,1867,0.4601,0.0543,no
R-3146,24,media,20000,0,0,0,13506,14772,16520,1500,2000,1500,0.6753,0.1111,no
R-3147,24,universitaria,90000,0,0,0,35411,17417,26046,10000,14790,5000,0.3935,0.2824,no
R-3148,25,universitaria,280000,0,0,0,196909,176261,174573,6285,5897,5895,0.7032,0.0319,no
R-3149,28,posgrado,120000,0,0,0,2750,-650,-975,0,0,0,0.0229,0.0,no
R-3150,27,posgrado,150000,0,0,0,5200,1689,-17,1689,0,4013,0.0347,0.3248,no
R-3151,26,universitaria,400000,0,0,0,74465,68544,60763,3600,2200,1700,0.1862,0.0483,no
R-3152,27,posgrado,300000,1,0,0,-2,-2,0,874,876,876,-0.0,3.0,no
R-3153,27,universitaria,30000,0,0,0,29083,27227,28327,1500,1938,2000,0.9694,0.0516,no
R-3154,27,posgrado,50000,1,2,4,4040,3800,0,0,0,0,0.0808,0.0,si
R-3155,27,posgrado,60000,1,0,2,0,3187,2816,3366,0,1000,0.0,3.0,no
R-3156,28,universitaria,210000,0,0,0,2316,2316,2836,2316,2836,2316,0.011,1.0,no
R-3157,25,universitaria,80000,0,0,0,2177,1677,7360,2000,5860,0,0.0272,0.9187,no
R-3158,25,universitaria,150000,2,2,10,114074,116313,118700,5600,5700,0,0.7605,0.0491,si
R-3159,26,universitaria,200000,0,0,0,12557,11443,4794,1084,1024,11726,0.0628,0.0863,no
R-3160,35,universitaria,50000,0,0,0,13517,14536,15694,1550,1700,1300,0.2703,0.1147,no
R-3161,22,posgrado,100000,1,2,2,74001,72222,73859,0,3400,3400,0.74,0.0,si
R-3162,24,universitaria,90000,0,0,2,10648,10951,11288,1500,1529,1113,0.1183,0.1409,no
R-3163,25,universitaria,70000,0,0,0,32486,33640,35286,2000,2500,2519,0.4641,0.0616,no
R-3164,30,posgrado,200000,0,0,8,182967,194924,75635,15349,10,32000,0.9148,0.0839,si
R-3165,32,universitaria,50000,0,0,0,49330,49547,49740,2150,2100,2097,0.9866,0.0436,no
R-3166,29,media,90000,0,0,0,91116,89047,91595,3500,4000,3002,1.0124,0.0384,no
R-3167,28,universitaria,130000,0,0,0,115303,113502,111651,4157,4168,5025,0.8869,0.0361,no
R-3168,29,universitaria,30000,0,0,0,25167,25299,22912,1414,1415,1002,0.8389,0.0562,no
R-3169,25,universitaria,150000,0,0,0,1344,1041,2021,1041,2021,4495,0.009,0.7746,no
R-3170,27,universitaria,170000,0,0,0,80848,83678,28461,8000,2000,1000,0.4756,0.099,no
R-3171,29,posgrado,160000,0,0,0,14023,14224,101479,1450,101505,3600,0.0876,0.1034,no
R-3172,29,media,200000,2,2,6,128649,131059,132120,6000,4600,0,0.6432,0.0466,si
R-3173,38,universitaria,50000,0,0,2,31426,23712,18919,1655,1675,15000,0.6285,0.0527,no
R-3174,41,universitaria,140000,0,0,2,41814,43616,44710,2500,2100,2000,0.2987,0.0598,no
R-3175,49,media,20000,1,2,7,18769,21349,20732,3186,0,0,0.9384,0.1697,si
R-3176,38,universitaria,30000,0,0,0,6061,3656,0,1007,0,0,0.202,0.1661,si
R-3177,44,media,260000,0,0,0,148803,137561,130539,5100,5300,4303,0.5723,0.0343,no
R-3178,48,posgrado,30000,0,0,6,25265,26529,30090,2000,4000,0,0.8422,0.0792,si
R-3179,31,universitaria,50000,2,2,10,28947,30072,30895,1900,1600,1500,0.5789,0.0656,si
R-3180,28,media,80000,0,0,0,72561,62691,61652,2300,2809,2104,0.907,0.0317,no
R-3181,36,posgrado,220000,0,0,0,215979,210475,216513,7800,9639,7123,0.9817,0.0361,no
R-3182,24,universitaria,50000,0,0,4,0,0,37111,0,37111,1307,0.0,0.0,no
R-3183,25,posgrado,60000,0,2,2,538,269,269,0,269,269,0.009,0.0,si
R-3184,44,universitaria,20000,3,2,25,2400,2400,2400,0,0,0,0.12,0.0,si
R-3185,35,posgrado,280000,0,0,0,281424,232826,195621,9604,53459,4000,1.0051,0.0341,no
R-3186,32,media,100000,0,0,0,79158,93667,58161,23591,2116,1400,0.7916,0.298,no
R-3187,32,universitaria,20000,1,2,6,17044,16478,19098,0,3200,0,0.8522,0.0,no
R-3188,37,media,170000,1,2,2,33039,30336,30826,3,2008,5000,0.1943,0.0001,no
R-3189,26,universitaria,90000,0,0,0,61982,46323,43710,2000,2100,2500,0.6887,0.0323,no
R-3190,28,universitaria,20000,0,2,4,2120,1760,0,0,0,0,0.106,0.0,no
R-3191,45,media,50000,0,0,0,22352,23244,20791,1324,1351,1664,0.447,0.0592,no
R-3192,26,media,80000,0,0,4,6808,8686,11628,2000,3100,1000,0.0851,0.2938,no
R-3193,40,universitaria,10000,0,0,0,-4,-4,-4,0,0,30,-0.0004,0.0,si
R-3194,34,posgrado,70000,0,0,0,40498,41192,42274,1668,1750,2023,0.5785,0.0412,no
R-3195,37,media,110000,2,0,0,67930,64654,63389,2293,2255,2139,0.6175,0.0338,no
R-3196,36,universitaria,300000,0,0,0,77765,1443,41071,1443,41071,58995,0.2592,0.0186,no
R-3197,32,media,60000,0,0,0,63354,65299,67087,3000,3490,1794,1.0559,0.0474,si
R-3198,39,universitaria,90000,0,2,2,2489,1242,1062,0,1062,1062,0.0277,0.0,no
R-3199,40,media,50000,0,0,0,19824,29311,30862,15000,10000,5000,0.3965,0.7567,no
R-3200,46,universitaria,110000,0,0,2,105851,108187,108015,5604,4661,3560,0.9623,0.0529,no
R-3201,31,universitaria,110000,0,0,0,98006,93978,93066,4300,4295,3000,0.891,0.0439,no
R-3202,28,media,30000,0,0,0,16162,13301,12930,2000,1307,2000,0.5387,0.1237,si
R-3203,37,universitaria,80000,2,0,0,52052,51407,0,2000,0,0,0.6506,0.0384,si
R-3204,35,universitaria,160000,2,0,0,776,776,1172,776,1172,380,0.0048,1.0,no
R-3205,45,universitaria,80000,1,0,0,-1600,82150,0,83750,0,0,-0.02,3.0,no
R-3206,29,universitaria,30000,0,0,0,419,1173,1370,1173,1370,880,0.014,2.7995,si
R-3207,48,media,60000,0,0,0,58653,59063,53377,2500,2000,1900,0.9776,0.0426,si
R-3208,31,universitaria,10000,0,0,0,10468,9138,10309,1160,1331,1321,1.0468,0.1108,no
R-3209,45,universitaria,370000,0,0,2,155124,162526,168389,10000,10000,10000,0.4193,0.0645,no
R-3210,39,universitaria,50000,0,0,0,41598,35995,33059,1825,1593,1458,0.832,0.0439,no
R-3211,32,universitaria,200000,0,0,0,24429,13060,13683,1500,1000,0,0.1221,0.0614,si
R-3212,41,universitaria,60000,0,0,0,34632,35654,36991,1600,1915,1625,0.5772,0.0462,si
R-3213,39,posgrado,50000,0,0,0,50465,51092,56266,4000,3032,1668,1.0093,0.0793,si
R-3214,33,media,30000,0,0,4,22463,25362,24672,3278,0,1233,0.7488,0.1459,si
R-3215,35,universitaria,120000,0,0,8,2415,11837,9754,9886,0,20000,0.0201,3.0,no
R-3216,36,universitaria,220000,0,0,0,124418,126695,106534,6300,4000,5500,0.5655,0.0506,no
R-3217,45,universitaria,340000,0,0,0,3253,15865,1946,15886,1946,546,0.0096,3.0,no
R-3218,32,media,110000,0,0,0,9943,9267,4957,9284,6960,6055,0.0904,0.9337,no
R-3219,30,posgrado,290000,0,0,0,1459,1029,2154,1078,2154,1518,0.005,0.7389,no
R-3220,29,universitaria,120000,0,0,2,9102,10626,15003,2000,5000,0,0.0758,0.2197,no
R-3221,25,universitaria,20000,0,0,0,3454,6875,13936,6885,14523,2816,0.1727,1.9933,si
R-3222,32,universitaria,140000,0,0,0,137647,136497,135505,5004,5000,5000,0.9832,0.0364,no
R-3223,47,universitaria,90000,0,0,0,932,319,800,319,800,0,0.0104,0.3423,no
R-3224,40,universitaria,350000,0,0,0,26774,22062,38491,22181,38683,4706,0.0765,0.8285,no
R-3225,38,universitaria,30000,0,0,2,22070,23075,24124,1676,1725,3613,0.7357,0.0759,no
R-3226,28,posgrado,150000,1,0,0,0,0,522,0,522,0,0.0,0.0,no
R-3227,47,universitaria,50000,0,0,0,49571,37680,31932,2000,1812,2000,0.9914,0.0403,no
R-3228,37,media,190000,0,0,0,752,1302,18666,1302,18666,2000,0.004,1.7314,si
R-3229,31,posgrado,170000,0,0,0,18038,26669,11709,10047,11909,5000,0.1061,0.557,no
R-3230,37,universitaria,30000,2,0,0,25037,18486,19082,2000,2000,2500,0.8346,0.0799,no
R-3231,34,media,50000,0,0,0,60170,48000,50192,3000,3000,5000,1.2034,0.0499,no
R-3232,41,media,80000,0,0,0,3482,2946,1524,1000,1524,1473,0.0435,0.2872,no
R-3233,35,posgrado,360000,0,0,0,94657,34529,106276,45000,100000,73427,0.2629,0.4754,si
R-3234,46,universitaria,20000,2,0,6,16371,17384,19954,1289,2859,0,0.8186,0.0787,si
R-3235,34,media,20000,1,2,8,19381,20359,19360,1600,300,1700,0.969,0.0826,no
R-3236,38,universitaria,70000,0,0,0,50416,51412,53109,1835,2520,2000,0.7202,0.0364,no
R-3237,33,universitaria,210000,0,0,0,29672,31050,0,2100,0,0,0.1413,0.0708,no
R-3238,32,universitaria,240000,0,0,0,153104,102049,105086,4500,5014,0,0.6379,0.0294,no
R-3239,45,posgrado,120000,0,0,2,90041,86140,87941,3079,3185,3251,0.7503,0.0342,no
R-3240,34,universitaria,480000,0,0,0,489305,479927,471639,18231,20010,13013,1.0194,0.0373,si
R-3241,45,universitaria,20000,2,0,2,13696,15156,16183,2000,1574,1284,0.6848,0.146,si
R-3242,38,universitaria,50000,2,0,6,29989,31184,33850,2000,3500,1500,0.5998,0.0667,si
R-3243,45,universitaria,170000,0,0,4,133341,133715,130591,6804,6883,11600,0.7844,0.051,no
R-3244,24,universitaria,50000,0,0,4,46108,49330,48263,4000,0,2384,0.9222,0.0868,no
R-3245,45,universitaria,200000,0,0,0,144249,144423,139978,6097,8039,5112,0.7212,0.0423,no
R-3246,29,universitaria,80000,0,0,4,59520,60492,62160,2753,3438,4400,0.744,0.0463,si
R-3247,40,universitaria,70000,1,2,4,56922,60047,56884,5500,0,2723,0.8132,0.0966,si
R-3248,28,universitaria,110000,0,0,0,10048,8311,3404,2000,3000,410,0.0913,0.199,no
R-3249,31,posgrado,200000,0,2,4,2905,1258,1863,0,2253,0,0.0145,0.0,no
R-3250,33,universitaria,130000,0,0,0,108984,106533,104394,3775,3988,6000,0.8383,0.0346,no
R-3251,32,otra,500000,0,0,0,33647,482,9034,486,9041,64988,0.0673,0.0144,no
R-3252,34,posgrado,260000,0,0,2,199,598,400,599,2,200,0.0008,3.0,no
R-3253,35,media,30000,0,0,0,27785,28786,26496,1800,1500,1450,0.9262,0.0648,si
R-3254,43,universitaria,190000,1,2,2,189697,185105,184180,0,9021,6000,0.9984,0.0,si
R-3255,36,media,30000,2,0,0,7109,7963,9152,1132,1321,1451,0.237,0.1592,si
R-3256,42,universitaria,30000,0,0,0,26504,28056,27987,2000,2000,2000,0.8835,0.0755,no
R-3257,45,media,10000,1,2,7,6925,10273,9964,3647,0,0,0.6925,0.5266,si
R-3258,36,universitaria,20000,2,0,0,18720,18932,19543,1610,1374,1215,0.936,0.086,si
R-3259,33,universitaria,30000,4,3,7,31087,29545,26270,0,0,2000,1.0362,0.0,si
R-3260,34,universitaria,100000,3,2,10,39192,39951,39030,1700,0,5000,0.3919,0.0434,no
R-3261,40,media,110000,0,0,0,41629,42626,45666,1688,3728,1726,0.3784,0.0405,no
R-3262,38,universitaria,140000,0,0,0,139001,141453,132415,4826,8000,3100,0.9929,0.0347,no
R-3263,40,media,50000,0,0,0,31297,30175,30140,1476,1517,1451,0.6259,0.0472,no
R-3264,44,universitaria,140000,0,0,0,110575,0,0,0,0,0,0.7898,0.0,si
R-3265,40,posgrado,220000,0,0,0,63386,64165,61655,8000,3000,3000,0.2881,0.1262,no
R-3266,44,media,130000,0,0,0,129329,123615,107284,4505,3577,1231,0.9948,0.0348,no
R-3267,34,universitaria,230000,0,0,0,3128,10998,1509,10998,1509,1390,0.0136,3.0,no
R-3268,49,media,30000,0,0,0,24885,25886,26901,1215,1230,1236,0.8295,0.0488,no
R-3269,49,universitaria,280000,0,0,0,66749,67942,67908,3001,2382,67867,0.2384,0.045,no
R-3270,48,universitaria,30000,2,2,11,10509,12727,12240,2700,0,0,0.3503,0.2569,si
R-3271,46,posgrado,390000,0,0,0,6570,2287,0,2287,0,18692,0.0168,0.3481,no
R-3272,40,media,80000,0,0,0,7111,12774,16817,6500,5000,4025,0.0889,0.9141,no
R-3273,36,posgrado,320000,0,0,0,29026,28179,28695,5000,5018,1000,0.0907,0.1723,no
R-3274,39,universitaria,100000,2,0,0,95893,97040,65668,3552,2617,2098,0.9589,0.037,no
R-3275,39,media,50000,0,0,0,38506,36749,32159,2008,3000,2000,0.7701,0.0521,no
R-3276,44,universitaria,20000,0,0,2,12346,13615,13674,1500,2000,2500,0.6173,0.1215,no
R-3277,31,universitaria,200000,1,0,0,0,0,500,0,500,0,0.0,0.0,no
R-3278,32,universitaria,320000,0,0,0,44312,23132,-2793,3000,23,0,0.1385,0.0677,si
R-3279,38,universitaria,200000,0,0,0,14956,9023,4963,5000,1155,1000,0.0748,0.3343,no
R-3280,41,universitaria,30000,0,0,0,39745,27393,26948,1522,1800,1222,1.3248,0.0383,no
R-3281,36,posgrado,50000,1,2,10,18992,19881,20767,1500,1500,0,0.3798,0.079,no
R-3282,43,universitaria,280000,0,0,0,273535,280598,141996,12000,7300,5000,0.9769,0.0439,no
R-3283,35,universitaria,130000,0,0,0,125989,127884,128231,6500,6500,6201,0.9691,0.0516,no
R-3284,51,universitaria,170000,0,0,0,3022,2742,4592,2751,4592,3798,0.0178,0.9103,no
R-3285,50,otra,80000,2,0,0,115027,118188,117725,6000,5500,4356,1.4378,0.0522,no
R-3286,50,otra,350000,0,0,0,136293,139215,142695,4846,5577,3488,0.3894,0.0356,no
R-3287,51,posgrado,250000,0,0,0,6811,0,0,0,0,0,0.0272,0.0,no
R-3288,53,universitaria,30000,0,0,0,25627,26891,28151,2000,2000,1500,0.8542,0.078,no
R-3289,52,universitaria,100000,2,2,6,94935,98462,100978,6018,5000,0,0.9494,0.0634,no
R-3290,47,media,60000,0,0,0,50469,43093,37137,3329,3429,2015,0.8412,0.066,no
R-3291,58,posgrado,240000,0,0,0,7217,8204,3001,8210,3001,6866,0.0301,1.1376,no
R-3292,47,posgrado,200000,0,0,0,101986,97680,94125,4000,3455,5000,0.5099,0.0392,no
R-3293,59,otra,240000,0,0,0,233918,235404,236564,8357,10001,10000,0.9747,0.0357,no
R-3294,23,universitaria,100000,0,0,0,67873,49285,49992,2000,1600,2000,0.6787,0.0295,no
R-3295,23,posgrado,80000,0,0,2,59976,60130,59744,2926,2550,1848,0.7497,0.0488,no
R-3296,24,universitaria,20000,2,2,6,14195,15166,14638,1500,0,1500,0.7098,0.1057,si
R-3297,24,universitaria,20000,0,0,0,3843,4110,4560,1073,1258,1000,0.1921,0.2792,no
R-3298,24,posgrado,120000,2,0,0,1330,2103,2473,2103,1170,1162,0.0111,1.5812,si
R-3299,26,universitaria,420000,1,2,4,390188,395881,382620,14000,15,13175,0.929,0.0359,si
R-3300,23,universitaria,20000,1,2,2,17845,17261,18976,0,2000,1600,0.8922,0.0,no
R-3301,28,posgrado,200000,0,0,0,2393,1726,1602,1731,1606,1051,0.012,0.7234,no
R-3302,27,universitaria,300000,0,0,0,-158,-158,-158,0,0,0,-0.0005,0.0,no
R-3303,29,posgrado,130000,0,0,0,9619,6247,59904,6247,59904,30000,0.074,0.6494,no
R-3304,27,universitaria,30000,3,2,16,1650,1650,1650,0,0,0,0.055,0.0,si
R-3305,28,posgrado,120000,0,0,4,7164,9383,16571,2515,7703,600,0.0597,0.3511,si
R-3306,29,posgrado,30000,1,2,10,25264,24560,29128,0,5000,1500,0.8421,0.0,si
R-3307,26,posgrado,180000,0,0,0,8516,0,0,0,0,0,0.0473,0.0,si
R-3308,27,universitaria,100000,0,0,0,100591,101568,64480,3749,2782,0,1.0059,0.0373,no
R-3309,29,universitaria,400000,0,0,0,79435,75332,128630,3803,2551,2735,0.1986,0.0479,no
R-3310,28,universitaria,10000,0,2,9,619,619,8642,0,8642,800,0.0619,0.0,si
R-3311,31,universitaria,280000,0,0,0,229780,31275,32868,2000,2100,2500,0.8206,0.0087,no
R-3312,27,posgrado,130000,2,2,4,73561,70071,68392,3500,0,2798,0.5659,0.0476,si
R-3313,41,universitaria,50000,0,0,0,48537,36394,28278,2022,2016,1272,0.9707,0.0417,no
R-3314,45,media,170000,0,0,0,165315,170562,170024,8000,4000,3000,0.9724,0.0484,no
R-3315,30,universitaria,220000,0,0,2,6229,3516,7413,1000,7397,0,0.0283,0.1605,no
R-3316,34,universitaria,30000,2,2,6,10522,10148,8587,1200,0,1200,0.3507,0.114,si
R-3317,41,universitaria,50000,0,0,0,50611,41732,41111,2200,2200,0,1.0122,0.0435,no
R-3318,38,posgrado,340000,0,0,0,86057,89605,87780,5000,7785,1699,0.2531,0.0581,no
R-3319,28,media,160000,2,2,8,152626,156752,152858,8100,0,14025,0.9539,0.0531,si
R-3320,39,universitaria,30000,0,0,0,28628,29160,21075,2003,2400,1200,0.9543,0.07,no
R-3321,39,media,50000,0,0,0,238,-152,48257,0,48799,1773,0.0048,0.0,si
R-3322,44,universitaria,60000,0,0,0,59331,54989,53898,2000,2000,1962,0.9888,0.0337,no
R-3323,38,universitaria,100000,0,0,0,95933,96772,97240,4499,4578,4606,0.9593,0.0469,no
R-3324,37,posgrado,50000,0,0,0,13191,14659,17097,2000,3000,1700,0.2638,0.1516,no
R-3325,32,universitaria,140000,1,2,11,67923,69412,67734,3200,0,6500,0.4852,0.0471,si
R-3326,44,media,20000,2,2,8,11623,12436,12943,1300,1000,2700,0.5812,0.1118,si
R-3327,49,media,20000,0,0,0,11572,27270,14375,2820,4000,1200,0.5786,0.2437,no
R-3328,47,universitaria,220000,2,4,13,233756,216591,197022,3000,0,6000,1.0625,0.0128,si
R-3329,40,universitaria,120000,0,0,0,112123,114344,117684,4089,5179,2543,0.9344,0.0365,no
R-3330,41,media,30000,1,2,4,17301,18015,17437,1295,0,1306,0.5767,0.0749,no
R-3331,33,universitaria,20000,0,0,4,18706,17483,19509,1275,3081,0,0.9353,0.0682,si
R-3332,39,posgrado,220000,3,2,4,184140,187089,189680,7500,7100,7203,0.837,0.0407,si
R-3333,32,universitaria,80000,0,0,0,22753,25046,23466,3000,3000,3000,0.2844,0.1319,no
R-3334,31,universitaria,480000,0,0,0,55346,58411,58883,4000,3000,3000,0.1153,0.0723,no
R-3335,33,posgrado,150000,0,0,0,94020,78038,63176,3040,5000,10116,0.6268,0.0323,no
R-3336,39,universitaria,100000,0,0,0,10603,11735,12460,1315,1040,0,0.106,0.124,si
R-3337,30,universitaria,50000,0,0,0,48591,37944,50135,12000,13000,5000,0.9718,0.247,no
R-3338,31,universitaria,200000,0,0,0,6926,1747,642,1747,642,0,0.0346,0.2522,no
R-3339,49,universitaria,140000,0,0,0,35815,36800,37344,1590,1926,1911,0.2558,0.0444,no
R-3340,33,universitaria,50000,0,0,0,28086,29088,25692,1500,2000,1410,0.5617,0.0534,no
R-3341,38,media,110000,0,0,0,52708,51021,51166,2469,2119,1857,0.4792,0.0468,no
R-3342,39,universitaria,190000,2,2,6,166611,170196,172122,7820,6100,0,0.8769,0.0469,si
R-3343,37,media,120000,0,0,0,2284,2007,1371,2007,1371,4639,0.019,0.8787,no
R-3344,40,posgrado,210000,0,0,0,1535,2652,179,2652,179,1326,0.0073,1.7277,si
R-3345,43,universitaria,50000,0,0,0,50785,48709,50981,3000,4414,1500,1.0157,0.0591,si
R-3346,39,otra,250000,0,0,0,14310,3697,0,3700,0,0,0.0572,0.2586,no
R-3347,34,universitaria,30000,2,0,9,18402,19785,24633,2000,5500,0,0.6134,0.1087,no
R-3348,47,universitaria,20000,1,2,6,8557,8271,11127,0,3000,0,0.4278,0.0,si
R-3349,38,universitaria,50000,0,0,0,1930,305,6270,305,6270,6396,0.0386,0.158,no
R-3350,33,universitaria,40000,0,0,0,23330,0,0,0,0,0,0.5833,0.0,no
R-3351,35,universitaria,230000,0,0,0,30798,28806,2425,1000,2425,2425,0.1339,0.0325,no
R-3352,38,universitaria,20000,1,2,10,9599,9296,11813,0,2676,0,0.48,0.0,no
R-3353,46,universitaria,50000,0,0,0,43719,44290,41245,1700,1924,2015,0.8744,0.0389,no
R-3354,43,universitaria,20000,2,2,6,17233,18639,20035,2000,2000,0,0.8616,0.1161,si
R-3355,29,posgrado,50000,2,2,4,7881,10415,3997,3000,0,1000,0.1576,0.3807,si
R-3356,40,universitaria,50000,1,2,2,49039,47949,49235,0,2058,1400,0.9808,0.0,si
R-3357,37,universitaria,230000,0,0,0,11770,16479,20474,10000,5000,16492,0.0512,0.8496,no
R-3358,45,universitaria,20000,0,0,0,19473,19868,16749,1896,1417,1206,0.9736,0.0974,no
R-3359,33,universitaria,390000,0,0,0,30209,31193,31440,1804,2561,8122,0.0775,0.0597,no
R-3360,35,posgrado,270000,1,0,0,-12,-12,-12,0,0,0,-0.0,0.0,no
R-3361,42,posgrado,180000,0,0,0,0,0,0,0,0,0,0.0,0.0,no
R-3362,48,universitaria,140000,0,0,6,119965,124944,124901,8506,4706,9463,0.8569,0.0709,no
R-3363,37,universitaria,20000,0,0,0,15612,16927,17794,1577,1444,1200,0.7806,0.101,si
R-3364,33,posgrado,120000,1,0,0,0,0,0,0,0,600,0.0,0.0,no
R-3365,40,universitaria,110000,0,0,0,106455,109191,110937,6000,5000,3814,0.9678,0.0564,no
R-3366,33,posgrado,80000,0,0,0,45524,62969,36217,2000,10000,2000,0.569,0.0439,no
R-3367,39,universitaria,170000,0,0,0,142509,143339,125864,5000,20000,6000,0.8383,0.0351,no
R-3368,52,media,50000,2,2,13,36428,37530,38630,2000,2000,4086,0.7286,0.0549,no
R-3369,62,universitaria,260000,0,0,0,390,390,390,390,780,390,0.0015,1.0,no
R-3370,50,universitaria,320000,0,0,0,277884,281848,288726,10100,11422,11006,0.8684,0.0363,no
R-3371,52,media,30000,1,2,11,23819,23144,28066,0,5637,0,0.794,0.0,si
R-3372,53,media,20000,3,2,25,2255,2255,2255,0,0,0,0.1128,0.0,si
R-3373,53,media,80000,1,2,2,9637,7251,8026,0,1088,1000,0.1205,0.0,no
R-3374,57,posgrado,30000,2,0,7,22957,23978,26749,1707,3478,2073,0.7652,0.0744,si
R-3375,50,universitaria,10000,1,2,2,10171,8150,8446,2,1281,1134,1.0171,0.0002,no
R-3376,52,media,380000,0,0,0,145445,144908,147940,6000,5362,6000,0.3828,0.0413,no
R-3377,56,posgrado,140000,0,0,0,1862,7465,1744,7465,1744,1700,0.0133,3.0,no
R-3378,57,universitaria,130000,0,2,6,4820,3186,7924,0,6210,0,0.0371,0.0,no
R-3379,29,universitaria,60000,2,2,6,40351,41387,42117,2000,1685,0,0.6725,0.0496,si
R-3380,26,media,30000,0,0,0,30244,29640,30451,1701,1600,1500,1.0081,0.0562,no
R-3381,22,media,50000,0,0,0,18108,18512,19468,1400,1300,2800,0.3622,0.0773,no
R-3382,23,posgrado,140000,0,0,2,90289,91739,89623,10007,1038,3900,0.6449,0.1108,si
R-3383,21,universitaria,30000,0,0,0,28028,25278,23485,2019,2511,10000,0.9343,0.072,no
R-3384,22,universitaria,50000,0,0,0,24775,25971,26666,2001,1501,1501,0.4955,0.0808,no
R-3385,22,universitaria,50000,2,2,11,19091,18487,22219,0,4042,0,0.3818,0.0,no
R-3386,24,posgrado,150000,1,0,2,-200,200,200,600,200,200,-0.0013,3.0,no
R-3387,24,posgrado,30000,0,0,0,30900,410,28883,410,28883,1710,1.03,0.0133,si
R-3388,23,universitaria,20000,0,0,0,16027,16740,17451,1600,1600,1600,0.8014,0.0998,no
R-3389,23,posgrado,30000,0,0,0,27013,26590,26249,1470,1889,1400,0.9004,0.0544,no
R-3390,22,media,30000,0,0,0,8922,6698,187,1275,187,1000,0.2974,0.1429,no
R-3391,22,universitaria,30000,2,2,4,27201,27873,25406,4000,0,2000,0.9067,0.1471,si
R-3392,23,posgrado,50000,1,0,0,0,0,0,0,0,0,0.0,0.0,no
R-3393,25,universitaria,70000,0,0,0,67574,69876,56925,3839,2000,3000,0.9653,0.0568,no
R-3394,22,universitaria,30000,2,2,4,31331,24544,28267,0,5600,3005,1.0444,0.0,si
R-3395,24,universitaria,100000,2,0,0,68371,9015,3325,1300,1000,0,0.6837,0.019,si
R-3396,25,media,70000,2,0,0,70963,71056,70850,2527,2615,2500,1.0138,0.0356,si
R-3397,22,universitaria,30000,0,0,0,14533,16534,17213,3002,2002,1553,0.4844,0.2066,no
R-3398,24,universitaria,230000,0,0,0,0,0,0,0,0,0,0.0,0.0,no
R-3399,25,posgrado,50000,0,0,0,45342,44719,40002,2000,5040,8034,0.9068,0.0441,no
R-3400,25,universitaria,130000,0,0,0,111587,112348,114734,4100,4200,5000,0.8584,0.0367,no
R-3401,24,universitaria,80000,0,0,0,74377,76137,78366,3000,3455,1960,0.9297,0.0403,no
R-3402,24,universitaria,230000,0,0,0,78737,63494,55284,2300,2000,1535,0.3423,0.0292,no
R-3403,24,universitaria,50000,0,0,2,43627,39981,40205,3000,2001,3520,0.8725,0.0688,no
R-3404,25,media,60000,0,0,0,60340,58556,57251,2200,2600,2300,1.0057,0.0365,si
R-3405,26,universitaria,130000,0,0,0,2783,131860,130000,130000,3000,0,0.0214,3.0,no
R-3406,27,universitaria,30000,2,2,13,25557,26648,27536,1800,1600,1400,0.8519,0.0704,si
R-3407,24,universitaria,50000,0,0,2,47608,48933,51415,2118,3600,7,0.9522,0.0445,no
R-3408,24,posgrado,20000,0,0,0,18916,18556,19162,1600,1805,1400,0.9458,0.0846,no
R-3409,27,media,20000,3,2,2,16004,15450,16892,0,1696,1200,0.8002,0.0,si
R-3410,25,media,50000,0,0,6,41641,44434,45916,3500,2500,1700,0.8328,0.0841,si
R-3411,28,universitaria,230000,0,0,0,1736,67982,72938,68000,7064,4106,0.0075,3.0,no
R-3412,27,posgrado,50000,1,2,10,19096,18492,21186,0,3000,2000,0.3819,0.0,no
R-3413,28,posgrado,140000,0,0,0,9598,10631,11349,1500,1195,1507,0.0686,0.1563,no
R-3414,28,posgrado,260000,0,0,0,85666,92286,93742,10005,4026,3481,0.3295,0.1168,no
R-3415,28,media,150000,0,0,0,35199,36206,36343,1588,1971,20000,0.2347,0.0451,no
R-3416,26,media,50000,0,0,0,35988,26708,25230,1700,2000,3000,0.7198,0.0472,no
R-3417,29,universitaria,140000,0,0,0,100064,95224,104440,6029,30000,7981,0.7147,0.0603,no
R-3418,28,posgrado,150000,2,2,4,145096,147384,143225,5000,0,6000,0.9673,0.0345,si
R-3419,26,universitaria,260000,0,0,0,16150,17880,22248,2000,5000,5000,0.0621,0.1238,no
R-3420,26,posgrado,110000,0,0,0,38920,28276,25171,1700,1800,1750,0.3538,0.0437,no
R-3421,29,posgrado,400000,0,0,0,7191,8856,6181,2000,1500,2000,0.018,0.2781,no
R-3422,31,media,20000,0,5,14,14320,13815,13403,0,86,0,0.716,0.0,si
R-3423,29,universitaria,160000,0,0,0,21898,23075,24010,5004,8004,400,0.1369,0.2285,no
R-3424,28,posgrado,50000,0,0,0,5953,1044,2450,1044,2450,248,0.1191,0.1754,no
R-3425,29,universitaria,50000,2,2,8,43629,46376,45354,3790,0,4500,0.8726,0.0869,si
R-3426,45,media,160000,0,0,0,227,-385,-379,280,6,75,0.0014,1.2335,no
R-3427,27,posgrado,50000,2,3,11,34044,33202,34370,0,2000,1300,0.6809,0.0,si
R-3428,25,posgrado,200000,0,0,0,8926,700,610,700,610,5130,0.0446,0.0784,no
R-3429,30,universitaria,50000,0,0,2,31079,30036,6845,2280,2300,0,0.6216,0.0734,no
R-3430,26,media,60000,0,0,0,27402,26455,28017,1500,4022,1500,0.4567,0.0547,no
R-3431,33,universitaria,30000,0,0,0,11042,12051,13101,1200,1250,1537,0.3681,0.1087,no
R-3432,39,posgrado,100000,2,2,10,94732,97284,99542,5000,4700,2950,0.9473,0.0528,si
R-3433,46,universitaria,10000,3,2,12,5997,5753,9629,0,4000,0,0.5997,0.0,si
R-3434,35,universitaria,50000,0,0,0,48818,49796,50892,2200,2200,1800,0.9764,0.0451,no
R-3435,35,universitaria,80000,2,2,6,22001,23339,22677,2000,0,1395,0.275,0.0909,si
R-3436,39,media,40000,2,2,10,22241,23273,24204,1700,1600,1000,0.556,0.0764,si
R-3437,34,universitaria,110000,0,0,2,10827,11657,8428,2500,0,1200,0.0984,0.2309,no
R-3438,38,universitaria,20000,3,4,13,18666,18087,17517,0,0,0,0.9333,0.0,si
R-3439,37,universitaria,100000,0,0,0,100253,101587,100095,4500,4500,5000,1.0025,0.0449,no
R-3440,43,media,20000,2,0,0,18310,18739,19411,1300,1500,1257,0.9155,0.071,si
R-3441,41,media,100000,1,2,2,77208,75377,77044,0,3475,3263,0.7721,0.0,no
R-3442,37,universitaria,280000,0,0,0,198823,206000,0,10000,0,0,0.7101,0.0503,no
R-3443,46,universitaria,240000,0,0,0,177221,169897,166064,7053,6520,0,0.7384,0.0398,si
R-3444,33,media,20000,0,0,0,20023,20239,19164,1300,1400,1300,1.0012,0.0649,no
R-3445,37,universitaria,50000,0,0,0,29969,17791,12592,1281,1099,1009,0.5994,0.0427,no
R-3446,32,media,160000,0,0,0,56099,41085,35673,3000,3030,2000,0.3506,0.0535,no
R-3447,41,posgrado,360000,0,0,0,0,0,0,0,0,0,0.0,0.0,si
R-3448,34,universitaria,230000,0,0,0,205530,380,380,380,380,2350,0.8936,0.0018,no
R-3449,31,media,30000,2,3,9,30057,29280,30206,0,1700,1100,1.0019,0.0,no
R-3450,40,universitaria,300000,0,0,0,10626,10578,12963,10582,13265,1087,0.0354,0.9959,no
R-3451,37,universitaria,20000,2,0,2,16429,17450,20358,1300,3200,0,0.8214,0.0791,si
R-3452,45,posgrado,170000,0,0,0,73326,68712,60324,3504,3500,30000,0.4313,0.0478,no
R-3453,25,posgrado,200000,1,2,12,133797,144095,140383,14000,0,10000,0.669,0.1046,si
R-3454,31,universitaria,390000,0,0,2,103061,106464,88653,7600,20,3510,0.2643,0.0737,no
R-3455,32,media,30000,0,0,0,30096,30287,28823,1494,1445,1506,1.0032,0.0496,no
R-3456,39,universitaria,150000,0,0,0,16878,7632,33019,5000,30000,3000,0.1125,0.2962,no
R-3457,39,universitaria,30000,0,0,2,22215,18243,29013,18243,11500,0,0.7405,0.8212,no
R-3458,29,universitaria,310000,0,0,0,26597,27141,25567,1732,1408,1209,0.0858,0.0651,no
R-3459,31,media,30000,0,0,4,26667,27675,30611,1455,3391,949,0.8889,0.0546,no
R-3460,32,posgrado,200000,0,0,0,0,0,-10542,0,1685,326974,0.0,0.0,no
R-3461,34,posgrado,210000,0,0,0,8289,16585,9396,16585,10455,16992,0.0395,2.0008,no
R-3462,41,media,30000,0,0,0,1688,0,850,0,850,2158,0.0563,0.0,no
R-3463,33,posgrado,550000,0,0,0,337733,261223,267274,10000,11000,12300,0.6141,0.0296,no
R-3464,39,media,160000,0,0,0,156000,155866,159005,5559,7677,6039,0.975,0.0356,no
R-3465,26,universitaria,50000,0,0,0,1804,5195,15371,4000,15387,1500,0.0361,2.2173,no
R-3466,33,posgrado,110000,0,0,0,0,0,0,0,0,0,0.0,0.0,no
R-3467,38,posgrado,210000,1,0,0,0,0,517,0,517,0,0.0,0.0,no
R-3468,33,posgrado,180000,2,0,0,416,416,416,416,416,416,0.0023,1.0,si
R-3469,48,universitaria,20000,1,3,11,17100,16537,16283,0,300,2000,0.855,0.0,si
R-3470,44,universitaria,130000,2,0,6,72181,73086,78411,2700,6500,3200,0.5552,0.0374,si
R-3471,46,media,100000,2,2,10,43677,42674,45983,0,4000,2000,0.4368,0.0,si
R-3472,36,universitaria,60000,0,0,0,57724,56597,50766,2000,5015,2000,0.9621,0.0346,no
R-3473,41,universitaria,70000,0,0,2,68953,68908,68799,3000,3810,2010,0.985,0.0435,no
R-3474,47,universitaria,30000,2,2,10,15089,16039,17080,1500,1600,800,0.503,0.0994,si
R-3475,38,universitaria,60000,0,0,0,58890,59620,60039,2620,2906,2588,0.9815,0.0445,no
R-3476,32,media,50000,0,0,0,1442,1444,1447,1444,1447,1261,0.0288,1.0014,no
R-3477,39,posgrado,50000,0,0,0,47381,48697,48322,2116,2320,1300,0.9476,0.0447,no
R-3478,30,posgrado,50000,0,0,0,46791,42675,34256,1593,1855,1341,0.9358,0.034,no
R-3479,31,posgrado,150000,0,0,0,138121,145763,134887,10001,6712,5500,0.9208,0.0724,no
R-3480,32,universitaria,30000,0,0,0,17168,28655,29239,12155,2000,1920,0.5723,0.708,si
R-3481,43,universitaria,30000,2,2,10,28264,28703,26622,2000,1300,2,0.9421,0.0708,si
R-3482,33,posgrado,120000,0,0,0,35563,25614,19747,1426,6400,1500,0.2964,0.0401,si
R-3483,43,universitaria,100000,0,0,4,51146,54716,58766,5000,5500,2300,0.5115,0.0978,no
R-3484,38,universitaria,100000,0,0,0,88231,91090,95935,4326,7400,2914,0.8823,0.049,si
R-3485,37,media,90000,0,0,0,78159,82779,86905,8000,7500,4000,0.8684,0.1024,no
R-3486,35,universitaria,360000,0,0,0,127548,61629,59194,2145,3721,2839,0.3543,0.0168,no
R-3487,44,media,360000,0,0,0,2877,1852,2068,1861,2078,2361,0.008,0.6469,no
R-3488,44,universitaria,150000,0,0,0,0,0,0,0,0,0,0.0,0.0,no
R-3489,46,media,10000,1,2,4,4474,189,3510,0,3510,0,0.4474,0.0,si
R-3490,46,posgrado,180000,0,0,0,9509,15419,14188,16359,14293,11949,0.0528,1.7204,no
R-3491,32,universitaria,50000,1,2,6,51132,49594,50292,0,4800,0,1.0226,0.0,no
R-3492,48,posgrado,400000,0,2,4,1908,1442,8162,0,8513,457,0.0048,0.0,no
R-3493,32,universitaria,50000,0,0,0,36062,36345,10529,1500,1847,1000,0.7212,0.0416,no
R-3494,41,universitaria,110000,2,2,10,23078,25883,25182,3200,0,4200,0.2098,0.1387,si
R-3495,41,media,80000,0,0,0,69964,52041,39864,3082,2500,2200,0.8746,0.0441,no
R-3496,35,universitaria,180000,0,0,0,1264,176,1247,176,1247,0,0.007,0.1392,no
R-3497,35,universitaria,260000,0,0,0,131211,132175,133289,4001,4215,4101,0.5047,0.0305,no
R-3498,43,universitaria,100000,0,0,0,1597,2491,1709,2491,1709,574,0.016,1.5598,no
R-3499,35,universitaria,20000,2,0,6,5890,7282,9455,1500,2454,0,0.2945,0.2547,si
R-3500,42,media,50000,2,0,4,31422,32420,33462,1521,1563,3300,0.6284,0.0484,si
R-3501,46,universitaria,230000,0,0,0,207,4090,5848,4999,2655,1919,0.0009,3.0,no
R-3502,42,universitaria,50000,0,0,0,48080,48062,48667,1763,2112,1756,0.9616,0.0367,no
R-3503,35,posgrado,50000,0,0,6,44487,47438,46400,4000,0,3700,0.8897,0.0899,si
R-3504,35,posgrado,120000,0,0,0,2776,2549,2558,2549,2558,2577,0.0231,0.9182,si
R-3505,31,posgrado,160000,0,2,2,1494,696,1395,2,1399,903,0.0093,0.0013,si
R-3506,43,universitaria,20000,0,0,0,6459,7470,8492,1123,1145,1200,0.323,0.1739,no
R-3507,43,media,20000,4,3,7,20461,19833,20502,0,1700,0,1.023,0.0,no
R-3508,43,universitaria,50000,0,0,2,51229,46954,51221,2100,5896,0,1.0246,0.041,no
R-3509,38,media,70000,1,2,2,59020,57400,21868,50,1379,1500,0.8431,0.0008,no
R-3510,36,universitaria,50000,0,0,0,81793,84360,89215,2682,5000,5000,1.6359,0.0328,no
R-3511,30,universitaria,60000,0,0,0,10809,11160,10913,3160,2604,2160,0.1802,0.2923,no
R-3512,31,universitaria,220000,0,0,0,79226,78693,78297,3900,3500,4000,0.3601,0.0492,no
R-3513,39,universitaria,170000,0,0,0,161277,162706,166677,5856,7424,7169,0.9487,0.0363,no
R-3514,36,posgrado,340000,0,0,0,242518,247338,252656,8849,9300,9200,0.7133,0.0365,no
R-3515,42,media,90000,0,0,0,91240,92795,93557,4895,4806,1547,1.0138,0.0536,no
R-3516,44,media,20000,0,0,6,20313,20111,18057,3030,0,2175,1.0156,0.1492,no
R-3517,42,universitaria,280000,0,0,0,255527,256675,253682,273844,13000,11000,0.9126,1.0717,no
R-3518,41,universitaria,210000,0,0,0,227271,211597,99865,9000,4000,3018,1.0822,0.0396,no
R-3519,48,posgrado,40000,0,0,0,38549,37924,37648,2000,1700,2000,0.9637,0.0519,no
R-3520,35,posgrado,280000,2,0,0,47,97767,99036,99007,5000,3027,0.0002,3.0,no
R-3521,37,universitaria,250000,0,0,0,59023,102006,56412,45000,2012,72791,0.2361,0.7624,no
R-3522,47,posgrado,300000,0,0,0,514,2392,148,2392,148,148,0.0017,3.0,si
R-3523,36,posgrado,70000,0,0,0,79640,75021,71101,3000,2893,4231,1.1377,0.0377,no
R-3524,35,media,50000,0,0,0,49930,48261,49027,2300,3000,2503,0.9986,0.0461,no
R-3525,38,universitaria,380000,0,0,0,12538,6666,0,1000,0,0,0.033,0.0798,no
R-3526,43,posgrado,340000,0,0,0,15928,18338,20035,3000,2000,5000,0.0468,0.1883,no
R-3527,34,posgrado,100000,0,0,0,101620,101747,100750,4000,3838,3563,1.0162,0.0394,no
R-3528,50,posgrado,500000,0,0,0,378981,372392,353719,20002,16023,13009,0.758,0.0528,no
R-3529,51,universitaria,50000,0,0,9,44664,48028,46985,4110,0,4600,0.8933,0.092,no
R-3530,53,universitaria,40000,0,0,4,4621,6527,7776,2150,1500,0,0.1155,0.4653,si
R-3531,54,universitaria,360000,0,0,0,277688,271867,272796,10450,10414,11330,0.7714,0.0376,no
R-3532,61,media,20000,1,0,0,0,0,0,0,0,0,0.0,0.0,si
R-3533,62,media,80000,0,0,0,36088,37257,36288,2100,2100,2400,0.4511,0.0582,no
R-3534,52,media,50000,0,0,0,5976,6405,6828,2000,2000,1004,0.1195,0.3347,no
R-3535,60,media,70000,0,0,0,10083,11091,12117,1184,1210,1218,0.144,0.1174,no
R-3536,58,media,100000,0,0,0,96821,98389,97831,3589,3656,3677,0.9682,0.0371,no
R-3537,59,universitaria,60000,4,4,20,54506,56998,59111,4000,3601,2000,0.9084,0.0734,no
R-3538,64,media,60000,0,0,0,15463,14046,218,1410,218,12723,0.2577,0.0912,no
R-3539,58,universitaria,160000,0,0,0,1443,1443,1443,1443,1443,1443,0.009,1.0,no
R-3540,27,universitaria,20000,0,2,2,780,390,390,0,390,0,0.039,0.0,no
R-3541,38,universitaria,10000,1,0,0,-58,-58,-58,0,0,7300,-0.0058,0.0,no
R-3542,24,media,50000,0,0,0,40751,30786,30285,1627,3053,2005,0.815,0.0399,no
R-3543,54,universitaria,470000,1,2,2,358581,351295,358671,0,13033,14800,0.7629,0.0,no
R-3544,24,universitaria,10000,3,2,13,1050,1050,1050,0,0,0,0.105,0.0,si
R-3545,22,media,10000,1,0,0,0,7492,8589,7492,1224,1000,0.0,3.0,no
R-3546,24,media,20000,0,0,0,18661,17895,19598,1400,2000,1000,0.933,0.075,no
R-3547,25,universitaria,20000,0,0,0,17584,20000,0,3000,0,0,0.8792,0.1706,no
R-3548,25,universitaria,100000,0,0,0,49199,48285,390,1000,390,390,0.492,0.0203,no
R-3549,25,universitaria,50000,0,0,0,-1587,-5174,-2587,0,0,0,-0.0317,0.0,si
R-3550,23,otra,50000,0,0,0,42407,13244,48845,7275,47166,12064,0.8481,0.1716,no
R-3551,25,universitaria,180000,0,0,0,12891,14275,15737,1600,2000,1500,0.0716,0.1241,no
R-3552,27,posgrado,180000,0,0,0,3210,13852,6482,12000,5004,1000,0.0178,3.0,no
R-3553,28,universitaria,120000,0,0,0,70124,71355,72962,3000,2830,1600,0.5844,0.0428,no
R-3554,26,universitaria,190000,0,0,0,2204,3479,4886,1800,1797,1785,0.0116,0.8167,no
R-3555,28,universitaria,50000,0,0,2,48431,45008,40226,1700,2000,1700,0.9686,0.0351,no
R-3556,26,universitaria,10000,3,2,24,2400,2400,2400,0,0,0,0.24,0.0,si
R-3557,28,posgrado,60000,0,0,0,40784,41723,42665,2001,2001,1690,0.6797,0.0491,no
R-3558,28,universitaria,100000,0,0,0,9125,10664,12183,2000,2000,2000,0.0912,0.2192,si
R-3559,29,posgrado,130000,0,0,0,120000,0,0,0,0,0,0.9231,0.0,no
R-3560,30,universitaria,80000,0,0,0,31299,37446,539,20000,539,16673,0.3912,0.639,no
R-3561,27,posgrado,150000,0,0,0,390,0,780,0,780,0,0.0026,0.0,no
R-3562,26,universitaria,50000,2,0,0,49586,49865,41132,2268,2200,1917,0.9917,0.0457,no
R-3563,29,universitaria,100000,2,0,2,43531,45103,45779,2600,2200,2200,0.4353,0.0597,si
R-3564,30,posgrado,200000,0,0,0,6589,3423,2785,3449,2798,54271,0.0329,0.5234,no
R-3565,28,universitaria,60000,2,2,4,61743,62197,59892,2800,0,3000,1.029,0.0453,si
R-3566,25,universitaria,20000,0,0,6,14193,16489,15936,2850,0,2355,0.7096,0.2008,si
R-3567,29,universitaria,100000,2,2,12,81839,82781,85536,3200,5000,6800,0.8184,0.0391,si
R-3568,44,universitaria,40000,2,2,10,24262,26640,25927,3100,0,2700,0.6066,0.1278,si
R-3569,38,universitaria,190000,0,0,0,194670,194690,189950,9000,8400,8800,1.0246,0.0462,no
R-3570,40,universitaria,10000,3,2,13,1050,1050,1050,0,0,0,0.105,0.0,si
R-3571,30,posgrado,180000,0,0,0,4027,2130,25770,2130,25770,11475,0.0224,0.5289,no
R-3572,31,universitaria,230000,0,0,0,170041,174811,177733,9800,6418,8000,0.7393,0.0576,no
R-3573,49,media,100000,0,0,0,82214,74983,71958,2659,2656,2372,0.8221,0.0323,no
R-3574,39,universitaria,300000,0,0,0,29997,592,1049,598,1057,0,0.1,0.0199,no
R-3575,32,universitaria,130000,0,0,0,21395,31030,40523,10000,10000,15000,0.1646,0.4674,no
R-3576,31,universitaria,20000,1,2,10,6313,6559,7789,500,1500,1000,0.3156,0.0792,si
R-3577,34,universitaria,50000,0,0,0,45459,45695,45866,2000,3000,2200,0.9092,0.044,no
R-3578,35,universitaria,20000,1,2,4,5659,5422,6283,0,1107,1278,0.283,0.0,no
R-3579,45,universitaria,120000,0,0,0,52574,47092,44208,2000,2000,1256,0.4381,0.038,no
R-3580,45,universitaria,50000,0,0,0,30359,28717,16177,2000,2000,2000,0.6072,0.0659,no
R-3581,32,media,100000,0,0,0,54483,45433,40870,2460,2220,1400,0.5448,0.0452,no
R-3582,33,posgrado,230000,0,0,0,213859,218094,225070,9285,12000,9100,0.9298,0.0434,si
R-3583,37,universitaria,160000,1,2,4,99793,101325,98706,4300,0,4200,0.6237,0.0431,si
R-3584,39,universitaria,150000,2,0,0,155896,159891,164830,5500,7103,3000,1.0393,0.0353,si
R-3585,30,universitaria,100000,0,0,0,55776,44953,46922,3000,3000,3000,0.5578,0.0538,no
R-3586,43,media,300000,0,0,0,303747,299685,279613,11500,14000,20000,1.0125,0.0379,si
R-3587,30,universitaria,110000,2,0,7,54404,57503,66128,4000,9600,0,0.4946,0.0735,si
R-3588,37,posgrado,80000,0,0,0,155342,159672,163959,6000,6000,6000,1.9418,0.0386,no
R-3589,45,universitaria,90000,0,0,2,46608,49999,43996,4500,0,1750,0.5179,0.0965,no
R-3590,39,posgrado,170000,0,0,0,0,0,905,0,905,0,0.0,0.0,no
R-3591,33,universitaria,140000,0,0,0,279184,259478,25020,7000,2000,2000,1.9942,0.0251,no
R-3592,31,posgrado,160000,0,0,0,24465,7747,17002,7751,17016,17185,0.1529,0.3168,no
R-3593,38,universitaria,100000,2,0,0,106989,98751,32099,3910,1733,1000,1.0699,0.0365,si
R-3594,42,universitaria,110000,1,2,6,45461,44434,45395,0,1980,5987,0.4133,0.0,no
R-3595,30,universitaria,50000,0,2,4,780,780,0,0,0,0,0.0156,0.0,si
R-3596,44,media,90000,1,0,0,0,0,0,0,0,0,0.0,0.0,si
R-3597,43,universitaria,180000,0,0,0,158843,152507,143489,6029,7035,10007,0.8825,0.038,no
R-3598,32,universitaria,350000,0,0,0,227873,228009,220450,10156,9000,8700,0.6511,0.0446,si
R-3599,39,media,170000,0,0,0,54397,55501,56823,2009,2239,2067,0.32,0.0369,no
R-3600,41,universitaria,100000,1,2,2,96310,78965,74289,0,2600,6459,0.9631,0.0,no
R-3601,36,posgrado,140000,0,0,0,39598,40836,41878,2200,2001,2100,0.2828,0.0556,no
R-3602,33,posgrado,200000,0,0,0,1431,1491,1000,1491,1326,9373,0.0072,1.0419,no
R-3603,49,posgrado,50000,0,0,0,48135,15317,12579,1314,1506,19300,0.9627,0.0273,si
R-3604,41,universitaria,300000,0,0,0,163033,140472,96234,5505,5000,3000,0.5434,0.0338,no
R-3605,43,media,120000,2,3,11,41439,42455,44872,2000,3400,1800,0.3453,0.0483,si
R-3606,31,posgrado,20000,1,0,0,0,150,0,150,0,0,0.0,3.0,no
R-3607,36,posgrado,240000,0,0,0,0,0,0,0,0,0,0.0,0.0,si
R-3608,48,posgrado,170000,0,0,0,6203,9932,-157264,5079,0,332809,0.0365,0.8188,no
R-3609,42,universitaria,60000,2,2,8,4136,6355,7604,2300,1500,270,0.0689,0.5561,si
R-3610,42,media,200000,0,0,2,151392,148467,153409,7000,14834,0,0.757,0.0462,no
R-3611,37,posgrado,380000,0,0,0,83852,88996,77202,13014,5068,2100,0.2207,0.1552,no
R-3612,38,posgrado,240000,0,0,2,6865,2519,6646,2000,6500,0,0.0286,0.2913,no
R-3613,33,posgrado,300000,0,0,0,250,1280,0,1280,0,320,0.0008,3.0,no
R-3614,42,media,160000,0,0,0,75847,89094,88956,30000,4326,4000,0.474,0.3955,no
R-3615,40,universitaria,270000,0,0,0,42598,44610,46666,3036,3092,3111,0.1578,0.0713,si
R-3616,45,posgrado,450000,0,0,0,201015,177028,136434,10000,6000,5087,0.4467,0.0497,no
R-3617,32,posgrado,190000,0,0,0,183594,191367,192221,15000,7171,5427,0.9663,0.0817,si
R-3618,33,posgrado,220000,0,0,2,171182,175334,179024,7000,6500,7000,0.7781,0.0409,no
R-3619,42,posgrado,500000,0,0,0,47556,36675,9739,2016,1049,767,0.0951,0.0424,no
R-3620,36,posgrado,110000,2,0,0,36152,37246,38340,2000,2000,1500,0.3287,0.0553,si
R-3621,36,posgrado,390000,0,0,0,8040,7818,8051,7857,8091,0,0.0206,0.9772,no
R-3622,32,media,30000,0,0,0,27995,28977,29366,1456,2000,1400,0.9332,0.052,no
R-3623,35,posgrado,20000,2,2,4,20547,17089,15824,1250,0,30000,1.0274,0.0608,si
R-3624,41,universitaria,210000,2,2,10,85639,87705,90376,4200,4800,2500,0.4078,0.049,si
R-3625,32,universitaria,20000,0,0,0,14549,11292,7120,1306,3045,10000,0.7274,0.0898,no
R-3626,36,universitaria,190000,0,0,0,154456,142409,119290,6176,5000,3815,0.8129,0.04,si
R-3627,41,posgrado,400000,0,0,0,11461,5864,5300,5877,5300,6534,0.0287,0.5128,no
R-3628,61,media,20000,3,2,4,1930,1742,-780,0,0,1950,0.0965,0.0,no
R-3629,45,posgrado,200000,0,0,0,3659,1710,5033,1718,5069,1130,0.0183,0.4695,no
R-3630,36,media,20000,0,0,0,18786,19015,20149,1615,1749,1250,0.9393,0.086,no
R-3631,45,media,50000,0,0,0,43469,44462,45510,2015,2063,2054,0.8694,0.0464,no
R-3632,40,universitaria,70000,0,0,0,5481,6495,7514,1113,1132,1200,0.0783,0.2031,no
R-3633,45,universitaria,120000,0,0,0,123772,121289,116645,6000,5800,6000,1.0314,0.0485,no
R-3634,42,universitaria,310000,0,0,0,286506,262830,210583,9297,8311,6928,0.9242,0.0324,no
R-3635,48,posgrado,500000,1,0,0,-471,-471,157,0,785,20697,-0.0009,0.0,no
R-3636,34,posgrado,160000,0,0,0,0,150,1397,150,1397,690,0.0,3.0,no
R-3637,41,posgrado,140000,0,0,0,44635,45891,48149,2000,3000,3000,0.3188,0.0448,no
R-3638,50,media,200000,0,0,8,119657,127855,128447,11754,4100,0,0.5983,0.0982,no
R-3639,49,universitaria,360000,1,2,2,3295,1645,1656,0,1656,1866,0.0092,0.0,no
R-3640,53,universitaria,80000,2,2,6,6469,8947,9853,2600,1200,0,0.0809,0.4019,si
R-3641,62,media,20000,2,3,11,17072,16505,17242,0,1300,0,0.8536,0.0,no
R-3642,50,media,140000,0,0,2,143090,139095,147204,5411,16000,0,1.0221,0.0378,no
R-3643,59,media,120000,0,0,0,68646,68784,49933,2144,1933,2400,0.572,0.0312,no
R-3644,56,posgrado,90000,0,0,0,58438,60208,62000,2572,3188,2661,0.6493,0.044,no
R-3645,57,universitaria,60000,0,0,0,59617,47807,35136,3099,3000,5005,0.9936,0.052,no
R-3646,52,media,80000,0,0,4,27308,29536,31756,3000,3000,0,0.3414,0.1099,no
R-3647,50,posgrado,350000,0,0,0,348938,326648,228830,11000,8500,15022,0.997,0.0315,no
R-3648,50,media,60000,0,0,0,59703,59837,48187,2047,2168,1642,0.995,0.0343,no
R-3649,47,universitaria,50000,2,0,0,10492,11913,13012,1600,1600,1300,0.2098,0.1525,si
R-3650,55,media,80000,0,0,0,80037,79788,81571,63000,25000,7704,1.0005,0.7871,no
R-3651,66,universitaria,210000,0,2,2,780,390,390,0,780,390,0.0037,0.0,si
R-3652,52,media,180000,0,0,0,77408,74156,75659,3293,3350,3111,0.43,0.0425,no
R-3653,57,universitaria,90000,0,0,0,10635,10889,10953,3007,3000,3000,0.1182,0.2827,no
R-3654,57,posgrado,350000,0,0,0,1910,0,1638,0,1638,0,0.0055,0.0,no
R-3655,22,universitaria,30000,0,0,0,24426,25429,26491,1712,1774,1415,0.8142,0.0701,no
R-3656,29,universitaria,20000,0,0,0,5586,6599,7615,1268,1284,1141,0.2793,0.227,si
R-3657,24,universitaria,50000,0,0,0,45397,47264,44090,3015,3025,2029,0.9079,0.0664,no
R-3658,24,posgrado,150000,0,0,0,1495,2053,0,2060,0,0,0.01,1.3779,no
R-3659,22,universitaria,20000,0,0,0,15847,16885,18418,1300,1803,1300,0.7924,0.082,no
R-3660,22,universitaria,80000,0,0,0,18429,19500,14366,2015,1500,1252,0.2304,0.1093,no
R-3661,22,otra,20000,0,0,0,19568,19420,15535,4641,1019,900,0.9784,0.2372,si
R-3662,24,posgrado,200000,0,0,0,675,1053,0,1053,0,500,0.0034,1.56,no
R-3663,22,posgrado,20000,0,0,8,12476,14951,14426,3000,0,2600,0.6238,0.2405,no
R-3664,22,universitaria,130000,0,0,0,8570,527,11249,527,11249,1200,0.0659,0.0615,no
R-3665,23,posgrado,20000,0,0,0,1207,0,174,0,174,1200,0.0604,0.0,no
R-3666,23,universitaria,80000,1,0,2,-1678,75061,3647,78000,3647,0,-0.021,3.0,no
R-3667,22,media,30000,0,0,2,23185,24194,25529,1400,1730,1760,0.7728,0.0604,no
R-3668,24,posgrado,30000,0,0,0,0,0,0,0,0,745,0.0,0.0,no
R-3669,23,otra,60000,0,0,0,60876,60606,58227,2523,2155,45088,1.0146,0.0414,no
R-3670,23,posgrado,80000,1,0,0,0,0,0,0,0,0,0.0,0.0,si
R-3671,24,posgrado,20000,0,2,8,18252,19650,19054,2000,0,2000,0.9126,0.1096,si
R-3672,23,universitaria,360000,0,0,0,37927,2047,3794,2057,4294,8535,0.1054,0.0542,no
R-3673,25,universitaria,160000,1,0,0,0,1000,2043,1000,1043,1133,0.0,3.0,si
R-3674,22,universitaria,30000,0,0,0,3077,390,1946,390,1946,1000,0.1026,0.1267,no
R-3675,24,universitaria,50000,0,0,2,46485,34462,26809,1523,1609,1500,0.9297,0.0328,no
R-3676,24,universitaria,50000,0,0,0,54519,53638,53676,2000,2880,1950,1.0904,0.0367,no
R-3677,25,media,30000,0,0,0,26277,25896,27460,2000,2000,2000,0.8759,0.0761,no
R-3678,26,media,30000,1,2,10,11167,13281,13773,2600,1000,1400,0.3722,0.2328,si
R-3679,26,universitaria,20000,1,2,2,7072,1514,1898,2,1198,1500,0.3536,0.0003,no
R-3680,22,posgrado,80000,0,0,0,48305,48823,41495,1739,1701,1439,0.6038,0.036,no
R-3681,26,universitaria,280000,0,0,0,25989,27052,28111,1800,1800,1800,0.0928,0.0693,no
R-3682,23,posgrado,80000,0,0,0,1178,2550,182,2550,1026,1350,0.0147,2.1647,no
R-3683,23,posgrado,20000,0,0,0,15781,20124,19423,5000,2000,1500,0.789,0.3168,si
R-3684,25,universitaria,150000,0,0,0,44552,43702,44798,2022,2118,1800,0.297,0.0454,no
R-3685,47,universitaria,210000,0,0,0,2295,561,2607,566,2617,3591,0.0109,0.2466,si
R-3686,25,universitaria,330000,0,0,0,118053,197622,25664,198842,25000,9004,0.3577,1.6843,no
R-3687,24,universitaria,90000,0,0,0,24179,0,0,0,0,0,0.2687,0.0,no
R-3688,26,universitaria,130000,0,0,6,131336,123443,132517,6000,12600,4900,1.0103,0.0457,no
R-3689,26,media,150000,0,0,0,92802,91166,99655,7500,10000,2000,0.6187,0.0808,no
R-3690,24,universitaria,150000,0,0,0,143212,137963,139520,5500,5500,4500,0.9547,0.0384,no
R-3691,25,universitaria,200000,0,0,0,0,169,1192,169,1192,1599,0.0,3.0,no
R-3692,24,media,50000,0,0,0,27172,28078,21165,1390,1650,1000,0.5434,0.0512,no
R-3693,27,universitaria,310000,0,0,0,60692,63668,68612,4000,6000,6000,0.1958,0.0659,no
R-3694,25,universitaria,260000,0,0,0,5008,10698,3863,10698,3863,56006,0.0193,2.1362,no
R-3695,24,posgrado,50000,0,0,0,33879,35211,36263,1900,1918,1700,0.6776,0.0561,si
R-3696,22,universitaria,70000,0,0,2,32845,31377,31420,3100,6000,1125,0.4692,0.0944,no
R-3697,24,universitaria,60000,0,0,0,29832,18628,15069,1538,1308,1000,0.4972,0.0516,no
R-3698,26,universitaria,210000,0,0,0,4341,402,11305,402,11401,1368,0.0207,0.0926,no
R-3699,25,posgrado,500000,0,0,0,119193,163856,170201,70005,10051,6119,0.2384,0.5873,no
R-3700,25,universitaria,30000,1,2,4,13785,13272,14310,0,1560,2300,0.4595,0.0,no
R-3701,24,posgrado,30000,1,2,6,29492,29697,30737,1000,3513,0,0.9831,0.0339,no
R-3702,28,posgrado,120000,1,0,4,0,780,390,1170,0,0,0.0,3.0,no
R-3703,27,media,310000,0,0,0,83756,86353,90960,4000,6000,3000,0.2702,0.0478,no
R-3704,27,universitaria,80000,0,0,0,390,390,390,390,390,390,0.0049,1.0,no
R-3705,24,universitaria,400000,0,0,0,14925,12559,3926,5000,3926,500,0.0373,0.335,no
R-3706,26,posgrado,150000,0,0,0,15079,5018,6701,5018,6701,54579,0.1005,0.3328,no
R-3707,27,universitaria,60000,0,0,0,41546,45025,38840,5845,2000,1812,0.6924,0.1407,no
R-3708,27,universitaria,80000,0,0,0,725,2959,1838,2968,1838,2899,0.0091,3.0,no
R-3709,24,universitaria,400000,0,0,0,187790,176294,190256,5519,44776,1502,0.4695,0.0294,no
R-3710,24,posgrado,50000,0,0,2,14345,16927,16366,2836,0,1289,0.2869,0.1977,si
R-3711,25,posgrado,110000,0,0,0,103135,99731,101945,4800,5000,4000,0.9376,0.0465,no
R-3712,24,posgrado,50000,2,0,0,43878,42490,36540,2068,2065,1246,0.8776,0.0471,si
R-3713,25,media,50000,0,0,0,33831,34763,41674,2000,10003,5001,0.6766,0.0591,no
R-3714,26,posgrado,270000,1,0,0,0,0,6336,0,6336,0,0.0,0.0,no
R-3715,27,universitaria,380000,0,0,0,118624,118871,120550,3700,3011,550,0.3122,0.0312,no
R-3716,26,media,50000,1,2,10,31336,32320,33408,1800,1900,0,0.6267,0.0574,si
R-3717,25,posgrado,80000,0,0,2,746,4824,690,4830,0,6097,0.0093,3.0,no
R-3718,25,universitaria,70000,0,0,10,33390,34832,35472,2000,1500,3500,0.477,0.0599,si
R-3719,29,posgrado,200000,0,0,0,5612,28352,6282,25004,6282,5911,0.0281,3.0,no
R-3720,29,universitaria,130000,0,0,0,1451,1175,2751,1175,2751,2995,0.0112,0.8098,no
R-3721,27,universitaria,80000,1,2,8,74250,76895,79548,4500,4500,3000,0.9281,0.0606,no
R-3722,23,posgrado,50000,0,0,0,2332,0,0,0,0,0,0.0466,0.0,no
R-3723,29,posgrado,500000,0,0,0,14217,33651,33134,20000,18000,20000,0.0284,1.4068,no
R-3724,29,posgrado,110000,0,0,0,7397,-18,-18,2000,0,0,0.0672,0.2704,no
R-3725,27,posgrado,20000,0,0,0,4734,0,0,0,0,0,0.2367,0.0,si
R-3726,27,universitaria,120000,0,0,0,15234,8247,9624,1137,1514,1069,0.127,0.0746,si
R-3727,28,media,60000,1,2,4,60718,60791,46345,2258,0,1573,1.012,0.0372,no
R-3728,25,universitaria,100000,0,0,0,62665,63694,65169,2300,2500,2500,0.6266,0.0367,no
R-3729,26,posgrado,150000,2,2,8,69716,72156,70507,5211,111,2371,0.4648,0.0747,si
R-3730,28,posgrado,200000,0,0,0,18134,18410,1213,18410,1297,9113,0.0907,1.0152,no
R-3731,27,posgrado,30000,0,0,8,10562,12873,14371,2500,2000,0,0.3521,0.2367,no
R-3732,26,universitaria,30000,0,0,0,27110,27460,29710,1455,3623,2000,0.9037,0.0537,si
R-3733,30,universitaria,130000,0,0,2,148234,144330,147035,5200,11700,0,1.1403,0.0351,no
R-3734,28,posgrado,420000,0,0,0,7880,4623,64513,1010,64513,2420,0.0188,0.1282,no
R-3735,26,universitaria,150000,0,0,0,37636,27448,29890,27603,29890,21890,0.2509,0.7334,no
R-3736,26,posgrado,200000,0,0,0,73508,73303,71674,3100,2548,2050,0.3675,0.0422,no
R-3737,28,universitaria,260000,0,0,0,181121,167875,171913,7013,10051,10026,0.6966,0.0387,no
R-3738,23,universitaria,50000,0,0,0,37586,38866,19240,2000,1322,1338,0.7517,0.0532,si
R-3739,25,universitaria,80000,1,2,2,50120,49013,50051,0,1828,1900,0.6265,0.0,si
R-3740,25,universitaria,50000,0,0,0,9587,6583,3243,1200,1000,1700,0.1917,0.1252,si
R-3741,27,posgrado,30000,0,0,0,25552,26135,27407,1800,2000,2500,0.8517,0.0704,no
R-3742,29,universitaria,70000,0,0,0,11502,11009,13997,2000,4037,2000,0.1643,0.1739,no
R-3743,25,universitaria,130000,1,2,8,11446,12562,12075,1600,0,4300,0.088,0.1398,no
R-3744,26,universitaria,240000,0,0,0,210437,212486,205728,9016,10000,9000,0.8768,0.0428,no
R-3745,30,universitaria,160000,0,0,2,17357,4747,4500,2250,0,32468,0.1085,0.1296,no
R-3746,28,posgrado,220000,0,0,0,157215,161006,165222,6502,8100,8200,0.7146,0.0414,no
R-3747,28,posgrado,200000,0,0,0,1878,576,4251,576,4251,1358,0.0094,0.3067,no
R-3748,28,posgrado,310000,0,0,0,8193,43012,36780,43003,2107,1246,0.0264,3.0,no
R-3749,27,universitaria,130000,1,0,0,0,0,0,0,0,0,0.0,0.0,no
R-3750,29,posgrado,300000,0,0,0,3438,28,342,28,342,25081,0.0115,0.0081,no
R-3751,28,universitaria,200000,0,0,0,59373,55040,54414,6002,3008,2006,0.2969,0.1011,no
R-3752,29,universitaria,110000,0,0,0,104163,92199,85868,3400,3706,3009,0.9469,0.0326,no
R-3753,29,posgrado,150000,0,0,0,3737,4332,332,1000,332,0,0.0249,0.2676,no
R-3754,31,universitaria,70000,0,0,0,72286,71602,72457,2600,3500,3000,1.0327,0.036,no
R-3755,28,posgrado,180000,1,0,0,0,652,0,652,0,326,0.0,3.0,no
R-3756,30,universitaria,300000,1,0,0,1943,105509,97979,107000,5006,4500,0.0065,3.0,no
R-3757,26,otra,150000,1,0,0,0,0,0,0,0,0,0.0,0.0,no
R-3758,25,universitaria,80000,0,0,0,45109,44692,44308,2100,2100,1954,0.5639,0.0466,no
R-3759,26,posgrado,500000,0,0,0,32637,35863,37860,15943,27878,22572,0.0653,0.4885,no
R-3760,27,posgrado,150000,0,0,0,346,21191,1339,21379,1339,0,0.0023,3.0,no
R-3761,28,universitaria,130000,0,0,0,123943,126857,127706,6500,6600,6000,0.9534,0.0524,no
R-3762,30,media,100000,1,0,0,-602,-602,-602,0,0,0,-0.006,0.0,no
R-3763,30,universitaria,30000,1,5,16,28534,27805,27090,0,0,0,0.9511,0.0,si
R-3764,26,media,80000,0,0,2,69589,72802,77106,5000,6100,0,0.8699,0.0719,no
R-3765,27,posgrado,80000,0,0,0,52652,53774,54909,2000,2000,2039,0.6582,0.038,si
R-3766,27,posgrado,100000,1,0,0,-6,995,896,2000,900,800,-0.0001,3.0,no
R-3767,31,posgrado,230000,0,0,0,49279,4646,5419,4674,5449,4407,0.2143,0.0948,no
R-3768,31,universitaria,60000,0,0,0,44912,11409,-61506,144047,365,73000,0.7485,3.0,si
R-3769,30,posgrado,220000,0,0,0,45346,42480,37160,1947,2000,3776,0.2061,0.0429,no
R-3770,30,posgrado,400000,0,0,0,2912,2668,3222,2668,3222,21755,0.0073,0.9162,no
R-3771,28,posgrado,200000,1,2,2,205683,196807,191752,0,9025,8030,1.0284,0.0,si
R-3772,29,universitaria,280000,0,0,0,99,0,0,0,0,0,0.0004,0.0,no
R-3773,29,posgrado,210000,0,0,0,742,742,742,742,742,742,0.0035,1.0,no
R-3774,29,universitaria,110000,3,2,15,600,600,600,0,0,0,0.0055,0.0,si
R-3775,28,posgrado,50000,0,0,0,48211,41670,42710,1971,2011,1700,0.9642,0.0409,no
R-3776,28,posgrado,190000,2,2,10,155335,159438,163684,8000,8150,6500,0.8176,0.0515,si
R-3777,28,posgrado,390000,0,0,0,202248,205150,0,10000,0,0,0.5186,0.0494,no
R-3778,31,universitaria,230000,0,0,0,4908,0,0,0,0,52066,0.0213,0.0,no
R-3779,31,posgrado,200000,1,0,0,4035,4195,0,4210,0,2907,0.0202,1.0434,no
R-3780,32,universitaria,420000,0,0,0,89863,16500,17493,1782,1275,1281,0.214,0.0198,no
R-3781,28,media,60000,1,2,4,32578,34742,33907,3000,0,3000,0.543,0.0921,no
R-3782,28,media,390000,0,0,0,129002,130535,129888,5000,5500,6000,0.3308,0.0388,si
R-3783,30,posgrado,200000,0,0,2,18660,27871,55277,27010,30300,179,0.0933,1.4475,no
R-3784,23,universitaria,30000,1,2,2,33181,32359,33849,0,2000,1389,1.106,0.0,si
R-3785,26,posgrado,70000,0,0,0,64471,65577,53264,2281,2888,1800,0.921,0.0354,no
R-3786,23,posgrado,20000,0,0,0,16178,12662,13367,1300,1300,1300,0.8089,0.0804,no
R-3787,28,posgrado,210000,0,0,0,9918,6942,24680,6942,24000,22000,0.0472,0.6999,no
R-3788,28,posgrado,50000,0,0,0,48940,50149,45546,2059,2100,2100,0.9788,0.0421,no
R-3789,33,universitaria,120000,0,0,0,90575,88443,88681,3204,3214,4001,0.7548,0.0354,no
R-3790,29,posgrado,180000,0,0,0,44109,20896,18193,8000,5000,3000,0.245,0.1814,no
R-3791,30,otra,340000,0,0,0,47001,47664,38192,2000,2000,2000,0.1382,0.0426,no
R-3792,29,posgrado,320000,0,0,0,198441,202806,207050,10000,10000,10000,0.6201,0.0504,no
R-3793,29,media,330000,0,0,0,311577,319838,303679,13110,10691,10373,0.9442,0.0421,no
R-3794,30,posgrado,150000,0,0,0,4083,3534,6484,3537,6484,12306,0.0272,0.8663,no
R-3795,28,posgrado,210000,0,0,0,85672,68394,70305,6009,5000,5000,0.408,0.0701,no
R-3796,28,posgrado,240000,0,0,0,246310,250252,250169,10500,9900,10907,1.0263,0.0426,no
R-3797,45,universitaria,30000,0,0,0,30788,30395,27294,1759,1762,1717,1.0263,0.0571,si
R-3798,41,universitaria,50000,1,2,10,24540,25330,26620,1500,2000,1000,0.4908,0.0611,si
R-3799,29,posgrado,280000,0,0,0,-11,-11,-11,0,0,0,-0.0,0.0,no
R-3800,30,universitaria,90000,0,0,0,6480,6973,7235,1106,1124,1137,0.072,0.1707,no
R-3801,30,posgrado,100000,3,4,19,98094,101614,101072,6000,1900,6686,0.9809,0.0612,si
R-3802,26,universitaria,20000,1,2,12,15803,15252,18093,0,3103,1000,0.7902,0.0,si
R-3803,28,otra,150000,0,0,0,152105,137472,118583,6300,4500,2524,1.014,0.0414,no
R-3804,29,posgrado,140000,0,0,0,130261,95550,96273,3474,4000,4000,0.9304,0.0267,no
R-3805,31,universitaria,30000,1,2,4,28933,30109,29349,1949,0,1000,0.9644,0.0674,no
R-3806,35,universitaria,90000,0,0,0,21093,14418,17217,1256,3445,1099,0.2344,0.0595,no
R-3807,33,universitaria,30000,0,0,0,4101,157,30321,172,33635,1368,0.1367,0.0419,no
R-3808,37,posgrado,260000,0,0,0,174971,161671,156296,10000,8000,5028,0.673,0.0572,no
R-3809,32,media,70000,2,2,6,23741,26021,24419,4000,0,2000,0.3392,0.1685,si
R-3810,34,media,300000,0,0,2,2344,7929,7667,8000,0,20000,0.0078,3.0,no
R-3811,29,media,50000,2,2,2,59077,55607,54882,0,2700,2450,1.1815,0.0,si
R-3812,45,universitaria,60000,0,0,0,57711,58760,49576,2500,2384,3000,0.9618,0.0433,no
R-3813,30,universitaria,50000,0,0,0,40596,41632,42687,2000,2047,3246,0.8119,0.0493,no
R-3814,27,posgrado,150000,0,0,0,0,0,0,0,0,0,0.0,0.0,si
R-3815,29,universitaria,590000,0,0,0,0,0,0,0,0,1387,0.0,0.0,si
R-3816,28,posgrado,140000,0,0,0,1756,2201,923,2209,923,1751,0.0125,1.258,no
R-3817,28,media,120000,0,0,0,93623,95472,93778,3440,5017,5000,0.7802,0.0367,no
R-3818,44,media,20000,0,0,6,7661,8981,10860,1457,2600,2000,0.383,0.1902,no
R-3819,49,universitaria,100000,0,0,0,5532,5325,5423,5325,5423,29628,0.0553,0.9626,no
R-3820,32,posgrado,450000,0,0,0,1249,142,5965,142,6001,996,0.0028,0.1137,no
R-3821,39,universitaria,120000,0,2,2,11277,5624,5333,0,5333,5333,0.094,0.0,no
R-3822,34,universitaria,30000,0,0,0,26253,27256,28472,1444,1660,1400,0.8751,0.055,no
R-3823,34,universitaria,360000,0,0,0,724,1232,291,1232,291,776,0.002,1.7017,no
R-3824,37,universitaria,160000,0,0,0,27720,14413,13484,5000,5017,5000,0.1732,0.1804,no
R-3825,27,posgrado,320000,0,0,0,19950,24544,31236,5000,10000,36091,0.0623,0.2506,no
R-3826,40,posgrado,100000,2,2,10,63422,64785,63179,3000,0,5346,0.6342,0.0473,si
R-3827,43,posgrado,290000,0,0,0,1457,1799,5029,1808,5054,3109,0.005,1.2409,no
R-3828,39,media,100000,0,0,0,86453,84526,82078,5000,5000,1300,0.8645,0.0578,no
R-3829,46,media,50000,0,0,0,48796,48797,49115,2000,2000,1018,0.9759,0.041,no
R-3830,43,universitaria,360000,0,0,0,0,0,0,0,0,0,0.0,0.0,no
R-3831,33,universitaria,190000,0,0,0,2125,3405,2131,3411,2131,2131,0.0112,1.6052,no
R-3832,34,posgrado,180000,0,0,0,108016,180959,169362,150000,8000,5500,0.6001,1.3887,no
R-3833,35,universitaria,110000,0,0,0,6137,7040,3861,1053,1073,1081,0.0558,0.1716,si
R-3834,39,media,160000,0,0,0,102358,103698,1048,4671,1048,1048,0.6397,0.0456,no
R-3835,41,media,180000,2,2,6,96093,100094,101204,6500,3582,0,0.5339,0.0676,si
R-3836,38,posgrado,200000,0,0,0,2571,2772,2571,2772,2571,2571,0.0129,1.0782,no
R-3837,35,universitaria,500000,0,0,0,35757,22370,7303,22372,7364,19445,0.0715,0.6257,no
R-3838,36,universitaria,280000,0,0,0,183797,168402,161474,6083,5913,5293,0.6564,0.0331,no
R-3839,29,posgrado,230000,1,0,0,0,162,1129,162,1140,1130,0.0,3.0,no
R-3840,34,universitaria,150000,3,3,21,103389,108189,112968,8000,8000,8000,0.6893,0.0774,no
R-3841,32,posgrado,30000,0,0,0,3684,2911,5831,2911,5842,2088,0.1228,0.7902,no
R-3842,39,posgrado,180000,0,0,0,11732,6653,-6674,6653,330,36550,0.0652,0.5671,no
R-3843,35,universitaria,80000,0,0,0,17087,1617,8140,1617,8179,7285,0.2136,0.0946,no
R-3844,30,universitaria,400000,0,0,0,-38,9465,4991,10446,5002,504,-0.0001,3.0,si
R-3845,30,posgrado,280000,0,0,0,36269,39229,48190,10300,10018,10026,0.1295,0.284,no
R-3846,44,universitaria,70000,0,0,0,34135,27683,28311,2020,5000,3011,0.4876,0.0592,no
R-3847,41,universitaria,250000,0,0,0,312,-18,3600,0,3618,0,0.0012,0.0,no
R-3848,31,posgrado,200000,0,0,0,1570,0,0,0,0,0,0.0078,0.0,no
R-3849,37,universitaria,150000,0,0,0,0,0,0,0,0,283,0.0,0.0,no
R-3850,42,otra,200000,0,0,0,5433,7328,0,2000,0,0,0.0272,0.3681,no
R-3851,32,posgrado,360000,0,0,0,290543,118479,112746,7288,6079,6091,0.8071,0.0251,no
R-3852,32,universitaria,150000,0,0,0,32428,32136,28151,2000,1650,1500,0.2162,0.0617,no
R-3853,33,posgrado,200000,0,0,0,6421,846,4292,1064,4974,0,0.0321,0.1657,no
R-3854,32,posgrado,70000,0,0,0,70178,71312,71314,2900,2766,3648,1.0025,0.0413,si
R-3855,40,media,220000,0,0,0,220091,203554,207953,7797,8201,7302,1.0004,0.0354,no
R-3856,37,posgrado,370000,0,0,0,308011,302783,297700,10404,10015,16502,0.8325,0.0338,no
R-3857,39,universitaria,500000,0,0,0,491395,464318,477183,25799,35530,31376,0.9828,0.0525,no
R-3858,31,posgrado,230000,0,0,0,33109,29830,11750,5000,5000,15897,0.144,0.151,no
R-3859,32,media,100000,0,0,2,24002,22329,2781,2781,0,32231,0.24,0.1159,no
R-3860,34,posgrado,200000,1,0,0,-2113,-2113,-2113,0,0,0,-0.0106,0.0,si
R-3861,34,posgrado,200000,0,0,0,16024,18168,10274,18184,10274,4726,0.0801,1.1348,no
R-3862,38,universitaria,60000,7,6,20,126220,76247,72225,0,880,528,2.1037,0.0,no
R-3863,38,universitaria,230000,0,0,0,4549,0,24962,0,24962,10000,0.0198,0.0,no
R-3864,40,media,140000,2,0,4,30755,31757,32808,1815,1866,3400,0.2197,0.059,si
R-3865,35,media,20000,0,0,0,17008,17922,18421,1501,1000,7200,0.8504,0.0883,no
R-3866,36,media,160000,0,0,0,27204,897,1066,897,1066,1760,0.17,0.033,no
R-3867,48,universitaria,280000,0,0,0,79536,31251,37071,31280,26757,5076,0.2841,0.3933,no
R-3868,33,universitaria,580000,0,0,0,18812,15408,20629,2000,10053,8017,0.0324,0.1063,no
R-3869,42,media,30000,2,0,0,836,836,836,836,836,1672,0.0279,1.0,no
R-3870,39,universitaria,20000,0,0,4,15299,14112,11221,1883,3520,0,0.765,0.1231,no
R-3871,37,media,210000,1,0,0,0,202,4202,202,4000,1208,0.0,3.0,no
R-3872,42,universitaria,500000,0,0,0,62112,60246,74832,20025,40000,85000,0.1242,0.3224,no
R-3873,41,universitaria,50000,0,0,0,43885,45408,36025,2408,2025,0,0.8777,0.0549,si
R-3874,36,universitaria,120000,0,0,0,106609,380,0,380,0,970,0.8884,0.0036,no
R-3875,38,universitaria,80000,1,2,2,84372,77773,78499,0,2900,3102,1.0546,0.0,no
R-3876,32,media,80000,0,0,0,4965,51932,0,51932,0,2165,0.0621,3.0,no
R-3877,42,posgrado,180000,0,0,0,626,0,1290,0,1290,0,0.0035,0.0,no
R-3878,47,posgrado,190000,0,0,0,314,3031,597,3031,597,1648,0.0017,3.0,no
R-3879,29,posgrado,90000,0,0,0,79063,64135,46678,3687,1997,1995,0.8785,0.0466,no
R-3880,27,posgrado,110000,0,0,2,89603,88232,85362,4113,3500,4005,0.8146,0.0459,no
R-3881,49,media,200000,1,0,0,0,0,2317,0,2317,7588,0.0,0.0,no
R-3882,26,universitaria,80000,1,0,0,0,0,0,0,0,0,0.0,0.0,no
R-3883,34,posgrado,20000,0,0,0,1789,16745,1464,16745,1464,1466,0.0894,3.0,no
R-3884,35,universitaria,300000,0,0,0,155493,179071,42404,50706,30028,60300,0.5183,0.3261,no
R-3885,37,universitaria,360000,0,0,0,333,333,5043,333,5043,333,0.0009,1.0,si
R-3886,28,posgrado,80000,0,0,4,36736,38079,40805,1955,3681,1300,0.4592,0.0532,no
R-3887,47,posgrado,100000,0,0,0,43175,42669,42238,1680,1722,1603,0.4318,0.0389,no
R-3888,33,universitaria,130000,0,0,0,41573,0,13853,0,13853,1000,0.3198,0.0,no
R-3889,32,universitaria,340000,0,0,0,61605,64250,66293,3500,3049,2706,0.1812,0.0568,no
R-3890,41,posgrado,500000,0,0,0,4513,4342,3321,4375,3337,6789,0.009,0.9694,no
R-3891,32,universitaria,180000,2,2,8,13286,15548,15009,2800,0,3000,0.0738,0.2107,si
R-3892,47,universitaria,200000,0,0,0,8800,0,5738,0,5738,1626,0.044,0.0,no
R-3893,35,media,50000,0,0,0,54731,51080,45536,1730,52014,1200,1.0946,0.0316,no
R-3894,46,universitaria,100000,1,2,4,97515,99028,96592,4000,0,5000,0.9752,0.041,no
R-3895,37,universitaria,150000,2,2,6,100390,108784,110405,11600,4800,0,0.6693,0.1155,no
R-3896,41,universitaria,30000,0,0,0,25735,27001,28261,2000,2000,2000,0.8578,0.0777,no
R-3897,39,otra,170000,0,0,0,1803,217,10121,218,10121,12180,0.0106,0.1209,no
R-3898,40,posgrado,450000,0,0,0,799,0,0,0,0,0,0.0018,0.0,no
R-3899,27,posgrado,170000,0,0,0,89909,61785,17848,8941,3848,4000,0.5289,0.0994,no
R-3900,29,universitaria,100000,0,0,0,500,0,0,0,0,0,0.005,0.0,no
R-3901,26,posgrado,120000,0,0,0,43629,56933,54724,25000,45000,5151,0.3636,0.573,no
R-3902,32,universitaria,240000,0,0,0,24615,27500,0,5000,0,0,0.1026,0.2031,no
R-3903,33,universitaria,260000,0,0,0,3342,8978,4331,9023,4353,13929,0.0129,2.6999,no
R-3904,30,posgrado,180000,0,0,0,44478,40311,43847,8000,10000,10000,0.2471,0.1799,no
R-3905,31,posgrado,150000,0,0,0,5596,2569,0,2573,0,0,0.0373,0.4598,no
R-3906,25,otra,140000,0,0,0,91485,78704,79449,3009,3411,1523,0.6535,0.0329,no
R-3907,37,universitaria,130000,0,0,0,110434,108740,122873,4100,20000,6000,0.8495,0.0371,no
R-3908,45,universitaria,370000,0,0,0,137250,141167,103000,5927,5000,41200,0.3709,0.0432,no
R-3909,32,universitaria,220000,0,0,0,28853,29145,27171,2000,4000,1420,0.1312,0.0693,no
R-3910,44,universitaria,230000,0,0,0,899,1000,1685,1000,1685,3207,0.0039,1.1123,no
R-3911,39,universitaria,200000,0,0,0,13145,15549,21375,15571,21488,9312,0.0657,1.1846,no
R-3912,29,posgrado,150000,0,0,0,80299,81963,84641,3000,4000,4000,0.5353,0.0374,no
R-3913,38,universitaria,170000,0,0,0,153123,151050,148362,7000,6000,5012,0.9007,0.0457,no
R-3914,32,posgrado,200000,0,0,0,0,0,2090,0,2090,0,0.0,0.0,no
R-3915,37,posgrado,170000,0,0,0,7365,255,4884,255,4892,4478,0.0433,0.0346,no
R-3916,34,universitaria,190000,0,0,0,90945,77668,79321,3500,3500,3000,0.4787,0.0385,no
R-3917,47,universitaria,240000,0,0,0,121386,123877,127344,6000,7000,6500,0.5058,0.0494,no
R-3918,30,universitaria,50000,0,0,0,22459,48535,49350,26499,2248,1332,0.4492,1.1799,no
R-3919,33,otra,50000,0,0,0,43268,39605,39702,2011,2000,1000,0.8654,0.0465,no
R-3920,34,universitaria,50000,2,0,0,47993,49051,39945,2010,1904,2214,0.9599,0.0419,si
R-3921,35,universitaria,80000,0,0,0,81513,82816,74170,3612,2830,2194,1.0189,0.0443,no
R-3922,42,posgrado,280000,0,0,0,6425,3746,3863,3746,3863,5740,0.0229,0.583,no
R-3923,29,posgrado,200000,0,0,0,2692,4399,5555,4403,5573,5947,0.0135,1.6356,no
R-3924,29,posgrado,460000,0,0,0,82315,170894,160223,90150,7018,7000,0.1789,1.0952,no
R-3925,32,universitaria,240000,0,0,0,12000,0,0,0,0,0,0.05,0.0,no
R-3926,40,media,220000,0,0,2,197139,166221,178594,6500,15000,0,0.8961,0.033,no
R-3927,38,posgrado,500000,0,0,0,2937,5242,17840,5242,17840,11642,0.0059,1.7848,no
R-3928,33,posgrado,240000,0,0,0,214361,218626,223329,7830,8231,8332,0.8932,0.0365,no
R-3929,38,universitaria,180000,0,0,2,36479,38813,40611,2810,2600,2568,0.2027,0.077,no
R-3930,31,universitaria,20000,0,0,0,5500,8360,6000,3000,1000,0,0.275,0.5455,no
R-3931,34,universitaria,80000,0,0,0,8413,4942,989,1029,1225,2799,0.1052,0.1223,no
R-3932,29,posgrado,220000,3,3,9,4695,4488,4283,0,0,1587,0.0213,0.0,si
R-3933,30,media,300000,2,2,10,131957,134790,137637,6500,6500,5000,0.4399,0.0493,no
R-3934,30,universitaria,140000,0,0,0,97288,98068,98098,4400,4500,3500,0.6949,0.0452,si
R-3935,40,posgrado,150000,0,0,0,798,2305,1036,2309,1036,5048,0.0053,2.8935,no
R-3936,27,posgrado,200000,0,0,0,62574,63814,65265,2278,2473,2161,0.3129,0.0364,no
R-3937,42,media,50000,0,0,0,13562,14821,16657,1500,2500,1518,0.2712,0.1106,no
R-3938,46,universitaria,50000,2,3,8,64350,63192,57205,5000,0,0,1.287,0.0777,si
R-3939,30,universitaria,110000,0,0,0,101706,102946,104260,3687,3850,3670,0.9246,0.0363,no
R-3940,32,posgrado,160000,0,0,0,6919,2384,3642,2389,3642,9889,0.0432,0.3453,no
R-3941,48,universitaria,200000,0,0,0,93713,59223,50290,1866,1762,1827,0.4686,0.0199,no
R-3942,45,posgrado,460000,0,0,0,184,1899,1819,1904,1819,1572,0.0004,3.0,no
R-3943,43,media,50000,2,0,0,344,5036,1780,5128,1780,5808,0.0069,3.0,no
R-3944,35,posgrado,310000,0,0,0,27089,37919,40136,20000,21890,15000,0.0874,0.7383,no
R-3945,34,universitaria,100000,0,2,4,246,246,123,123,0,7286,0.0025,0.5,si
R-3946,35,posgrado,280000,0,0,0,92095,173354,193994,83959,28869,13000,0.3289,0.9117,no
R-3947,37,media,30000,2,2,10,21368,22194,18098,1500,1400,0,0.7123,0.0702,si
R-3948,44,media,170000,0,0,0,0,0,0,0,0,0,0.0,0.0,no
R-3949,45,universitaria,400000,0,0,0,10985,2441,16046,2441,16046,2483,0.0275,0.2222,no
R-3950,37,universitaria,50000,1,2,6,47071,40218,24587,148,3115,3,0.9414,0.0031,si
R-3951,35,universitaria,290000,1,0,0,0,1839,1750,1839,1750,19117,0.0,3.0,no
R-3952,35,posgrado,520000,0,0,0,57536,60912,56728,5000,7000,5000,0.1106,0.0869,no
R-3953,40,media,50000,0,0,0,48489,49495,50866,1813,2184,1248,0.9698,0.0374,si
R-3954,32,universitaria,70000,0,0,8,15623,18370,19281,3009,1500,0,0.2232,0.1926,si
R-3955,31,media,50000,0,0,0,29731,30329,26823,1500,1500,1500,0.5946,0.0505,no
R-3956,40,universitaria,230000,0,0,0,33907,35038,36574,2000,2100,1500,0.1474,0.059,no
R-3957,43,universitaria,170000,1,0,0,0,1010,970,1010,970,290,0.0,3.0,no
R-3958,41,universitaria,20000,0,0,0,20441,20245,20070,1700,1700,1600,1.022,0.0832,no
R-3959,35,universitaria,220000,0,0,0,3327,-17,2706,0,2723,0,0.0151,0.0,no
R-3960,43,posgrado,380000,0,0,0,121868,114627,102551,6000,5000,5000,0.3207,0.0492,no
R-3961,35,universitaria,200000,1,0,2,-3258,7244,3498,14000,0,10494,-0.0163,3.0,no
R-3962,36,universitaria,80000,1,2,6,81606,154026,82385,0,7600,5,1.0201,0.0,si
R-3963,38,universitaria,150000,0,0,0,26495,24906,6763,1291,1101,1098,0.1766,0.0487,no
R-3964,38,universitaria,70000,1,2,4,73688,70254,71281,0,2800,6500,1.0527,0.0,si
R-3965,38,posgrado,340000,0,0,0,250475,244597,241509,11000,11060,50008,0.7367,0.0439,no
R-3966,27,universitaria,50000,1,2,6,51176,48900,48854,0,2200,3700,1.0235,0.0,si
R-3967,46,posgrado,350000,0,0,0,5372,12179,0,12277,0,0,0.0153,2.2854,no
R-3968,33,posgrado,130000,2,2,2,73250,71473,73892,0,3572,2645,0.5635,0.0,si
R-3969,31,universitaria,260000,0,0,0,69957,72727,73562,3945,2764,5431,0.2691,0.0564,no
R-3970,33,media,50000,0,0,0,40757,39847,37561,2000,1719,1783,0.8151,0.0491,no
R-3971,40,otra,50000,0,0,0,44749,46229,46798,2229,2298,2100,0.895,0.0498,no
R-3972,31,universitaria,50000,0,0,0,22716,19198,19462,2000,1510,4000,0.4543,0.088,no
R-3973,36,universitaria,50000,0,0,0,26277,25371,22790,1700,1800,1300,0.5255,0.0647,no
R-3974,38,universitaria,320000,0,0,0,129416,129575,125866,4836,4919,6246,0.4044,0.0374,no
R-3975,36,universitaria,210000,0,0,0,91801,93039,101393,4000,10023,3047,0.4371,0.0436,no
R-3976,39,universitaria,90000,0,0,0,45406,47337,48575,3000,2000,2000,0.5045,0.0661,no
R-3977,33,universitaria,170000,1,0,0,-189,-189,-189,0,0,0,-0.0011,0.0,no
R-3978,41,media,180000,0,0,4,10324,10471,6566,3744,0,2911,0.0574,0.3627,no
R-3979,36,universitaria,270000,0,0,0,73953,68207,55382,5168,5010,2005,0.2739,0.0699,no
R-3980,32,posgrado,400000,0,0,0,3616,0,3328,0,6656,3328,0.009,0.0,no
R-3981,41,posgrado,220000,0,0,2,138657,156689,150748,22000,0,8000,0.6303,0.1587,no
R-3982,32,posgrado,130000,0,0,0,58776,53702,43760,2010,2037,1218,0.4521,0.0342,no
R-3983,32,universitaria,150000,0,2,2,3204,430,29425,0,29425,2000,0.0214,0.0,no
R-3984,41,universitaria,440000,0,0,0,348397,356586,366049,14006,19077,9518,0.7918,0.0402,no
R-3985,37,posgrado,400000,0,0,0,10677,31405,26717,31008,26862,3000,0.0267,2.9042,no
R-3986,47,posgrado,500000,0,0,0,3634,296,966,299,1169,6708,0.0073,0.0823,no
R-3987,43,universitaria,50000,0,0,0,48474,48388,38972,2334,1918,12530,0.9695,0.0481,no
R-3988,37,posgrado,230000,0,0,0,1985,7150,20123,8075,20200,1671,0.0086,3.0,no
R-3989,41,media,360000,0,0,0,3578,3658,3578,3658,3578,3578,0.0099,1.0224,no
R-3990,30,posgrado,280000,0,0,0,192045,195162,198105,9300,9500,9509,0.6859,0.0484,no
R-3991,30,posgrado,240000,0,0,0,3376,0,4649,0,4649,1533,0.0141,0.0,no
R-3992,31,media,20000,1,0,7,-363,204,204,567,0,0,-0.0182,3.0,no
R-3993,30,universitaria,70000,0,0,0,2429,3878,4957,1500,1300,1500,0.0347,0.6175,si
R-3994,36,posgrado,90000,0,0,0,39317,28491,20367,1808,1657,1000,0.4369,0.046,si
R-3995,39,posgrado,180000,0,0,0,547,547,759,547,759,1000,0.003,1.0,no
R-3996,36,universitaria,240000,2,2,2,247477,241976,242629,11,10949,9419,1.0312,0.0,no
R-3997,44,universitaria,300000,0,0,0,7948,576,2660,576,2684,2319,0.0265,0.0725,no
R-3998,47,posgrado,150000,0,0,0,39139,15269,12853,15374,12904,12541,0.2609,0.3928,no
R-3999,37,posgrado,500000,0,0,0,16801,14782,23095,14805,23111,49397,0.0336,0.8812,no
R-4000,45,posgrado,500000,0,0,0,87206,90487,19892,5303,10000,1200,0.1744,0.0608,no
R-4001,37,posgrado,150000,0,0,0,702,0,0,0,0,0,0.0047,0.0,no
R-4002,32,universitaria,230000,0,0,0,17957,18063,20755,3000,3000,3000,0.0781,0.1671,no
R-4003,35,posgrado,240000,0,0,0,3664,5770,10412,5770,10420,1150,0.0153,1.5748,si
R-4004,34,posgrado,340000,0,0,0,1780,28620,66633,28763,66652,123267,0.0052,3.0,no
R-4005,31,posgrado,210000,1,0,0,0,0,0,0,0,0,0.0,0.0,no
R-4006,49,media,80000,0,0,0,79967,75920,73968,2700,2875,3000,0.9996,0.0338,no
R-4007,35,universitaria,370000,0,0,0,20108,13976,12939,13994,12939,11380,0.0543,0.6959,no
R-4008,33,universitaria,30000,0,0,0,390,390,390,390,390,390,0.013,1.0,no
R-4009,33,universitaria,80000,2,3,7,51016,51081,52059,1200,2100,0,0.6377,0.0235,si
R-4010,40,universitaria,290000,0,0,0,258360,263820,265115,12025,10000,9883,0.8909,0.0465,no
R-4011,30,posgrado,200000,1,0,2,0,1186,1024,1186,0,990,0.0,3.0,no
R-4012,45,universitaria,20000,0,0,2,25102,27906,26153,3550,0,2400,1.2551,0.1414,si
R-4013,42,universitaria,100000,0,0,0,117464,81625,81815,2962,2986,2807,1.1746,0.0252,si
R-4014,30,universitaria,80000,0,0,0,21072,2520,-3990,2620,0,27194,0.2634,0.1243,no
R-4015,46,media,110000,0,0,0,44590,45846,47104,2000,2000,2000,0.4054,0.0449,si
R-4016,35,universitaria,50000,1,2,10,8917,8625,11475,0,3000,0,0.1783,0.0,si
R-4017,49,universitaria,420000,0,0,0,115505,113724,112976,4044,4297,4773,0.275,0.035,no
R-4018,45,universitaria,260000,0,0,0,243952,224426,193708,15521,10005,7000,0.9383,0.0636,no
R-4019,43,universitaria,500000,0,0,0,42081,46495,39489,16495,15720,12421,0.0842,0.392,no
R-4020,39,posgrado,390000,0,0,0,42721,22836,24266,12041,24353,6118,0.1095,0.2819,no
R-4021,37,universitaria,200000,1,2,2,226365,214261,210315,0,8000,9000,1.1318,0.0,no
R-4022,32,universitaria,420000,0,0,0,211688,205003,203118,7300,8839,8000,0.504,0.0345,no
R-4023,30,universitaria,200000,0,0,0,154030,151604,146128,5370,5217,4894,0.7702,0.0349,no
R-4024,33,posgrado,500000,0,0,0,249,2655,249,2655,249,99,0.0005,3.0,no
R-4025,42,universitaria,310000,0,0,0,-2123,246407,250249,260000,10000,10000,-0.0068,3.0,no
R-4026,35,posgrado,140000,0,0,0,7921,9268,3943,9268,3953,7737,0.0566,1.1701,si
R-4027,32,posgrado,330000,0,0,0,12118,11176,9369,2000,1114,1493,0.0367,0.165,no
R-4028,36,universitaria,200000,0,0,0,10890,11902,12907,1500,1500,3000,0.0544,0.1377,no
R-4029,39,universitaria,450000,0,0,0,217126,43647,39827,10329,3001,5217,0.4825,0.0476,no
R-4030,54,posgrado,50000,0,0,0,45777,46816,47862,1800,1800,2000,0.9155,0.0393,no
R-4031,54,media,490000,0,0,0,396,396,361,396,361,7600,0.0008,1.0,no
R-4032,52,universitaria,240000,1,0,0,0,0,0,0,0,0,0.0,0.0,no
R-4033,52,posgrado,100000,1,2,10,13687,14007,14236,1600,1500,0,0.1369,0.1169,si
R-4034,51,media,220000,0,0,0,44076,40353,36314,2000,1600,1600,0.2003,0.0454,no
R-4035,52,media,50000,2,0,0,48970,49366,49803,2100,2128,2079,0.9794,0.0429,no
R-4036,50,universitaria,280000,0,0,0,8740,4919,176823,4919,176823,117686,0.0312,0.5628,no
R-4037,52,otra,80000,2,0,0,79822,77747,77733,2773,3236,2000,0.9978,0.0347,no
R-4038,51,media,210000,2,0,2,42795,43787,44826,2007,2046,1764,0.2038,0.0469,si
R-4039,52,universitaria,100000,0,0,0,39555,40550,41587,1955,1992,2007,0.3956,0.0494,no
R-4040,49,universitaria,80000,0,0,0,390,390,390,390,390,390,0.0049,1.0,si
R-4041,57,media,80000,0,0,0,33600,0,0,0,0,9618,0.42,0.0,no
R-4042,51,media,600000,0,0,0,95286,78404,147559,10448,85113,217035,0.1588,0.1096,no
R-4043,58,media,20000,2,2,6,8287,10978,11207,3000,700,500,0.4144,0.362,si
R-4044,62,posgrado,60000,0,0,2,57918,59878,51466,3028,2006,1862,0.9653,0.0523,no
R-4045,54,posgrado,150000,0,0,0,-1,262,329,263,331,40118,-0.0,3.0,si
R-4046,55,media,40000,1,2,10,27849,29093,28347,2000,0,3000,0.6962,0.0718,no
R-4047,50,universitaria,150000,0,0,0,8478,7890,8958,7890,8958,780,0.0565,0.9306,no
R-4048,50,universitaria,200000,0,0,0,0,0,1350,0,1350,0,0.0,0.0,si
R-4049,52,posgrado,360000,0,0,0,6658,2598,1138,2610,1240,6763,0.0185,0.392,no
R-4050,52,media,80000,0,0,0,77086,77411,78686,3000,5086,1750,0.9636,0.0389,no
R-4051,52,media,260000,1,2,2,9979,9371,18488,0,10000,11264,0.0384,0.0,si
R-4052,53,posgrado,390000,0,0,0,30400,34756,29530,5000,5000,5000,0.0779,0.1645,no
R-4053,55,universitaria,60000,1,2,2,61278,59106,54647,17,2249,2604,1.0213,0.0003,no
R-4054,53,media,150000,0,0,0,29076,14131,15112,1200,1500,3795,0.1938,0.0413,no
R-4055,56,media,170000,0,0,0,390,17450,13366,17450,13366,20894,0.0023,3.0,no
R-4056,59,posgrado,200000,0,0,0,92215,94085,96174,4300,4500,4438,0.4611,0.0466,no
R-4057,60,universitaria,80000,0,0,0,577,494,438,500,438,387,0.0072,0.8666,no
R-4058,54,universitaria,230000,0,0,4,187,3327,3100,3327,0,0,0.0008,3.0,no
R-4059,64,otra,440000,0,0,0,133996,136606,136771,6319,5000,6625,0.3045,0.0472,no
R-4060,56,universitaria,40000,0,0,0,30048,31049,32144,1805,1900,1851,0.7512,0.0601,si
R-4061,55,media,180000,0,0,0,52824,53165,54842,2000,3002,3000,0.2935,0.0379,no
R-4062,25,posgrado,80000,2,2,2,79000,0,0,0,0,0,0.9875,0.0,no
R-4063,37,posgrado,100000,0,0,0,99516,87274,96414,10184,20000,5150,0.9952,0.1023,si
R-4064,22,universitaria,20000,1,2,8,9422,10106,14127,1000,4211,1000,0.4711,0.1061,si
R-4065,23,posgrado,50000,0,0,0,34376,35300,32106,1806,1612,1500,0.6875,0.0525,no
R-4066,23,posgrado,50000,0,0,0,11306,6657,3565,1069,1240,3840,0.2261,0.0946,si
R-4067,21,universitaria,10000,0,0,0,7327,8244,9259,1500,1300,1000,0.7327,0.2047,no
R-4068,23,media,50000,0,0,0,43087,44468,46653,2100,3260,1200,0.8617,0.0487,si
R-4069,25,posgrado,110000,0,0,0,89687,89434,91389,4100,4304,4004,0.8153,0.0457,no
R-4070,40,otra,170000,0,0,0,171650,171841,171014,6384,7540,7540,1.0097,0.0372,no
R-4071,26,media,110000,0,0,0,10183,11971,8164,2000,2000,3000,0.0926,0.1964,no
R-4072,26,universitaria,50000,0,0,0,49458,50135,49889,2200,1500,1933,0.9892,0.0445,no
R-4073,26,media,20000,3,2,8,150,150,150,0,0,0,0.0075,0.0,si
R-4074,26,posgrado,200000,0,0,0,14335,12452,4467,1213,4467,1000,0.0717,0.0846,no
R-4075,24,media,50000,0,0,2,29341,27139,13295,1806,1000,1112,0.5868,0.0616,no
R-4076,27,universitaria,140000,0,0,0,80210,67746,76230,10000,10000,3393,0.5729,0.1247,no
R-4077,28,posgrado,360000,0,0,2,2711,780,390,780,0,390,0.0075,0.2877,no
R-4078,26,posgrado,400000,0,0,0,98580,67946,161585,8006,123692,7002,0.2464,0.0812,no
R-4079,25,universitaria,20000,0,0,0,390,390,1128,390,1128,19780,0.0195,1.0,no
R-4080,25,universitaria,50000,0,0,0,48424,50340,48395,2710,2760,2750,0.9685,0.056,no
R-4081,29,posgrado,210000,0,0,0,183214,167757,170663,6000,8000,5556,0.8724,0.0327,no
R-4082,28,posgrado,400000,0,0,0,21012,10107,240244,5056,241366,278006,0.0525,0.2406,no
R-4083,27,posgrado,130000,0,0,0,2219,4141,0,2000,0,0,0.0171,0.9013,no
R-4084,29,universitaria,50000,2,2,4,46346,49612,48546,4355,0,1900,0.9269,0.094,no
R-4085,24,universitaria,50000,0,0,0,51112,51086,51365,2109,2388,1602,1.0222,0.0413,no
R-4086,27,universitaria,150000,0,0,4,58795,62799,61233,5600,0,2300,0.392,0.0952,no
R-4087,29,universitaria,90000,0,0,0,84844,65217,63943,2277,3489,1639,0.9427,0.0268,no
R-4088,26,universitaria,180000,0,0,0,67276,65363,68877,3000,10000,2000,0.3738,0.0446,no
R-4089,28,otra,100000,0,0,0,1000,0,0,0,0,0,0.01,0.0,no
R-4090,26,universitaria,30000,3,2,4,30311,31213,30425,1700,0,1310,1.0104,0.0561,no
R-4091,28,posgrado,80000,0,0,0,75923,57259,50845,2500,2548,2500,0.949,0.0329,no
R-4092,26,media,20000,2,3,10,10449,10135,11926,0,2100,0,0.5224,0.0,si
R-4093,30,universitaria,290000,0,0,0,8452,7718,237648,7728,237648,8900,0.0291,0.9143,no
R-4094,29,posgrado,180000,0,0,2,183887,93962,95955,4000,3500,4000,1.0216,0.0218,no
R-4095,29,universitaria,200000,0,0,0,1418,3052,3538,3066,3555,17175,0.0071,2.1622,no
R-4096,27,universitaria,50000,0,0,0,17831,18139,18777,1295,1323,1598,0.3566,0.0726,no
R-4097,29,media,140000,0,0,0,7307,11718,5280,5000,3000,3000,0.0522,0.6843,no
R-4098,32,universitaria,50000,0,0,0,41266,50669,48942,27004,1613,1484,0.8253,0.6544,si
R-4099,30,posgrado,200000,1,2,10,182499,184632,180260,6600,0,15000,0.9125,0.0362,si
R-4100,26,posgrado,70000,0,0,2,51897,51961,51435,2230,2009,2397,0.7414,0.043,no
R-4101,30,universitaria,50000,4,3,5,49926,48840,46958,0,0,2000,0.9985,0.0,si
R-4102,30,media,100000,0,0,0,92218,78066,77240,3435,4608,25140,0.9222,0.0372,no
R-4103,31,universitaria,50000,0,0,5,10426,14466,13952,4231,0,0,0.2085,0.4058,no
R-4104,37,posgrado,260000,0,0,9,163553,192724,188441,32000,0,7100,0.629,0.1957,si
R-4105,30,universitaria,310000,0,0,0,253549,259711,265931,10400,11200,10840,0.8179,0.041,no
R-4106,47,otra,320000,0,0,0,8748,5517,4980,1285,4995,7834,0.0273,0.1469,no
R-4107,41,posgrado,100000,1,2,4,89137,86040,71910,0,3515,6300,0.8914,0.0,no
R-4108,44,media,20000,1,4,9,11027,10710,10398,0,0,0,0.5514,0.0,si
R-4109,49,posgrado,70000,1,2,6,38228,37318,38061,0,1649,5133,0.5461,0.0,si
R-4110,40,media,90000,0,0,0,53256,53695,55426,1923,2597,2637,0.5917,0.0361,si
R-4111,28,universitaria,50000,0,0,0,16889,17868,18028,1271,1711,20809,0.3378,0.0753,no
R-4112,32,universitaria,20000,0,0,0,7162,8229,8290,1200,1000,0,0.3581,0.1676,no
R-4113,48,posgrado,180000,0,0,0,64788,66092,65236,3000,2370,3000,0.3599,0.0463,no
R-4114,29,universitaria,50000,2,2,8,35488,36606,37526,2000,1800,1600,0.7098,0.0564,si
R-4115,31,posgrado,440000,0,0,0,37547,29349,23713,20016,29748,25448,0.0853,0.5331,no
R-4116,41,universitaria,190000,2,2,2,127370,117487,117568,0,6000,5000,0.6704,0.0,si
R-4117,35,universitaria,50000,0,0,0,49878,46785,41728,1718,2070,1505,0.9976,0.0344,no
R-4118,33,posgrado,30000,1,2,10,25826,27274,25744,3000,0,3000,0.8609,0.1162,no
R-4119,35,universitaria,120000,0,0,4,49485,52108,56950,3458,6300,3000,0.4124,0.0699,si
R-4120,49,universitaria,560000,0,0,4,13432,12762,7077,3300,1416,0,0.024,0.2457,no
R-4121,40,universitaria,360000,0,0,2,1473,3125,1473,3125,0,1473,0.0041,2.1215,no
R-4122,47,media,70000,0,0,0,40862,38910,25151,1421,2524,1584,0.5837,0.0348,no
R-4123,44,media,50000,0,0,2,5789,46897,43134,43134,0,1219,0.1158,3.0,no
R-4124,36,universitaria,30000,0,0,11,22261,28083,27371,6200,0,0,0.742,0.2785,no
R-4125,33,posgrado,420000,1,2,4,170146,9771,0,0,20,24683,0.4051,0.0,no
R-4126,49,posgrado,120000,0,0,0,10105,114804,117262,106000,5800,5700,0.0842,3.0,no
R-4127,43,universitaria,100000,0,0,0,390,390,390,390,390,390,0.0039,1.0,no
R-4128,30,posgrado,240000,0,0,0,178911,182510,186450,6581,6881,7181,0.7455,0.0368,no
R-4129,40,universitaria,20000,0,0,0,14353,16580,16730,3000,1800,2000,0.7176,0.209,no
R-4130,40,media,20000,0,0,0,18987,19909,16623,1258,1282,1293,0.9494,0.0663,si
R-4131,40,media,20000,0,0,9,13370,16326,17963,3200,2200,0,0.6685,0.2393,si
R-4132,46,universitaria,20000,0,0,0,17483,18552,19442,1363,1256,1178,0.8742,0.078,si
R-4133,42,universitaria,400000,0,0,0,2984,3353,8372,3369,8379,1074,0.0075,1.129,si
R-4134,32,media,420000,0,0,0,1875,2499,86074,2499,86113,10000,0.0045,1.3328,no
R-4135,31,media,20000,2,2,4,16509,19116,18028,2906,0,1250,0.8254,0.176,si
R-4136,33,universitaria,30000,0,0,0,30258,30539,29860,2300,1009,30000,1.0086,0.076,no
R-4137,33,media,240000,0,0,2,64853,67948,197032,8000,157500,0,0.2702,0.1234,no
R-4138,33,posgrado,300000,0,0,0,31808,22743,22396,1514,1216,3127,0.106,0.0476,no
R-4139,37,universitaria,200000,0,0,0,29312,19203,9544,19313,9455,15306,0.1466,0.6589,no
R-4140,49,universitaria,220000,0,0,0,540,1148,20752,1158,20752,1051,0.0025,2.1444,no
R-4141,44,universitaria,90000,2,0,0,58395,59559,61640,2134,3043,3000,0.6488,0.0365,si
R-4142,37,posgrado,60000,2,0,0,21962,23592,25702,2000,2500,2000,0.366,0.0911,si
R-4143,47,posgrado,240000,2,2,2,2500,0,0,0,0,0,0.0104,0.0,si
R-4144,43,media,260000,0,0,0,154386,151549,158888,10000,10000,10000,0.5938,0.0648,no
R-4145,43,media,110000,0,0,0,390,390,5050,390,5050,63032,0.0035,1.0,no
R-4146,48,universitaria,130000,0,0,0,1115,1897,1020,1902,1023,3650,0.0086,1.7058,no
R-4147,38,universitaria,240000,0,0,0,167544,168609,172591,8400,10000,7500,0.6981,0.0501,no
R-4148,47,universitaria,20000,0,0,6,10628,11650,14252,1200,2800,0,0.5314,0.1129,si
R-4149,44,media,350000,0,0,0,266692,3551,33112,3569,33276,2353,0.762,0.0134,no
R-4150,28,posgrado,210000,1,0,0,0,0,0,0,0,0,0.0,0.0,no
R-4151,39,media,50000,0,0,2,34617,34390,810,1000,810,51000,0.6923,0.0289,no
R-4152,35,posgrado,240000,0,0,2,325,650,325,650,0,2250,0.0014,2.0,si
R-4153,28,universitaria,80000,0,0,0,10677,9478,4603,2017,1033,0,0.1335,0.1889,no
R-4154,45,universitaria,240000,0,0,0,228278,232449,223853,10000,9000,10000,0.9512,0.0438,no
R-4155,31,posgrado,200000,1,2,11,182307,186128,197509,8300,15900,200,0.9115,0.0455,si
R-4156,31,posgrado,130000,1,0,0,0,0,0,0,0,0,0.0,0.0,no
R-4157,31,otra,360000,0,0,0,270955,275178,280535,8000,7500,3500,0.7527,0.0295,no
R-4158,39,posgrado,230000,0,0,0,660,660,660,660,660,660,0.0029,1.0,no
R-4159,41,universitaria,100000,0,2,10,1941,3255,3056,1500,0,2000,0.0194,0.7728,si
R-4160,36,posgrado,170000,0,0,0,37830,11160,4336,11376,4346,947,0.2225,0.3007,no
R-4161,41,posgrado,390000,0,0,0,7015,500,321,500,321,4412,0.018,0.0713,no
R-4162,27,universitaria,80000,1,0,0,0,0,0,0,0,200,0.0,0.0,no
R-4163,41,posgrado,160000,0,0,2,776,230,1350,230,1500,1310,0.0048,0.2964,si
R-4164,46,media,20000,0,2,4,1836,1651,0,0,0,390,0.0918,0.0,si
R-4165,42,media,30000,1,2,2,14655,12731,13225,14,3000,5000,0.4885,0.001,no
R-4166,38,universitaria,130000,0,0,0,233617,115431,35400,10000,5000,0,1.7971,0.0428,no
R-4167,45,universitaria,20000,0,0,8,-2044,1961,2983,5966,1201,0,-0.1022,3.0,no
R-4168,38,media,20000,0,0,0,12248,15023,16773,3000,2000,2000,0.6124,0.2449,no
R-4169,35,universitaria,70000,1,2,4,44193,46168,45166,3000,102,2400,0.6313,0.0679,si
R-4170,31,universitaria,70000,0,0,0,3588,3204,2330,1505,1005,1002,0.0513,0.4195,no
R-4171,36,universitaria,50000,0,0,0,1261,1261,1665,1261,1665,1261,0.0252,1.0,no
R-4172,30,universitaria,290000,0,0,0,65369,67270,65357,3360,3000,3000,0.2254,0.0514,no
R-4173,33,posgrado,250000,0,0,0,76412,80024,83952,5000,5000,5000,0.3056,0.0654,no
R-4174,42,universitaria,210000,0,0,0,197204,201218,205477,8800,9000,9200,0.9391,0.0446,no
R-4175,41,universitaria,120000,0,0,0,0,0,0,0,0,0,0.0,0.0,si
R-4176,40,posgrado,230000,0,0,0,6514,7882,162,7882,162,0,0.0283,1.21,si
R-4177,34,universitaria,20000,2,2,4,17497,20690,20075,3500,0,1500,0.8748,0.2,si
R-4178,32,universitaria,200000,0,0,0,80,89691,91517,90001,3935,3759,0.0004,3.0,no
R-4179,37,universitaria,260000,0,0,0,128602,118109,21557,3203,6015,5055,0.4946,0.0249,no
R-4180,32,universitaria,200000,2,0,0,160106,162743,81890,7600,4000,0,0.8005,0.0475,si
R-4181,41,media,60000,0,0,0,866,29123,26766,29687,30000,0,0.0144,3.0,no
R-4182,42,universitaria,50000,0,0,0,1345,1545,-306,1000,0,18700,0.0269,0.7435,no
R-4183,34,posgrado,200000,0,0,0,3253,3969,-8,4005,326,2323,0.0163,1.2312,no
R-4184,34,universitaria,90000,0,0,0,106053,101023,97045,3547,3580,13000,1.1784,0.0334,no
R-4185,39,universitaria,20000,0,0,0,16621,7309,17120,1200,10000,1301,0.831,0.0722,no
R-4186,42,universitaria,240000,0,0,0,795,1916,1530,1921,1534,2961,0.0033,2.4164,no
R-4187,38,universitaria,210000,0,0,0,326,0,2684,0,2684,0,0.0016,0.0,no
R-4188,36,universitaria,80000,0,0,0,77870,79472,81757,2900,3900,2750,0.9734,0.0372,si
R-4189,31,universitaria,250000,1,0,0,0,0,0,0,0,0,0.0,0.0,no
R-4190,37,posgrado,350000,0,0,0,916,1123,604,1133,607,4545,0.0026,1.2369,no
R-4191,40,posgrado,380000,0,0,0,231759,233357,236292,10000,9000,10021,0.6099,0.0431,no
R-4192,34,universitaria,260000,0,0,0,186189,176135,130369,6203,5704,2411,0.7161,0.0333,si
R-4193,41,universitaria,230000,0,0,0,23216,25548,23769,10014,1602,1017,0.1009,0.4313,no
R-4194,43,posgrado,360000,0,0,0,30769,13532,840,13952,864,124037,0.0855,0.4534,no
R-4195,44,posgrado,320000,0,0,0,1329,4526,11906,4526,11911,14425,0.0042,3.0,no
R-4196,42,universitaria,60000,0,0,0,78291,70154,69940,3000,1405,60941,1.3048,0.0383,no
R-4197,38,media,430000,0,0,0,37693,3390,5930,3507,5960,39507,0.0877,0.093,no
R-4198,36,universitaria,200000,0,0,0,5440,7268,0,2000,0,0,0.0272,0.3676,no
R-4199,37,universitaria,110000,0,0,0,112091,112380,86544,4625,3112,2467,1.019,0.0413,no
R-4200,34,posgrado,270000,1,2,4,20979,17228,20924,0,4000,2000,0.0777,0.0,no
R-4201,31,universitaria,170000,0,0,0,8024,9338,11673,1610,2500,1600,0.0472,0.2006,no
R-4202,38,posgrado,360000,0,0,0,475,-25,4993,0,5018,505,0.0013,0.0,no
R-4203,39,universitaria,140000,0,0,0,136032,139118,134651,5400,5000,6000,0.9717,0.0397,no
R-4204,42,posgrado,130000,0,0,0,836,836,836,836,836,836,0.0064,1.0,no
R-4205,48,universitaria,110000,0,0,0,92806,91217,89757,5000,4087,64142,0.8437,0.0539,no
R-4206,36,universitaria,150000,0,0,0,32263,26283,17897,3000,1305,1637,0.2151,0.093,no
R-4207,44,universitaria,260000,0,0,0,11506,973,1183,975,1186,2287,0.0443,0.0847,no
R-4208,34,posgrado,180000,0,0,0,4400,2990,3762,3018,3772,5254,0.0244,0.6859,no
R-4209,49,universitaria,20000,0,0,0,16336,17354,18376,1294,2316,1256,0.8168,0.0792,si
R-4210,32,media,230000,0,0,0,326,326,326,326,326,326,0.0014,1.0,no
R-4211,37,posgrado,160000,0,0,0,16750,9715,5140,1100,1500,1500,0.1047,0.0657,no
R-4212,43,universitaria,100000,0,0,0,6768,13054,10489,10015,3018,10002,0.0677,1.4798,no
R-4213,30,media,70000,0,0,2,67730,67021,67328,3000,6006,0,0.9676,0.0443,no
R-4214,41,universitaria,90000,0,0,0,188,188,188,188,188,1708,0.0021,1.0,no
R-4215,36,universitaria,200000,0,0,0,193097,199873,205150,10000,10000,0,0.9655,0.0518,no
R-4216,45,universitaria,250000,0,0,0,142001,135291,138084,5084,6399,5000,0.568,0.0358,no
R-4217,33,media,360000,0,0,0,0,0,0,0,0,0,0.0,0.0,no
R-4218,33,universitaria,140000,0,0,0,0,935,1490,935,1490,0,0.0,3.0,no
R-4219,47,universitaria,40000,0,0,9,34664,37611,36726,3524,0,4898,0.8666,0.1017,no
R-4220,38,universitaria,10000,1,2,4,4437,5355,6113,1150,1000,2000,0.4437,0.2592,no
R-4221,37,posgrado,200000,1,0,0,0,0,250,0,250,4188,0.0,0.0,no
R-4222,36,posgrado,150000,2,2,4,167094,86193,-25443,5068,9,0,1.114,0.0303,si
R-4223,45,media,80000,0,0,2,8133,10978,10511,3000,0,1200,0.1017,0.3689,si
R-4224,37,universitaria,100000,2,2,10,24927,27689,26960,3185,0,3000,0.2493,0.1278,si
R-4225,49,universitaria,340000,0,0,0,9983,43418,388126,43418,388126,12500,0.0294,3.0,no
R-4226,51,media,30000,0,0,2,24070,25358,26447,2000,1800,1300,0.8023,0.0831,no
R-4227,54,universitaria,200000,0,0,0,41190,40921,17702,2138,5101,19,0.206,0.0519,no
R-4228,56,media,40000,1,0,0,0,0,0,0,0,0,0.0,0.0,si
R-4229,55,media,50000,0,0,0,23498,22625,20197,1336,1348,1257,0.47,0.0569,no
R-4230,52,universitaria,90000,0,0,0,86826,87186,87526,4000,3505,3962,0.9647,0.0461,no
R-4231,54,universitaria,20000,0,0,0,18398,19014,17836,2000,1500,2900,0.9199,0.1087,no
R-4232,51,media,50000,1,0,0,0,0,0,0,0,0,0.0,0.0,si
R-4233,53,media,120000,0,0,8,88702,101498,104480,14357,5500,4000,0.7392,0.1619,si
R-4234,51,media,50000,0,0,4,38302,39299,40703,1634,2038,4685,0.766,0.0427,no
R-4235,50,universitaria,700000,0,0,0,280809,273492,224238,10000,8500,7093,0.4012,0.0356,no
R-4236,50,posgrado,250000,1,0,0,0,0,191,0,191,2160,0.0,0.0,no
R-4237,50,posgrado,150000,0,0,2,829,18311,3023,18400,3500,3025,0.0055,3.0,no
R-4238,51,media,20000,0,0,0,14962,17580,19748,2890,2458,1000,0.7481,0.1932,no
R-4239,52,universitaria,130000,0,2,2,6954,4110,1030,12,1034,727,0.0535,0.0017,no
R-4240,53,media,20000,0,0,0,19165,16851,14431,3000,3000,5000,0.9582,0.1565,si
R-4241,53,universitaria,20000,1,2,4,5397,6153,5914,1000,99,13401,0.2698,0.1853,no
R-4242,56,media,130000,0,0,0,33928,35356,36782,2000,2000,2000,0.261,0.0589,no
R-4243,57,posgrado,350000,0,0,0,262719,269742,263086,11500,18000,11000,0.7506,0.0438,no
R-4244,60,media,200000,0,0,6,135775,136946,142735,4916,8011,10800,0.6789,0.0362,no
R-4245,57,media,20000,1,2,4,1472,211,-1050,0,0,0,0.0736,0.0,si
R-4246,59,posgrado,230000,1,0,0,0,0,0,0,0,0,0.0,0.0,no
R-4247,53,universitaria,50000,2,0,2,17946,18946,21904,1306,3264,0,0.3589,0.0728,no
R-4248,54,posgrado,70000,0,0,0,1261,1261,390,1261,390,780,0.018,1.0,no
R-4249,53,universitaria,290000,0,0,0,4975,3688,3164,1027,1000,1000,0.0172,0.2064,no
R-4250,53,posgrado,450000,0,0,0,17530,3873,3119,3885,3128,9008,0.039,0.2216,no
R-4251,67,media,190000,2,2,6,186797,191210,195681,9000,9000,0,0.9831,0.0482,no
R-4252,58,posgrado,50000,0,0,0,55262,53057,50447,2000,1703,1406,1.1052,0.0362,no
R-4253,35,universitaria,30000,0,0,0,29728,30479,13052,1779,3345,0,0.9909,0.0598,no
R-4254,28,universitaria,110000,0,0,0,35208,36619,38026,2000,2000,3000,0.3201,0.0568,si
R-4255,34,media,60000,0,0,0,53748,41668,29306,1778,2000,1748,0.8958,0.0331,no
R-4256,26,otra,180000,0,0,0,42086,96998,133743,90402,100028,20000,0.2338,2.148,no
R-4257,26,universitaria,140000,0,0,0,128720,129996,132004,6450,7000,5000,0.9194,0.0501,no
R-4258,27,universitaria,50000,2,0,4,16557,17975,20366,2000,3000,3000,0.3311,0.1208,si
R-4259,26,posgrado,160000,0,0,0,5323,1714,2003,1726,2235,2605,0.0333,0.3243,no
R-4260,25,universitaria,160000,0,0,0,83005,84023,81765,3900,3300,3906,0.5188,0.047,no
R-4261,26,universitaria,290000,0,0,0,291861,254619,226755,9596,7700,4402,1.0064,0.0329,no
R-4262,24,posgrado,20000,1,0,0,0,1516,500,1516,500,0,0.0,3.0,no
R-4263,27,posgrado,70000,2,2,10,43616,44597,45784,2000,2200,1800,0.6231,0.0459,si
R-4264,27,posgrado,310000,0,0,0,1000,304,1852,152,1868,2587,0.0032,0.152,no
R-4265,34,universitaria,500000,0,0,0,367463,287148,262173,10584,30232,3018,0.7349,0.0288,no
R-4266,28,universitaria,460000,0,0,0,25537,23314,16098,1335,10000,3316,0.0555,0.0523,no
R-4267,27,universitaria,50000,0,0,0,48292,47171,37779,2300,1900,1500,0.9658,0.0476,no
R-4268,27,posgrado,20000,0,0,0,5888,4088,6597,4813,6597,5000,0.2944,0.8174,no
R-4269,35,universitaria,490000,0,0,0,48108,45281,46705,3000,5015,5007,0.0982,0.0624,no
R-4270,27,posgrado,90000,0,0,2,46588,49496,48425,4000,0,3000,0.5176,0.0859,no
R-4271,25,universitaria,50000,1,3,7,52207,51067,51278,0,2536,13,1.0441,0.0,no
R-4272,30,universitaria,140000,0,0,0,0,0,0,0,0,0,0.0,0.0,no
R-4273,39,universitaria,160000,0,0,6,30633,37119,36263,7000,0,7847,0.1915,0.2285,si
R-4274,29,posgrado,50000,1,0,0,0,0,0,0,0,0,0.0,0.0,no
R-4275,25,universitaria,30000,2,2,2,28518,27774,28987,0,2027,2000,0.9506,0.0,no
R-4276,22,universitaria,60000,3,2,10,61558,59967,59693,10,3616,301,1.026,0.0002,si
R-4277,23,media,30000,2,2,6,27588,30354,29150,3540,73,1418,0.9196,0.1283,si
R-4278,22,posgrado,50000,2,2,2,4536,0,0,0,0,0,0.0907,0.0,si
R-4279,22,universitaria,70000,0,0,0,68969,67682,68448,3200,3600,3075,0.9853,0.0464,no
R-4280,24,posgrado,130000,0,0,4,3621,4530,6627,1130,2227,200,0.0279,0.3121,no
R-4281,23,media,70000,0,0,0,14816,8237,-2601,1000,695,73820,0.2117,0.0675,no
R-4282,22,universitaria,30000,2,2,10,24874,26163,26449,2000,1000,2201,0.8291,0.0804,no
R-4283,23,universitaria,20000,1,2,4,15596,15053,15773,0,1269,1598,0.7798,0.0,si
R-4284,22,posgrado,70000,0,0,2,64525,66548,67344,3093,2594,4512,0.9218,0.0479,no
R-4285,23,media,150000,0,0,0,11329,10775,11829,1219,1273,1069,0.0755,0.1076,no
R-4286,22,universitaria,30000,0,0,2,27762,30392,27688,5000,0,3000,0.9254,0.1801,no
R-4287,26,universitaria,100000,0,0,0,7086,7644,8197,1500,1500,2000,0.0709,0.2117,no
R-4288,24,universitaria,100000,1,2,4,7127,6867,8095,0,1500,1500,0.0713,0.0,si
R-4289,24,universitaria,30000,0,0,0,1513,27350,28561,26500,2048,2000,0.0504,3.0,no
R-4290,24,posgrado,130000,0,0,0,78744,74511,81315,3500,10000,4000,0.6057,0.0444,no
R-4291,24,universitaria,20000,1,2,7,9739,12322,3023,3023,0,0,0.487,0.3104,no
R-4292,24,posgrado,100000,0,0,0,76025,68016,63520,3000,3600,3000,0.7602,0.0395,no
R-4293,26,posgrado,400000,0,0,0,2871,6260,6651,4016,4020,4066,0.0072,1.3988,no
R-4294,24,universitaria,90000,0,0,2,83590,84960,85744,3200,3110,4677,0.9288,0.0383,no
R-4295,24,posgrado,50000,3,2,6,8506,10194,10928,2000,1200,0,0.1701,0.2351,si
R-4296,25,universitaria,90000,2,0,0,90371,87525,89052,4100,4200,3000,1.0041,0.0454,si
R-4297,25,universitaria,30000,2,0,0,27458,21203,18394,1267,1342,1508,0.9153,0.0461,si
R-4298,25,posgrado,450000,0,0,0,0,0,0,0,0,0,0.0,0.0,no
R-4299,26,universitaria,10000,1,2,10,6220,5975,8104,0,2400,0,0.622,0.0,si
R-4300,27,posgrado,210000,0,0,0,21275,18405,76779,2079,67000,2300,0.1013,0.0977,no
R-4301,26,otra,300000,0,0,0,293880,242669,76777,11128,47009,34044,0.9796,0.0379,no
R-4302,24,posgrado,60000,0,0,0,59267,60042,59225,2694,2800,2300,0.9878,0.0455,no
R-4303,25,universitaria,40000,0,0,2,34084,35169,37940,1861,3755,0,0.8521,0.0546,no
R-4304,27,otra,100000,0,0,0,152330,66107,60734,3000,2231,1617,1.5233,0.0197,no
R-4305,25,universitaria,70000,2,0,4,19112,20115,20837,1629,1351,2500,0.273,0.0852,si
R-4306,23,posgrado,10000,3,2,4,7067,8092,7820,1291,0,1295,0.7067,0.1827,si
R-4307,23,universitaria,60000,0,0,0,43714,47653,51400,5000,5000,399,0.7286,0.1144,no
R-4308,23,posgrado,110000,0,0,0,50346,54489,58602,5000,5000,5000,0.4577,0.0993,no
R-4309,24,universitaria,80000,0,0,0,390,2463,3409,2463,1789,12091,0.0049,3.0,no
R-4310,24,media,160000,0,0,0,133268,133059,135452,4753,5142,4450,0.8329,0.0357,no
R-4311,24,posgrado,50000,2,2,6,45049,43379,46097,0,3628,8,0.901,0.0,si
R-4312,23,posgrado,50000,0,0,0,45345,46403,38343,2010,2046,1866,0.9069,0.0443,no
R-4313,25,universitaria,130000,0,0,0,3639,396,396,396,396,396,0.028,0.1088,no
R-4314,24,universitaria,60000,0,0,0,52676,41956,29626,1778,1794,1772,0.8779,0.0338,no
R-4315,22,universitaria,80000,1,2,4,7369,7000,0,0,0,0,0.0921,0.0,no
R-4316,24,posgrado,50000,0,0,0,40246,41679,41688,2128,3000,6000,0.8049,0.0529,no
R-4317,24,posgrado,150000,0,0,0,4244,9830,7588,9830,7588,13907,0.0283,2.3162,no
R-4318,23,posgrado,180000,0,0,0,6825,4094,4268,2015,3000,3000,0.0379,0.2952,no
R-4319,25,universitaria,80000,0,0,0,0,0,0,0,0,0,0.0,0.0,no
R-4320,24,posgrado,20000,2,0,2,1015,19214,15703,19214,0,1000,0.0508,3.0,si
R-4321,25,universitaria,50000,0,0,0,18734,19340,10000,1340,1000,0,0.3747,0.0715,no
R-4322,25,universitaria,160000,0,0,0,8030,8030,8030,8030,8030,19069,0.0502,1.0,si
R-4323,25,universitaria,110000,0,0,0,38152,39214,39981,2000,1700,2000,0.3468,0.0524,no
R-4324,25,universitaria,140000,0,0,0,133714,137585,131666,6560,6200,4246,0.9551,0.0491,no
R-4325,25,posgrado,50000,2,2,11,40959,43870,42891,3900,0,1700,0.8192,0.0952,si
R-4326,24,media,80000,0,0,2,754,-69,3330,0,3399,0,0.0094,0.0,no
R-4327,25,media,120000,0,0,0,106621,105893,107838,4000,5013,4000,0.8885,0.0375,si
R-4328,24,universitaria,20000,3,2,12,17690,19102,19502,2000,1000,2000,0.8845,0.1131,si
R-4329,25,posgrado,110000,0,0,0,92332,77807,75559,2800,3703,2700,0.8394,0.0303,no
R-4330,25,universitaria,90000,2,0,0,77651,78651,79972,3300,3600,3805,0.8628,0.0425,si
R-4331,26,universitaria,290000,0,0,0,262518,180499,138326,6500,5300,4000,0.9052,0.0248,si
R-4332,27,posgrado,30000,0,0,0,3812,5744,8642,2000,3000,3000,0.1271,0.5247,no
R-4333,27,posgrado,60000,0,0,2,1130,7,7,7,0,11958,0.0188,0.0062,no
R-4334,27,universitaria,70000,0,0,0,69762,68914,69252,2450,2600,2700,0.9966,0.0351,si
R-4335,25,universitaria,170000,0,0,0,26151,24019,26013,3000,5000,2000,0.1538,0.1147,si
R-4336,27,universitaria,140000,0,0,0,124753,101551,93649,3626,4324,3207,0.8911,0.0291,no
R-4337,27,posgrado,270000,0,0,0,1390,363,14770,363,14841,1200,0.0051,0.2612,no
R-4338,27,universitaria,180000,0,0,0,173098,172494,172060,8000,8100,8000,0.9617,0.0462,no
R-4339,27,posgrado,40000,0,0,0,33563,20539,2360,1204,1000,38639,0.8391,0.0359,no
R-4340,23,universitaria,60000,0,0,0,56397,57112,58057,2039,2250,2060,0.94,0.0362,no
R-4341,26,universitaria,50000,1,0,4,0,1000,2000,1000,0,0,0.0,3.0,no
R-4342,26,universitaria,180000,0,0,0,3739,4889,7768,3889,4739,2289,0.0208,1.0401,si
R-4343,27,universitaria,150000,0,0,0,7815,4914,6237,4933,6237,3280,0.0521,0.6312,no
R-4344,27,universitaria,30000,0,0,2,27347,31402,30047,5500,0,3000,0.9116,0.2011,no
R-4345,27,universitaria,180000,1,0,0,0,376,0,376,0,390,0.0,3.0,no
R-4346,27,media,180000,0,0,0,3578,3898,0,3898,0,715,0.0199,1.0894,no
R-4347,27,universitaria,90000,0,0,0,73849,70549,49858,2900,2012,1603,0.8205,0.0393,no
R-4348,23,universitaria,30000,0,0,2,19769,24285,26143,5896,3002,2130,0.659,0.2982,no
R-4349,26,universitaria,110000,0,0,0,108001,90128,92103,3500,3500,3000,0.9818,0.0324,no
R-4350,27,posgrado,180000,1,2,6,5892,4824,3784,0,3089,0,0.0327,0.0,si
R-4351,27,universitaria,90000,0,0,2,97973,100442,89242,12500,2,5085,1.0886,0.1276,si
R-4352,27,posgrado,130000,0,0,0,3363,8305,15253,8319,15253,7338,0.0259,2.4737,no
R-4353,27,universitaria,20000,0,0,2,191,20391,19292,20200,0,1310,0.0096,3.0,no
R-4354,28,posgrado,150000,0,2,4,1040,148,9173,0,9173,0,0.0069,0.0,si
R-4355,28,media,160000,0,0,0,408,99,99,99,99,398,0.0026,0.2426,no
R-4356,27,posgrado,170000,0,0,0,106,18719,30000,18719,30000,0,0.0006,3.0,si
R-4357,27,universitaria,280000,0,0,8,109392,128447,131053,21000,6150,5000,0.3907,0.192,no
R-4358,28,posgrado,150000,0,0,0,6121,4391,6269,4391,6269,8914,0.0408,0.7174,no
R-4359,27,universitaria,90000,0,0,0,18674,88907,90659,92858,4100,3200,0.2075,3.0,no
R-4360,28,universitaria,120000,0,0,0,48499,48684,6344,1621,1000,1326,0.4042,0.0334,no
R-4361,25,universitaria,70000,2,0,0,46526,47820,48750,2070,2000,2000,0.6647,0.0445,si
R-4362,25,universitaria,80000,2,2,4,77096,83189,81308,8000,0,2800,0.9637,0.1038,no
R-4363,27,posgrado,230000,0,0,0,145959,94798,70299,3551,3000,1284,0.6346,0.0243,no
R-4364,27,media,230000,0,2,2,6155,5650,3004,500,3004,4200,0.0268,0.0812,si
R-4365,28,universitaria,300000,0,0,8,275855,286812,280337,15000,7000,50000,0.9195,0.0544,si
R-4366,29,posgrado,500000,0,0,0,16090,36635,75434,37039,78079,1708,0.0322,2.302,no
R-4367,29,universitaria,200000,0,0,0,18568,-49,980,0,1029,3682,0.0928,0.0,no
R-4368,28,universitaria,50000,0,0,4,56701,57421,54587,5000,2000,0,1.134,0.0882,no
R-4369,28,posgrado,260000,0,0,0,-28,5735,693,5763,703,1564,-0.0001,3.0,no
R-4370,29,universitaria,50000,2,2,6,48286,49286,50006,2100,1800,0,0.9657,0.0435,si
R-4371,27,posgrado,40000,0,0,0,27025,32228,38904,6000,8040,4235,0.6756,0.222,si
R-4372,26,universitaria,30000,0,0,2,20105,21419,22278,1650,1506,2651,0.6702,0.0821,no
R-4373,26,posgrado,50000,1,0,0,0,0,0,0,0,1363,0.0,0.0,no
R-4374,27,posgrado,60000,0,0,0,62321,61015,58160,3000,3016,5011,1.0387,0.0481,no
R-4375,28,universitaria,230000,0,0,0,7539,6500,6500,6500,6500,45914,0.0328,0.8622,no
R-4376,28,posgrado,250000,0,0,0,45687,31114,21867,5000,1585,3028,0.1827,0.1094,no
R-4377,28,media,60000,0,0,0,396,43902,44802,87804,2000,1567,0.0066,3.0,no
R-4378,25,posgrado,200000,0,0,0,198890,200299,181617,8058,6900,7022,0.9944,0.0405,no
R-4379,28,universitaria,220000,0,0,0,7468,5045,4944,5045,4949,7083,0.0339,0.6755,no
R-4380,29,posgrado,100000,2,2,2,1526,0,0,0,0,0,0.0153,0.0,no
R-4381,27,universitaria,150000,0,0,0,5877,6640,7408,1268,1284,1271,0.0392,0.2158,no
R-4382,29,posgrado,130000,0,0,8,101650,106271,119728,4621,15107,5000,0.7819,0.0455,no
R-4383,29,universitaria,140000,0,0,0,389,403,0,407,0,0,0.0028,1.0463,si
R-4384,28,universitaria,90000,0,0,0,41138,38755,38448,2000,1866,1347,0.4571,0.0486,no
R-4385,29,universitaria,80000,0,0,8,49196,54033,52595,6292,0,5000,0.615,0.1279,no
R-4386,28,posgrado,90000,0,0,6,38355,39413,41181,1700,2404,1500,0.4262,0.0443,no
R-4387,28,universitaria,500000,0,0,0,319082,0,300165,8752,0,21420,0.6382,0.0274,no
R-4388,29,posgrado,310000,0,0,0,594,235,5641,477,5648,0,0.0019,0.803,no
R-4389,31,universitaria,140000,0,0,0,277,19983,17685,19983,17725,36621,0.002,3.0,no
R-4390,29,universitaria,500000,0,0,0,902,0,0,0,0,0,0.0018,0.0,no
R-4391,29,universitaria,110000,2,0,0,99876,72548,74379,3000,3000,3000,0.908,0.03,si
R-4392,27,posgrado,200000,0,0,0,4941,5555,15546,5610,15616,1673,0.0247,1.1354,no
R-4393,29,media,80000,0,0,0,456,3351,9452,3366,9481,1588,0.0057,3.0,no
R-4394,28,posgrado,90000,0,0,0,1944,0,0,0,0,0,0.0216,0.0,no
R-4395,29,posgrado,280000,0,0,0,33210,526,9252,726,9298,21360,0.1186,0.0219,no
R-4396,29,media,200000,0,0,0,203621,203424,199728,7464,7889,6600,1.0181,0.0367,no
R-4397,29,posgrado,450000,0,0,0,104457,68877,62223,2489,2528,10179,0.2321,0.0238,no
R-4398,31,universitaria,200000,0,0,0,2718,590,8971,591,8981,8525,0.0136,0.2174,no
R-4399,29,universitaria,100000,0,0,0,87018,75666,74709,3267,3324,4220,0.8702,0.0375,no
R-4400,29,posgrado,150000,0,0,2,1148,3019,100,2000,100,702,0.0077,1.7422,si
R-4401,27,posgrado,30000,0,0,0,30342,29337,29956,1500,1485,2000,1.0114,0.0494,si
R-4402,29,posgrado,130000,0,0,2,93761,100172,97727,8901,0,3401,0.7212,0.0949,no
R-4403,28,posgrado,80000,0,0,0,70723,72151,73888,3200,3500,3300,0.884,0.0452,no
R-4404,28,posgrado,160000,0,0,0,316,1599,2328,1617,2378,1798,0.002,3.0,no
R-4405,28,posgrado,390000,0,0,0,60697,64440,67503,5000,5000,5007,0.1556,0.0824,no
R-4406,31,universitaria,200000,0,2,4,3707,3347,0,0,16550,665,0.0185,0.0,si
R-4407,30,universitaria,30000,0,0,0,9211,9133,10165,1154,1186,1462,0.307,0.1253,no
R-4408,31,universitaria,180000,0,0,0,69502,69878,71866,2500,3300,2140,0.3861,0.036,no
R-4409,32,universitaria,50000,0,0,0,48971,38736,26945,1754,1500,3038,0.9794,0.0358,no
R-4410,30,universitaria,150000,0,0,0,55,-94,-208,0,239,0,0.0004,0.0,no
R-4411,31,posgrado,300000,0,0,0,720,0,69190,0,69190,0,0.0024,0.0,no
R-4412,29,posgrado,170000,0,0,0,1000,6000,0,5000,0,0,0.0059,3.0,no
R-4413,29,universitaria,200000,0,0,0,779,860,496,860,496,2763,0.0039,1.104,no
R-4414,30,universitaria,300000,0,0,0,19333,19333,19333,19333,19333,19333,0.0644,1.0,no
R-4415,30,otra,190000,0,0,0,198098,194576,202868,4515,15466,4700,1.0426,0.0228,no
R-4416,30,posgrado,180000,0,0,0,360,120,360,120,600,360,0.002,0.3333,no
R-4417,30,universitaria,20000,1,0,4,0,0,780,0,780,0,0.0,0.0,si
R-4418,32,universitaria,200000,1,0,6,-400,163,163,563,0,2250,-0.002,3.0,no
R-4419,30,posgrado,80000,3,2,2,82523,80586,80783,0,4000,3000,1.0315,0.0,si
R-4420,31,universitaria,90000,0,0,4,22259,23418,24443,1838,1408,2660,0.2473,0.0826,si
R-4421,32,universitaria,20000,2,0,4,15073,15431,16176,1600,1300,2300,0.7536,0.1062,si
R-4422,30,media,240000,0,0,0,7075,15732,9285,17003,9343,1617,0.0295,2.4033,no
R-4423,31,posgrado,350000,0,2,2,403,403,1351,0,1351,4677,0.0012,0.0,no
R-4424,30,posgrado,110000,0,0,0,51276,52064,53160,3000,3031,3000,0.4661,0.0585,no
R-4425,24,media,30000,0,0,0,27276,26937,26679,2000,2500,2000,0.9092,0.0733,si
R-4426,28,media,150000,2,0,0,107603,109835,110255,5500,5500,5300,0.7174,0.0511,no
R-4427,30,universitaria,180000,0,0,0,5100,9861,11021,9861,11021,16883,0.0283,1.9335,si
R-4428,29,posgrado,300000,0,0,0,45117,43460,14291,1281,1093,1000,0.1504,0.0284,no
R-4429,25,universitaria,120000,0,0,0,70282,71463,60364,4000,3000,11299,0.5857,0.0569,no
R-4430,31,universitaria,180000,0,0,0,0,2813,12937,2813,12937,50500,0.0,3.0,no
R-4431,31,universitaria,100000,0,0,0,75818,76887,78178,2745,2939,3500,0.7582,0.0362,no
R-4432,29,posgrado,240000,0,0,0,186969,167474,168081,5510,6000,8808,0.779,0.0295,no
R-4433,30,posgrado,170000,2,2,10,155910,158819,161487,6800,6500,0,0.9171,0.0436,si
R-4434,30,posgrado,290000,0,0,0,288033,260683,190012,10784,10295,2082,0.9932,0.0374,no
R-4435,32,posgrado,310000,0,0,0,4762,26943,7488,26943,5000,6000,0.0154,3.0,si
R-4436,32,universitaria,500000,0,0,0,9609,5609,967,5637,972,16671,0.0192,0.5866,no
R-4437,30,media,250000,0,0,0,1962,82,82,82,82,82,0.0078,0.0418,no
R-4438,28,otra,260000,0,0,0,237212,228643,231156,8006,7550,8080,0.9124,0.0338,no
R-4439,28,posgrado,100000,1,0,0,-4894,-4894,-4894,0,0,0,-0.0489,0.0,no
R-4440,40,universitaria,210000,0,0,0,41826,42820,44156,1520,1856,1564,0.1992,0.0363,no
R-4441,23,universitaria,10000,0,0,2,8536,8617,7902,1117,1302,1566,0.8536,0.1309,no
R-4442,33,universitaria,110000,0,0,0,83762,84677,87748,3200,4521,20000,0.7615,0.0382,si
R-4443,37,posgrado,350000,0,0,0,1140,0,4100,0,4100,0,0.0033,0.0,no
R-4444,42,universitaria,50000,0,0,0,47867,40937,28868,2083,1840,31000,0.9573,0.0435,no
R-4445,41,universitaria,120000,0,0,0,4591,0,28466,0,28466,21455,0.0383,0.0,no
R-4446,31,universitaria,420000,0,0,0,147344,116483,90368,4153,4031,3040,0.3508,0.0282,no
R-4447,40,universitaria,120000,0,0,0,105124,109399,109397,6020,3900,1700,0.876,0.0573,no
R-4448,41,universitaria,50000,2,2,8,17028,20543,21919,3828,2000,600,0.3406,0.2248,si
R-4449,48,universitaria,70000,0,0,0,3838,1930,6384,1930,6384,4292,0.0548,0.5029,no
R-4450,44,universitaria,30000,0,0,0,28467,29792,29739,1814,1459,1373,0.9489,0.0637,si
R-4451,49,media,20000,0,0,0,17543,17888,18577,2100,1700,3500,0.8772,0.1197,si
R-4452,39,universitaria,200000,3,2,8,117868,114483,118855,0,6216,10000,0.5893,0.0,si
R-4453,36,otra,150000,1,0,0,0,0,0,0,0,0,0.0,0.0,no
R-4454,46,media,200000,0,0,0,14617,1261,8187,1261,8187,1261,0.0731,0.0863,no
R-4455,40,media,110000,0,0,0,105055,105886,108819,4058,4913,3000,0.955,0.0386,no
R-4456,49,media,70000,2,2,4,16127,20035,19416,4500,0,2000,0.2304,0.279,si
R-4457,46,media,50000,0,0,0,-1494,2590,3506,7084,1000,19286,-0.0299,3.0,no
R-4458,46,universitaria,440000,0,0,0,177425,180641,181557,7700,8610,6907,0.4032,0.0434,no
R-4459,37,universitaria,420000,0,0,0,36032,41932,9778,7022,1846,163862,0.0858,0.1949,no
R-4460,33,universitaria,260000,0,0,0,5188,12357,28656,13000,29022,7500,0.02,2.5058,si
R-4461,37,universitaria,60000,2,2,10,42101,43594,44700,2500,2100,1800,0.7017,0.0594,si
R-4462,45,media,80000,0,0,0,640,23699,2676,23699,22670,0,0.008,3.0,no
R-4463,37,universitaria,60000,0,0,0,55233,54898,52890,1940,2019,2236,0.9206,0.0351,no
R-4464,40,media,30000,0,0,0,29896,11158,18245,11158,18245,9714,0.9965,0.3732,no
R-4465,34,universitaria,20000,2,2,10,13552,16513,17549,3188,1600,3570,0.6776,0.2352,no
R-4466,38,posgrado,190000,0,0,0,39468,33983,35042,2151,1910,1558,0.2077,0.0545,no
R-4467,35,media,20000,0,0,0,0,1492,0,1492,0,0,0.0,3.0,no
R-4468,45,universitaria,340000,0,0,0,284099,286067,290374,11000,10005,5336,0.8356,0.0387,no
R-4469,41,universitaria,50000,0,0,0,47406,48332,44295,2200,2100,2228,0.9481,0.0464,si
R-4470,40,universitaria,130000,2,0,2,8539,9559,12394,1165,3000,0,0.0657,0.1364,si
R-4471,34,posgrado,420000,0,0,0,26232,8955,33661,8967,33661,3005,0.0625,0.3418,no
R-4472,34,posgrado,120000,0,0,0,3755,0,0,0,0,0,0.0313,0.0,si
R-4473,42,universitaria,90000,0,0,0,1367,2086,2987,2086,2987,5856,0.0152,1.526,no
R-4474,30,media,300000,0,0,0,25936,26008,26324,1500,1800,2000,0.0865,0.0578,no
R-4475,34,universitaria,170000,0,0,0,2435,0,0,0,0,0,0.0143,0.0,no
R-4476,31,media,200000,0,0,0,187864,191756,194283,8500,7500,7000,0.9393,0.0452,no
R-4477,37,posgrado,240000,0,0,0,660,31187,1280,31187,1280,7643,0.0028,3.0,no
R-4478,34,posgrado,290000,0,0,0,276365,199540,191188,9263,9041,7027,0.953,0.0335,no
R-4479,48,media,80000,0,0,0,36320,29106,15290,2030,2000,2000,0.454,0.0559,no
R-4480,35,posgrado,160000,1,0,0,0,0,0,0,0,0,0.0,0.0,no
R-4481,47,otra,180000,0,0,0,167915,163279,166994,6028,7758,5188,0.9329,0.0359,si
R-4482,39,universitaria,170000,0,0,0,22870,20653,21577,2000,1685,1231,0.1345,0.0875,no
R-4483,36,posgrado,80000,2,0,2,12639,13419,18171,1300,5000,0,0.158,0.1029,si
R-4484,44,universitaria,130000,0,0,0,128854,111896,116183,4000,6097,4085,0.9912,0.031,no
R-4485,37,posgrado,180000,2,0,0,326,326,326,326,326,480,0.0018,1.0,si
R-4486,41,otra,200000,1,0,0,0,0,650,0,650,0,0.0,0.0,no
R-4487,34,media,400000,0,0,0,10150,5869,5750,5869,5750,132872,0.0254,0.5782,no
R-4488,49,universitaria,100000,0,0,0,55084,49358,89406,2500,43075,2750,0.5508,0.0454,no
R-4489,34,universitaria,30000,0,0,0,23336,24642,25382,1700,1440,1409,0.7779,0.0728,no
R-4490,44,posgrado,350000,2,3,11,309250,314607,322032,12000,14000,12000,0.8836,0.0388,si
R-4491,39,universitaria,200000,0,0,0,1017,0,0,0,0,0,0.0051,0.0,no
R-4492,31,universitaria,150000,0,0,0,138363,138979,37713,6000,2000,2000,0.9224,0.0434,no
R-4493,38,media,140000,2,2,6,119715,122283,118913,6000,0,5000,0.8551,0.0501,no
R-4494,35,universitaria,200000,0,0,0,136264,138994,142744,5000,6000,6000,0.6813,0.0367,no
R-4495,35,universitaria,500000,0,0,0,286595,292813,302966,11000,14846,6000,0.5732,0.0384,no
R-4496,31,universitaria,150000,0,0,0,416,416,416,416,416,416,0.0028,1.0,no
R-4497,41,universitaria,500000,0,0,0,275956,277193,284198,15000,13000,10000,0.5519,0.0544,no
R-4498,34,universitaria,500000,0,0,0,2730,3926,17501,5606,17501,2194,0.0055,2.0535,no
R-4499,36,media,300000,0,0,0,4035,0,0,0,0,0,0.0134,0.0,no
R-4500,34,media,360000,0,0,0,0,0,0,0,0,0,0.0,0.0,si
R-4501,36,universitaria,240000,0,0,0,214122,217850,212593,19000,10000,7000,0.8922,0.0887,no
R-4502,35,otra,290000,0,0,0,33278,33694,32453,1600,1700,2015,0.1148,0.0481,no
R-4503,31,posgrado,90000,1,0,0,0,0,0,0,0,0,0.0,0.0,no
R-4504,33,universitaria,190000,0,0,0,-2650,-2650,-2650,0,1941,0,-0.0139,0.0,si
R-4505,37,universitaria,310000,0,0,0,68430,72280,77097,5000,7097,7636,0.2207,0.0731,no
R-4506,31,universitaria,360000,0,0,0,49011,62438,77461,15000,20000,3500,0.1361,0.3061,no
R-4507,34,universitaria,220000,0,0,0,3410,1619,1756,1623,1756,2075,0.0155,0.476,no
R-4508,34,universitaria,200000,0,0,0,205362,177755,3455,5504,1526,1078,1.0268,0.0268,no
R-4509,34,posgrado,500000,0,0,0,13000,13000,13000,13000,13000,13000,0.026,1.0,no
R-4510,36,universitaria,180000,0,0,0,360,2240,6071,2240,6071,1554,0.002,3.0,si
R-4511,39,universitaria,360000,0,0,0,26680,22312,19181,22434,19286,16243,0.0741,0.8409,no
R-4512,38,posgrado,620000,0,0,0,1966,35703,1241,35703,1241,119,0.0032,3.0,no
R-4513,44,media,60000,0,0,0,63236,64683,66510,2500,3000,2292,1.0539,0.0395,si
R-4514,36,media,50000,0,0,0,49889,50326,50687,1952,1703,1444,0.9978,0.0391,no
R-4515,44,media,50000,0,0,0,47497,47122,46789,2306,2400,2000,0.9499,0.0486,no
R-4516,36,media,160000,0,0,0,9330,31745,22829,31745,1049,6000,0.0583,3.0,no
R-4517,39,universitaria,190000,0,0,0,180201,181443,155045,7000,7000,3100,0.9484,0.0388,si
R-4518,36,posgrado,20000,0,0,0,223,0,0,0,0,0,0.0112,0.0,no
R-4519,44,posgrado,260000,0,0,0,279670,286796,295631,11778,15000,8526,1.0757,0.0421,no
R-4520,38,universitaria,150000,0,0,0,5584,1106,2199,1106,1208,1006,0.0372,0.1981,no
R-4521,42,media,150000,0,0,0,11070,5947,6152,6151,6427,7306,0.0738,0.5556,no
R-4522,37,posgrado,500000,0,0,0,43643,46586,48832,4000,3000,2000,0.0873,0.0917,no
R-4523,32,posgrado,150000,0,0,0,75918,77025,0,3525,0,0,0.5061,0.0464,no
R-4524,37,universitaria,50000,2,2,11,19068,19947,21124,1500,1800,1000,0.3814,0.0787,si
R-4525,35,posgrado,180000,0,0,0,37701,32003,32254,32005,32270,47186,0.2094,0.8489,no
R-4526,42,media,260000,0,0,0,6783,0,0,0,0,0,0.0261,0.0,si
R-4527,36,universitaria,180000,0,0,0,1000,92,92,92,92,603,0.0056,0.092,no
R-4528,44,media,290000,0,0,0,2615,0,679,0,679,3390,0.009,0.0,no
R-4529,46,universitaria,570000,0,0,0,563892,569577,577957,19534,25100,15159,0.9893,0.0346,no
R-4530,31,posgrado,90000,0,0,8,77278,83357,85229,8000,4100,3000,0.8586,0.1035,si
R-4531,32,posgrado,350000,0,0,0,87611,87325,90539,3300,5116,5000,0.2503,0.0377,no
R-4532,40,universitaria,80000,0,0,0,390,390,390,390,390,390,0.0049,1.0,no
R-4533,39,otra,230000,0,0,0,7479,31280,120000,31280,90000,0,0.0325,3.0,no
R-4534,39,media,30000,1,2,10,25574,22897,25647,0,3128,0,0.8525,0.0,no
R-4535,42,universitaria,280000,0,0,0,396,396,396,396,396,396,0.0014,1.0,no
R-4536,30,universitaria,200000,0,0,0,389,5889,389,5890,390,390,0.0019,3.0,no
R-4537,27,universitaria,110000,1,2,4,110593,111679,108455,4363,0,4012,1.0054,0.0395,no
R-4538,30,universitaria,150000,1,0,2,0,0,0,0,0,0,0.0,0.0,no
R-4539,45,posgrado,240000,0,0,0,103344,0,0,0,0,0,0.4306,0.0,no
R-4540,37,posgrado,500000,1,0,0,0,17250,2287,17250,3037,96501,0.0,3.0,no
R-4541,27,universitaria,250000,0,0,0,4883,3090,1404,2500,1000,5208,0.0195,0.512,no
R-4542,29,posgrado,180000,0,0,0,326,326,546,326,546,546,0.0018,1.0,si
R-4543,29,universitaria,170000,0,0,0,56980,55889,51328,3000,2236,2478,0.3352,0.0527,no
R-4544,32,posgrado,80000,0,0,0,1784,871,3179,871,3381,3384,0.0223,0.4882,no
R-4545,29,posgrado,230000,0,0,0,33147,1672,3677,1672,3677,18346,0.1441,0.0504,no
R-4546,43,universitaria,270000,0,0,0,94125,1321,806,1326,920,629,0.3486,0.0141,no
R-4547,35,universitaria,220000,0,0,0,45739,46975,48211,2000,2000,2000,0.2079,0.0437,no
R-4548,29,media,190000,0,0,0,132669,134605,136202,6000,6000,1000,0.6983,0.0452,no
R-4549,44,media,90000,0,0,5,421,9522,9223,9422,0,79,0.0047,3.0,no
R-4550,46,universitaria,420000,0,0,0,347531,345620,344364,13503,15031,7011,0.8275,0.0389,no
R-4551,48,media,50000,0,0,0,50411,48409,42248,5000,2000,2500,1.0082,0.0992,no
R-4552,41,universitaria,180000,0,0,0,4351,11953,9380,12069,9443,3262,0.0242,2.7738,no
R-4553,25,posgrado,30000,0,0,0,26417,27421,28573,1448,1600,1500,0.8806,0.0548,no
R-4554,36,universitaria,200000,2,0,0,197810,201362,164183,9051,7000,5000,0.989,0.0458,si
R-4555,32,universitaria,210000,0,0,0,355,975,410,979,412,0,0.0017,2.7577,no
R-4556,43,universitaria,500000,0,0,0,10330,12320,12209,12320,12209,16727,0.0207,1.1926,no
R-4557,33,posgrado,300000,0,0,0,13889,1465,2095,1465,2095,1215,0.0463,0.1055,no
R-4558,38,posgrado,80000,0,0,0,2431,29426,5288,31386,5296,1823,0.0304,3.0,no
R-4559,42,posgrado,500000,0,0,0,237066,171440,177859,20000,50000,10000,0.4741,0.0844,no
R-4560,44,media,30000,0,0,0,29263,27516,28133,1441,1597,1634,0.9754,0.0492,no
R-4561,37,universitaria,70000,0,0,0,69099,69684,64801,3018,3400,2200,0.9871,0.0437,no
R-4562,41,posgrado,50000,1,2,12,45313,46262,49188,2000,4000,2000,0.9063,0.0441,no
R-4563,39,posgrado,500000,0,0,0,4419,2584,4524,2584,4524,3518,0.0088,0.5847,no
R-4564,37,posgrado,240000,0,0,0,180517,175125,176674,8022,6161,5730,0.7522,0.0444,no
R-4565,43,posgrado,610000,0,0,2,403546,418882,413942,25002,8000,16385,0.6616,0.062,no
R-4566,42,universitaria,360000,0,0,0,64268,45659,18875,2339,4564,2200,0.1785,0.0364,no
R-4567,45,universitaria,500000,0,0,0,443118,155322,67515,155484,67533,72049,0.8862,0.3509,no
R-4568,46,universitaria,320000,0,0,0,15176,24845,12680,24969,12743,5542,0.0474,1.6453,no
R-4569,41,universitaria,220000,0,0,0,24435,2131,36010,2142,36204,1055,0.1111,0.0877,no
R-4570,28,posgrado,230000,0,2,2,2376,2178,27460,0,27446,1400,0.0103,0.0,no
R-4571,33,posgrado,160000,0,2,4,7845,2956,3161,0,3161,0,0.049,0.0,si
R-4572,36,posgrado,500000,0,0,0,13302,1040,3662,1051,3722,0,0.0266,0.079,no
R-4573,31,posgrado,210000,0,0,0,202064,206107,174581,6000,6000,4000,0.9622,0.0297,no
R-4574,32,posgrado,360000,0,0,0,317024,313710,299059,11200,12112,11500,0.8806,0.0353,no
R-4575,47,posgrado,100000,1,0,6,-84,-474,800,0,3000,0,-0.0008,0.0,si
R-4576,36,universitaria,100000,2,2,10,78063,79346,77977,3500,3300,3000,0.7806,0.0448,si
R-4577,32,otra,710000,0,0,0,377249,382116,391305,11000,12000,8000,0.5313,0.0292,no
R-4578,41,media,170000,0,0,0,76704,50301,50896,2405,2000,2500,0.4512,0.0314,no
R-4579,31,posgrado,130000,0,0,0,133845,126804,130264,7000,7000,7000,1.0296,0.0523,no
R-4580,35,universitaria,360000,0,0,0,35327,42032,35665,10000,2453,5000,0.0981,0.2831,no
R-4581,27,universitaria,200000,0,0,0,125854,127843,131352,4775,6579,4734,0.6293,0.0379,no
R-4582,43,universitaria,30000,0,0,0,10443,4503,9000,4503,9000,0,0.3481,0.4312,no
R-4583,46,universitaria,110000,0,0,0,2359,2410,2151,2410,2151,2161,0.0214,1.0216,si
R-4584,35,universitaria,90000,0,0,2,35232,38329,37433,4000,0,1700,0.3915,0.1135,no
R-4585,41,media,210000,0,0,0,59071,58830,364,2000,17864,569,0.2813,0.0339,no
R-4586,35,media,20000,0,0,4,3975,362,2182,362,2000,0,0.1988,0.0911,no
R-4587,34,posgrado,120000,0,0,0,8113,8796,12210,2000,5312,3095,0.0676,0.2465,no
R-4588,39,universitaria,310000,0,0,0,360,360,360,360,360,360,0.0012,1.0,no
R-4589,37,universitaria,50000,0,0,2,16090,38710,43085,38710,5000,0,0.3218,2.4058,no
R-4590,44,universitaria,280000,0,0,0,9713,264,252,264,252,2656,0.0347,0.0272,no
R-4591,41,universitaria,100000,2,0,0,155351,159591,163665,105200,6035,9410,1.5535,0.6772,si
R-4592,32,universitaria,200000,0,0,0,899,-1,-1,0,0,229,0.0045,0.0,no
R-4593,34,posgrado,240000,1,0,0,-25,-25,2062,0,2087,0,-0.0001,0.0,no
R-4594,37,universitaria,320000,2,2,10,289260,297888,304025,14500,12001,10500,0.9039,0.0501,no
R-4595,41,universitaria,290000,0,0,0,286391,140960,112394,10000,5620,10000,0.9876,0.0349,no
R-4596,32,media,180000,0,0,0,4480,7354,6930,3000,3000,2018,0.0249,0.6696,no
R-4597,43,media,150000,0,0,0,18308,19973,21000,1973,1353,1366,0.1221,0.1078,si
R-4598,38,posgrado,150000,0,0,0,9474,0,0,0,0,0,0.0632,0.0,no
R-4599,36,posgrado,340000,0,0,0,3474,1974,2774,1974,2774,43831,0.0102,0.5682,no
R-4600,42,universitaria,210000,0,0,0,1708,2928,-2,2928,0,0,0.0081,1.7143,no
R-4601,37,universitaria,80000,2,2,8,1662,3347,4140,2427,1000,0,0.0208,1.4603,si
R-4602,35,media,150000,0,2,4,1877,709,2264,0,2264,0,0.0125,0.0,no
R-4603,41,universitaria,140000,0,0,0,56379,51993,52678,1855,1913,1952,0.4027,0.0329,no
R-4604,37,posgrado,460000,1,2,2,268775,262956,268463,0,9737,9060,0.5843,0.0,si
R-4605,31,media,50000,0,0,0,44115,44619,38604,1652,1906,1000,0.8823,0.0374,no
R-4606,35,universitaria,230000,0,0,0,0,0,0,0,0,0,0.0,0.0,si
R-4607,41,universitaria,120000,0,0,0,118131,116607,108720,4211,3710,3184,0.9844,0.0356,si
R-4608,42,media,110000,0,0,0,110191,110736,63652,3200,2450,2027,1.0017,0.029,no
R-4609,36,media,80000,0,0,0,65205,72922,74943,20000,5000,3000,0.8151,0.3067,no
R-4610,38,universitaria,290000,0,0,0,0,130,0,130,0,24756,0.0,3.0,no
R-4611,36,universitaria,50000,1,3,8,17292,18705,18125,2000,0,0,0.3458,0.1157,no
R-4612,37,universitaria,10000,0,0,0,5050,3704,6222,5011,6222,984,0.505,0.9923,no
R-4613,39,universitaria,150000,0,0,4,22724,21019,19890,3221,1602,0,0.1515,0.1417,no
R-4614,35,universitaria,230000,0,0,0,68755,35137,34305,1607,4305,1000,0.2989,0.0234,no
R-4615,42,posgrado,200000,0,0,2,796,770,770,770,0,5269,0.004,0.9673,no
R-4616,31,universitaria,30000,0,0,0,26830,30900,0,5000,0,0,0.8943,0.1864,no
R-4617,39,media,30000,0,2,2,1937,640,1751,0,1751,0,0.0646,0.0,si
R-4618,29,posgrado,80000,0,0,0,2175,358,1872,358,1872,746,0.0272,0.1646,no
R-4619,42,posgrado,270000,0,0,0,1870,0,8091,0,8091,1000,0.0069,0.0,no
R-4620,36,posgrado,260000,0,0,0,122825,88273,91908,5000,6000,5020,0.4724,0.0407,no
R-4621,36,posgrado,500000,0,0,0,8561,682,15714,1364,15714,5390,0.0171,0.1593,si
R-4622,36,universitaria,200000,1,2,10,73459,76308,78669,4500,4000,0,0.3673,0.0613,no
R-4623,31,universitaria,170000,0,0,0,6015,7810,2760,7820,26058,3474,0.0354,1.3001,si
R-4624,33,posgrado,170000,0,0,2,144031,147135,158528,5500,14000,0,0.8472,0.0382,no
R-4625,32,universitaria,210000,0,0,0,0,0,0,0,0,0,0.0,0.0,no
R-4626,37,media,240000,0,0,0,374,1823,1788,1823,1788,6229,0.0016,3.0,no
R-4627,35,posgrado,400000,0,0,0,26930,11187,16593,11187,16596,18572,0.0673,0.4154,no
R-4628,37,universitaria,30000,0,0,0,108,709,11726,709,11726,2713,0.0036,3.0,no
R-4629,31,universitaria,140000,1,0,0,0,0,0,0,0,76,0.0,0.0,si
R-4630,31,universitaria,70000,0,0,0,9319,3652,5284,3652,2284,3000,0.1331,0.3919,no
R-4631,40,posgrado,300000,0,3,11,5130,4903,4679,0,0,2000,0.0171,0.0,si
R-4632,38,media,360000,0,0,0,6904,-507,751,0,1502,15369,0.0192,0.0,si
R-4633,34,media,180000,1,0,0,3700,4696,3763,4696,3763,3,0.0206,1.2692,no
R-4634,35,media,90000,0,0,0,35872,35687,35538,1578,1583,1773,0.3986,0.044,no
R-4635,38,universitaria,600000,1,2,6,51072,49889,39635,0,4000,0,0.0851,0.0,no
R-4636,46,universitaria,20000,4,3,10,15833,15286,17021,0,2277,0,0.7916,0.0,si
R-4637,33,media,200000,1,2,2,18021,17374,15463,0,3027,6223,0.0901,0.0,no
R-4638,40,universitaria,200000,0,0,0,531,0,2358,0,2358,2477,0.0027,0.0,no
R-4639,29,posgrado,360000,0,0,0,0,0,0,0,0,0,0.0,0.0,si
R-4640,31,universitaria,260000,0,0,0,2224,1996,1497,2007,1501,0,0.0086,0.9024,no
R-4641,37,universitaria,190000,0,0,8,105679,115049,117856,11000,6000,5000,0.5562,0.1041,no
R-4642,38,universitaria,260000,0,0,0,163550,166795,171803,5966,7692,7788,0.629,0.0365,no
R-4643,37,posgrado,270000,0,0,0,7842,6380,16098,6380,16098,1350,0.029,0.8136,no
R-4644,44,universitaria,80000,0,0,7,0,0,0,0,0,600,0.0,0.0,no
R-4645,46,posgrado,200000,0,0,0,2263,3441,2124,3448,2124,6063,0.0113,1.5236,no
R-4646,46,universitaria,20000,0,0,0,189,2249,3551,2249,3551,5000,0.0094,3.0,si
R-4647,35,posgrado,50000,0,0,0,45822,47173,48592,2413,2832,39,0.9164,0.0527,no
R-4648,30,otra,230000,0,0,0,168708,161074,151884,10699,5080,10000,0.7335,0.0634,no
R-4649,31,posgrado,140000,0,0,0,1399,1519,1404,1519,1404,540,0.01,1.0858,no
R-4650,32,posgrado,310000,0,0,0,141203,84594,66624,7000,5500,4000,0.4555,0.0496,no
R-4651,32,universitaria,230000,0,0,0,399,1560,1766,1560,1046,1000,0.0017,3.0,no
R-4652,33,posgrado,230000,0,0,0,7990,13450,56729,13450,56729,0,0.0347,1.6834,no
R-4653,33,universitaria,140000,1,0,0,-23,5742,0,5765,0,1920,-0.0002,3.0,no
R-4654,31,posgrado,180000,0,0,0,766,243,243,243,243,243,0.0043,0.3172,no
R-4655,31,universitaria,310000,0,0,4,86082,78328,78380,3550,6000,2559,0.2777,0.0412,no
R-4656,33,posgrado,100000,0,0,0,3417,7366,12146,7400,12146,752,0.0342,2.1656,no
R-4657,33,universitaria,120000,1,2,10,68493,70275,68592,3500,0,5700,0.5708,0.0511,si
R-4658,32,posgrado,50000,0,0,0,5458,5175,12950,1500,7956,3188,0.1092,0.2748,no
R-4659,30,posgrado,240000,0,0,0,236823,241067,240998,10279,10500,10581,0.9868,0.0434,no
R-4660,34,universitaria,180000,0,0,0,10485,274,9333,274,9333,26656,0.0582,0.0261,si
R-4661,34,universitaria,200000,0,0,0,13112,13011,12000,13011,12000,0,0.0656,0.9923,no
R-4662,36,posgrado,350000,0,0,2,326,326,652,326,652,0,0.0009,1.0,no
R-4663,45,universitaria,150000,0,0,0,141292,131970,136267,4719,6419,6436,0.9419,0.0334,no
R-4664,35,universitaria,220000,2,2,6,29202,30420,32222,2000,2600,1600,0.1327,0.0685,si
R-4665,45,media,200000,0,0,0,0,10221,1356,10221,1356,0,0.0,3.0,no
R-4666,35,universitaria,80000,1,2,6,78959,76699,81477,0,6800,0,0.987,0.0,si
R-4667,36,posgrado,90000,0,0,0,3860,1770,2135,1826,2150,316,0.0429,0.4731,no
R-4668,40,posgrado,200000,0,0,0,9141,9046,9635,1138,1157,1149,0.0457,0.1245,no
R-4669,33,posgrado,200000,0,0,0,196304,195766,195191,9000,8939,8099,0.9815,0.0458,no
R-4670,41,universitaria,500000,0,0,0,6305,5692,1556,6332,1742,2080,0.0126,1.0043,no
R-4671,39,universitaria,50000,0,0,0,48651,48939,49204,2200,1739,9500,0.973,0.0452,no
R-4672,34,universitaria,210000,0,0,0,73415,76188,78276,4002,4000,4323,0.3496,0.0545,no
R-4673,36,posgrado,150000,0,0,2,127204,247984,125502,5900,5000,6163,0.848,0.0464,si
R-4674,43,posgrado,150000,0,0,0,6940,6200,6962,6200,6962,9301,0.0463,0.8934,no
R-4675,44,universitaria,230000,0,0,0,14029,9035,11979,9140,12039,6700,0.061,0.6515,no
R-4676,40,universitaria,170000,0,0,0,17914,1253,4427,1253,4427,1459,0.1054,0.0699,no
R-4677,48,universitaria,210000,0,0,0,1417,-3,355,0,358,12816,0.0067,0.0,no
R-4678,37,posgrado,240000,3,2,10,164691,167489,170329,7000,7000,7000,0.6862,0.0425,si
R-4679,34,posgrado,310000,0,0,0,270776,263983,215686,11080,8054,7037,0.8735,0.0409,no
R-4680,39,universitaria,80000,2,2,4,129966,123747,106582,9685,0,3659,1.6246,0.0745,si
R-4681,34,posgrado,150000,0,0,0,0,0,0,0,0,0,0.0,0.0,si
R-4682,32,universitaria,80000,1,2,8,7604,7320,150,0,150,0,0.095,0.0,si
R-4683,43,universitaria,270000,0,0,0,135068,102743,100360,5000,7000,4049,0.5003,0.037,no
R-4684,42,universitaria,150000,0,0,0,97066,95040,0,2000,0,0,0.6471,0.0206,no
R-4685,34,universitaria,290000,0,0,0,53437,44037,5441,1274,1200,2033,0.1843,0.0238,no
R-4686,35,universitaria,170000,1,0,0,0,0,0,0,0,0,0.0,0.0,no
R-4687,35,posgrado,280000,0,0,0,10089,38936,7444,40000,8069,5005,0.036,3.0,no
R-4688,43,posgrado,200000,0,0,0,-109,-109,-109,0,0,0,-0.0005,0.0,si
R-4689,37,posgrado,20000,1,0,4,-113,-113,10887,1575,11000,0,-0.0056,3.0,si
R-4690,41,universitaria,160000,1,2,2,99496,97013,98427,0,3879,5459,0.6218,0.0,no
R-4691,36,universitaria,180000,0,0,4,14222,14701,17322,1300,2902,3047,0.079,0.0914,no
R-4692,38,universitaria,110000,0,0,0,195437,176420,63142,5000,10000,5048,1.7767,0.0256,si
R-4693,48,universitaria,130000,0,0,2,1778,0,109,0,109,0,0.0137,0.0,no
R-4694,49,posgrado,500000,0,0,0,1088,4007,9933,4031,10021,14576,0.0022,3.0,no
R-4695,47,media,150000,0,0,0,2934,2843,1445,2843,1445,2288,0.0196,0.969,no
R-4696,50,universitaria,50000,2,2,10,27525,28669,28569,1900,650,2300,0.5505,0.069,si
R-4697,51,universitaria,10000,1,2,2,9151,8855,9828,0,1133,1144,0.9151,0.0,no
R-4698,52,media,50000,1,0,0,0,0,0,0,0,831,0.0,0.0,no
R-4699,52,universitaria,290000,0,0,0,276377,282814,288983,12880,13000,8000,0.953,0.0466,no
R-4700,57,media,80000,0,0,0,78312,77359,76081,3459,3500,1959,0.9789,0.0442,no
R-4701,54,media,70000,0,0,0,37717,38744,40538,1655,2449,2400,0.5388,0.0439,no
R-4702,50,media,330000,0,0,0,2064,0,0,0,0,0,0.0063,0.0,no
R-4703,51,universitaria,230000,0,0,0,213457,226037,213682,17000,10000,10000,0.9281,0.0796,no
R-4704,51,universitaria,20000,2,2,6,17612,18820,19717,1800,1500,0,0.8806,0.1022,no
R-4705,55,universitaria,50000,0,0,0,23605,27856,16386,5856,3386,5411,0.4721,0.2481,no
R-4706,49,media,200000,0,0,0,1801,181,4095,181,4126,5711,0.009,0.1005,no
R-4707,56,universitaria,50000,0,0,0,48703,48836,48049,2000,2000,2000,0.9741,0.0411,no
R-4708,52,universitaria,500000,0,0,0,588000,277559,288835,17559,36500,20000,1.176,0.0299,no
R-4709,50,media,140000,0,2,2,845,845,1690,0,1690,0,0.006,0.0,si
R-4710,49,posgrado,200000,0,0,0,413,0,103,0,103,0,0.0021,0.0,no
R-4711,60,media,80000,0,0,0,37298,19025,12720,3000,3000,2030,0.4662,0.0804,no
R-4712,52,posgrado,80000,0,0,0,34243,35240,36275,1570,1605,1620,0.428,0.0458,no
R-4713,49,media,70000,2,2,10,19954,21024,21790,1700,1400,0,0.2851,0.0852,si
R-4714,51,media,20000,1,2,2,15399,14859,15913,0,1600,1700,0.77,0.0,si
R-4715,40,universitaria,120000,0,0,0,123270,122736,123394,6000,6500,6500,1.0272,0.0487,no
R-4716,53,media,500000,0,0,0,0,0,0,0,0,0,0.0,0.0,si
R-4717,67,media,30000,2,2,2,26590,25869,26947,0,1800,1370,0.8863,0.0,si
R-4718,52,posgrado,110000,0,0,0,1865,0,0,0,0,1930,0.017,0.0,no
R-4719,57,universitaria,280000,0,0,0,7640,9369,12261,9369,12277,12610,0.0273,1.2263,no
R-4720,55,posgrado,180000,1,0,0,0,0,0,0,0,0,0.0,0.0,no
R-4721,52,universitaria,190000,0,0,0,175,1547,6101,1547,6101,4803,0.0009,3.0,no
R-4722,52,posgrado,290000,0,0,6,85532,69025,85735,12000,20000,0,0.2949,0.1403,no
R-4723,53,posgrado,230000,0,0,0,0,742,0,742,0,0,0.0,3.0,no
R-4724,57,universitaria,300000,0,0,2,2890,390,1380,390,1380,0,0.0096,0.1349,no
R-4725,57,media,260000,0,2,4,1148,123,1668,0,1668,0,0.0044,0.0,no
R-4726,49,universitaria,30000,1,2,4,24597,26852,23117,3000,0,3000,0.8199,0.122,no
R-4727,26,posgrado,150000,0,0,0,29997,31171,30356,2000,2000,2000,0.2,0.0667,no
R-4728,29,posgrado,360000,1,0,0,-4316,60054,187734,65000,188000,17384,-0.012,3.0,no
R-4729,29,universitaria,230000,0,0,0,566,5477,7996,5480,4001,3000,0.0025,3.0,no
R-4730,25,universitaria,200000,1,2,2,124652,109401,63518,6,5000,2000,0.6233,0.0,no
R-4731,27,universitaria,90000,2,0,0,2542,3556,4490,1066,1000,0,0.0282,0.4194,si
R-4732,25,posgrado,80000,0,0,0,37325,38503,39429,2100,2000,1000,0.4666,0.0563,no
R-4733,23,universitaria,50000,0,0,2,45708,48316,44070,6000,0,2000,0.9142,0.1313,no
R-4734,36,posgrado,400000,0,0,0,0,0,0,0,0,0,0.0,0.0,si
R-4735,27,universitaria,20000,0,0,0,1200,0,0,0,0,0,0.06,0.0,no
R-4736,29,universitaria,620000,0,0,0,524191,524555,445543,19306,15669,16011,0.8455,0.0368,no
R-4737,36,media,270000,0,0,0,276192,271773,262623,11000,11100,12000,1.0229,0.0398,no
R-4738,22,universitaria,150000,0,0,0,82791,82533,77002,3187,2381,1579,0.5519,0.0385,no
R-4739,26,universitaria,50000,1,4,14,13294,12799,12311,0,0,0,0.2659,0.0,si
R-4740,22,posgrado,20000,0,0,0,19231,20235,21579,1331,1675,1327,0.9616,0.0692,si
R-4741,22,posgrado,50000,0,0,0,28725,28424,30965,2000,5000,1500,0.5745,0.0696,si
R-4742,24,universitaria,50000,0,0,0,90,6560,7029,7396,1459,1000,0.0018,3.0,no
R-4743,21,otra,20000,0,0,0,13203,4443,3259,1036,1132,2000,0.6602,0.0785,no
R-4744,21,universitaria,20000,0,0,0,20070,19278,3346,1072,1000,0,1.0035,0.0534,no
R-4745,25,universitaria,20000,1,2,2,20873,20240,20365,4,1378,1203,1.0436,0.0002,si
R-4746,24,posgrado,20000,0,0,0,720,100,1192,100,1192,7807,0.036,0.1389,si
R-4747,25,universitaria,20000,1,2,2,12589,716,243,0,1000,20000,0.6294,0.0,no
R-4748,25,posgrado,70000,0,0,0,23799,9000,11818,9000,7000,5000,0.34,0.3782,no
R-4749,24,universitaria,20000,1,4,13,17611,18038,17473,1000,0,0,0.8806,0.0568,no
R-4750,23,universitaria,20000,0,0,0,20432,16941,18066,1280,1405,1598,1.0216,0.0626,no
R-4751,25,posgrado,20000,0,0,0,26694,10298,9768,1200,2000,2000,1.3347,0.045,no
R-4752,25,universitaria,160000,0,0,0,4071,4554,4770,1060,1276,1000,0.0254,0.2604,no
R-4753,25,universitaria,50000,0,0,11,29206,53086,51981,25000,0,0,0.5841,0.856,no
R-4754,26,universitaria,60000,0,0,0,59487,59199,59326,2113,2500,3000,0.9914,0.0355,no
R-4755,23,universitaria,50000,2,2,2,51246,49758,48456,8,2401,2254,1.0249,0.0002,no
R-4756,27,universitaria,400000,0,0,0,15330,8626,11470,2501,10009,1437,0.0383,0.1631,no
R-4757,27,media,50000,0,0,0,32590,-100,0,0,100,0,0.6518,0.0,no
R-4758,26,posgrado,160000,0,0,0,138825,135233,130038,6800,5600,3715,0.8677,0.049,si
R-4759,26,posgrado,260000,0,0,0,250303,198350,189510,7065,7054,6500,0.9627,0.0282,no
R-4760,27,universitaria,20000,1,2,6,7326,7060,8240,0,1296,1638,0.3663,0.0,si
R-4761,27,media,70000,2,2,12,58009,56479,63633,0,8100,2500,0.8287,0.0,si
R-4762,26,posgrado,240000,0,0,0,5010,1188,3513,1188,3513,11794,0.0209,0.2371,no
R-4763,25,universitaria,130000,0,0,0,39074,39767,38680,1766,1521,3100,0.3006,0.0452,no
R-4764,25,universitaria,50000,0,0,0,49899,35200,29447,1679,2438,1700,0.998,0.0336,no
R-4765,27,posgrado,20000,0,0,0,19483,18956,18742,1258,1404,1400,0.9742,0.0646,no
R-4766,24,otra,90000,0,0,0,35865,32764,25348,1546,1176,1000,0.3985,0.0431,no
R-4767,28,universitaria,240000,0,0,0,44996,-4,-4,0,0,0,0.1875,0.0,no
R-4768,23,posgrado,20000,0,0,0,14697,11983,4098,12483,4098,14899,0.7348,0.8494,no
R-4769,27,media,110000,0,0,0,45443,55567,65753,15567,15753,5379,0.4131,0.3426,no
R-4770,28,universitaria,100000,0,0,0,74269,59948,56323,2812,2081,2077,0.7427,0.0379,no
R-4771,28,universitaria,160000,0,0,0,7169,581,0,581,0,972,0.0448,0.081,no
R-4772,28,posgrado,110000,0,0,0,102282,104196,105922,5200,5000,5000,0.9298,0.0508,no
R-4773,27,posgrado,180000,0,0,0,20793,18795,23194,10053,12057,30035,0.1155,0.4835,no
R-4774,27,posgrado,180000,2,0,2,10070,11392,14688,1500,3500,0,0.0559,0.149,no
R-4775,28,universitaria,260000,0,0,0,251829,234867,237497,10000,10500,9150,0.9686,0.0397,no
R-4776,25,universitaria,20000,0,0,0,769,1011,628,1500,700,2500,0.0384,1.9506,no
R-4777,27,media,20000,0,0,0,-2000,780,0,2780,2000,1000,-0.1,3.0,no
R-4778,29,posgrado,460000,0,0,0,428369,436349,449078,16833,21000,20000,0.9312,0.0393,no
R-4779,22,universitaria,50000,2,2,4,45614,50781,45429,5991,41,1617,0.9123,0.1313,no
R-4780,28,posgrado,360000,0,0,0,0,0,0,0,0,0,0.0,0.0,no
R-4781,28,posgrado,500000,0,0,0,92442,96905,111219,7036,20042,150122,0.1849,0.0761,no
R-4782,29,posgrado,30000,0,0,0,27720,0,0,0,0,22015,0.924,0.0,no
R-4783,28,universitaria,230000,0,0,0,231357,233543,99033,10000,7000,237008,1.0059,0.0432,no
R-4784,25,posgrado,60000,0,0,0,55656,58740,59257,4041,2227,14682,0.9276,0.0726,no
R-4785,29,posgrado,100000,0,0,0,711,1141,210,1000,780,1930,0.0071,1.4065,si
R-4786,29,universitaria,50000,0,0,2,13778,15837,16285,2600,1000,1300,0.2756,0.1887,no
R-4787,27,posgrado,150000,0,0,0,149340,152460,141196,10000,6040,5750,0.9956,0.067,no
R-4788,29,posgrado,230000,0,0,4,41154,44121,43286,4000,2500,0,0.1789,0.0972,no
R-4789,29,universitaria,200000,3,2,16,2500,2500,2500,0,0,0,0.0125,0.0,si
R-4790,29,universitaria,320000,2,0,0,172655,168256,165530,10000,10000,10000,0.5395,0.0579,no
R-4791,29,universitaria,80000,4,3,11,12237,11756,11281,0,0,2000,0.153,0.0,si
R-4792,30,universitaria,110000,0,0,4,35283,26000,9000,1500,1500,63853,0.3208,0.0425,no
R-4793,30,posgrado,140000,0,0,0,132970,136435,138696,6334,6600,5500,0.9498,0.0476,no
R-4794,27,posgrado,100000,1,2,2,108762,101941,99264,25,4902,4118,1.0876,0.0002,no
R-4795,30,posgrado,210000,0,0,0,129890,135229,106382,12112,4513,3400,0.6185,0.0932,no
R-4796,31,posgrado,120000,1,0,0,-190,-620,-1050,0,0,0,-0.0016,0.0,si
R-4797,28,universitaria,200000,0,0,0,99216,100142,34162,5300,3000,8712,0.4961,0.0534,no
R-4798,30,posgrado,280000,0,0,0,166037,166291,162992,12126,39102,5000,0.593,0.073,no
R-4799,30,media,220000,2,0,0,780,390,0,390,0,780,0.0035,0.5,si
R-4800,31,universitaria,240000,0,0,0,168376,172809,176012,7648,7900,8000,0.7016,0.0454,no
R-4801,31,posgrado,70000,0,0,0,25856,13737,7716,13737,7716,25740,0.3694,0.5313,no
R-4802,28,posgrado,250000,0,0,0,4003,2527,1652,2549,1715,8042,0.016,0.6368,no
R-4803,30,universitaria,70000,1,2,2,72576,70775,68184,0,3047,2849,1.0368,0.0,si
R-4804,31,media,360000,0,0,0,0,392,827,392,827,137101,0.0,3.0,no
R-4805,31,universitaria,360000,0,0,0,34831,29791,19013,5059,1383,2000,0.0968,0.1452,no
R-4806,31,posgrado,90000,1,2,4,33868,34614,33776,1600,0,1563,0.3763,0.0472,si
R-4807,30,universitaria,140000,0,0,0,70568,58294,59571,2100,2200,2200,0.5041,0.0298,si
R-4808,31,universitaria,150000,0,0,0,500,15338,0,15338,0,0,0.0033,3.0,no
R-4809,26,universitaria,80000,1,2,2,27897,24833,23331,0,1527,1500,0.3487,0.0,si
R-4810,30,universitaria,70000,0,0,0,68668,65750,67879,2347,3182,3144,0.981,0.0342,no
R-4811,33,universitaria,350000,0,0,0,694,10436,10857,10524,10916,12745,0.002,3.0,no
R-4812,37,otra,220000,2,0,0,217638,213843,211233,7506,23007,7991,0.9893,0.0345,no
R-4813,30,universitaria,200000,0,0,2,83149,94976,106808,13550,13590,12356,0.4157,0.163,no
R-4814,29,posgrado,110000,0,0,0,750,71015,72517,71022,5000,5000,0.0068,3.0,no
R-4815,37,otra,260000,0,0,0,9801,11115,11930,1485,1300,1229,0.0377,0.1515,no
R-4816,39,posgrado,210000,0,0,0,840,1665,610,1665,610,0,0.004,1.9821,no
R-4817,35,posgrado,420000,0,0,0,413076,414013,417086,15048,16078,12638,0.9835,0.0364,no
R-4818,49,universitaria,50000,2,2,2,49943,47585,47582,0,2500,1300,0.9989,0.0,si
R-4819,38,universitaria,30000,0,0,0,18526,12529,5937,1500,5937,5888,0.6175,0.081,si
R-4820,33,posgrado,310000,1,2,2,232244,157098,84865,40,3959,2807,0.7492,0.0002,no
R-4821,36,universitaria,300000,0,0,0,76382,166051,167541,115718,7905,6509,0.2546,1.515,no
R-4822,39,posgrado,210000,0,0,0,22861,6437,61813,6536,72037,5015,0.1089,0.2859,no
R-4823,34,universitaria,100000,1,0,0,-342,-342,-342,0,0,0,-0.0034,0.0,no
R-4824,41,posgrado,480000,1,0,0,0,0,0,0,0,0,0.0,0.0,no
R-4825,46,universitaria,240000,0,0,0,262206,257969,256740,9200,12000,5700,1.0925,0.0351,si
R-4826,39,posgrado,50000,0,0,0,8086,20993,16653,21012,16653,9354,0.1617,2.5986,no
R-4827,39,universitaria,180000,1,0,0,0,0,0,0,0,0,0.0,0.0,no
R-4828,43,otra,210000,0,0,0,197743,201949,208690,7500,10000,9085,0.9416,0.0379,no
R-4829,33,media,160000,0,0,0,25058,20624,16280,1344,1000,0,0.1566,0.0536,no
R-4830,36,posgrado,150000,0,0,0,5856,2629,99,4914,99,45,0.039,0.8391,no
R-4831,32,universitaria,160000,0,0,0,163695,153009,115096,7000,5400,4082,1.0231,0.0428,no
R-4832,42,universitaria,620000,0,0,0,75509,65572,59306,3500,2500,2500,0.1218,0.0464,no
R-4833,32,universitaria,190000,0,0,2,6415,8169,10060,2000,2000,1000,0.0338,0.3118,no
R-4834,38,media,160000,0,0,0,6763,1651,3107,1651,3107,4187,0.0423,0.2441,no
R-4835,34,universitaria,240000,0,0,0,242805,237854,240535,10000,11000,9248,1.0117,0.0412,no
R-4836,36,universitaria,10000,2,0,0,9075,8593,9582,2000,1300,1200,0.9075,0.2204,no
R-4837,40,posgrado,150000,0,0,0,0,1003,1003,1003,1003,35206,0.0,3.0,no
R-4838,47,posgrado,280000,0,0,0,2180,251,4250,251,4250,1000,0.0078,0.1151,no
R-4839,48,posgrado,150000,0,0,0,104320,82478,73465,2433,1786,10000,0.6955,0.0233,no
R-4840,47,media,500000,0,0,0,18033,8783,13202,8783,13357,16600,0.0361,0.4871,no
R-4841,44,posgrado,190000,0,0,4,231,3421,3190,3190,0,0,0.0012,3.0,no
R-4842,32,media,20000,1,2,2,20450,17861,18967,0,1700,1300,1.0225,0.0,si
R-4843,36,universitaria,120000,0,0,4,66,584,259,843,0,66,0.0006,3.0,no
R-4844,30,media,180000,0,0,0,56951,57941,58994,2100,2150,2200,0.3164,0.0369,no
R-4845,44,universitaria,130000,1,2,10,5230,4998,7898,0,3000,0,0.0402,0.0,si
R-4846,46,media,60000,0,0,0,56869,57976,54398,2110,2131,2010,0.9478,0.0371,no
R-4847,33,posgrado,500000,0,0,0,28498,26117,29717,5000,5000,8006,0.057,0.1755,no
R-4848,38,universitaria,320000,0,0,0,208207,9222,10244,1154,1176,1187,0.6506,0.0055,no
R-4849,32,universitaria,470000,0,0,0,19419,11006,15171,11070,15202,27329,0.0413,0.5701,no
R-4850,36,universitaria,290000,0,0,0,42512,23991,22416,3000,2010,3000,0.1466,0.0706,no
R-4851,36,posgrado,60000,0,2,4,780,390,-2750,0,0,5500,0.013,0.0,si
R-4852,34,posgrado,50000,1,2,10,48212,49207,49914,2500,2200,0,0.9642,0.0519,no
R-4853,38,universitaria,280000,0,0,0,3300,0,0,0,0,0,0.0118,0.0,no
R-4854,46,media,20000,0,0,10,7790,9985,12001,2500,2500,2500,0.3895,0.3209,no
R-4855,33,universitaria,350000,0,0,2,25507,26580,31802,1800,6000,0,0.0729,0.0706,no
R-4856,34,universitaria,170000,0,0,0,35923,37323,38420,2000,2000,3000,0.2113,0.0557,no
R-4857,41,universitaria,140000,0,0,0,144904,143827,141805,10000,10000,5000,1.035,0.069,si
R-4858,47,posgrado,360000,0,0,0,229,4240,2500,4261,2500,0,0.0006,3.0,no
R-4859,38,posgrado,360000,0,0,0,0,0,0,0,0,0,0.0,0.0,si
R-4860,37,universitaria,190000,0,0,6,79838,81523,83530,4000,5000,6000,0.4202,0.0501,no
R-4861,37,posgrado,270000,0,0,0,174532,167536,171865,6900,7900,8800,0.6464,0.0395,si
R-4862,34,universitaria,150000,0,0,8,122375,132631,129099,12300,0,11300,0.8158,0.1005,no
R-4863,41,posgrado,370000,1,0,0,0,0,0,0,0,0,0.0,0.0,no
R-4864,45,universitaria,60000,0,0,0,6471,7487,9356,1131,2000,1200,0.1078,0.1748,no
R-4865,41,posgrado,230000,1,0,0,0,1482,2140,1482,2140,2560,0.0,3.0,si
R-4866,45,universitaria,60000,0,0,0,25513,13941,13265,1300,1600,1300,0.4252,0.051,no
R-4867,34,universitaria,350000,0,0,0,38021,29493,31838,3000,3000,3000,0.1086,0.0789,no
R-4868,32,posgrado,70000,1,2,10,67065,68358,69670,3000,3000,3000,0.9581,0.0447,si
R-4869,38,posgrado,310000,0,0,0,995,988,993,993,1005,1000,0.0032,0.998,no
R-4870,38,posgrado,260000,0,0,0,94152,91774,89485,4150,4153,2913,0.3621,0.0441,no
R-4871,32,universitaria,20000,2,0,0,18996,19316,20330,1325,1339,1609,0.9498,0.0698,no
R-4872,46,universitaria,500000,0,0,0,157046,82603,37528,1652,37550,83642,0.3141,0.0105,no
R-4873,30,universitaria,300000,0,0,0,18468,60489,63982,61200,45153,102749,0.0616,3.0,no
R-4874,31,universitaria,70000,0,0,0,61177,62076,63806,5300,3500,2154,0.874,0.0866,si
R-4875,34,universitaria,70000,0,0,0,69368,69259,71488,4000,4000,2013,0.991,0.0577,no
R-4876,37,universitaria,90000,1,2,4,61584,62983,61107,3000,0,3000,0.6843,0.0487,si
R-4877,34,posgrado,220000,0,0,0,416,416,416,416,832,416,0.0019,1.0,si
R-4878,37,posgrado,480000,1,0,0,6071,7994,8313,8023,8351,25753,0.0126,1.3215,no
R-4879,37,media,200000,0,0,0,65927,59688,53084,2700,2200,1700,0.3296,0.041,no
R-4880,35,universitaria,30000,2,2,2,3462,-334,-1170,0,0,0,0.1154,0.0,si
R-4881,40,posgrado,410000,0,0,2,34405,18612,19975,18612,8944,7,0.0839,0.541,no
R-4882,28,posgrado,230000,0,0,0,48144,51966,44477,12000,2353,5000,0.2093,0.2493,no
R-4883,45,universitaria,70000,0,0,0,67062,68622,28236,3000,1500,3000,0.958,0.0447,no
R-4884,31,universitaria,280000,0,0,0,266511,269245,268332,9557,10001,8585,0.9518,0.0359,no
R-4885,33,media,220000,0,0,0,62770,86968,57675,40000,25000,25000,0.2853,0.6372,no
R-4886,40,posgrado,430000,0,0,0,2099,8256,4353,8297,4391,473,0.0049,3.0,no
R-4887,49,posgrado,50000,1,2,2,27231,26500,27533,0,1764,3400,0.5446,0.0,si
R-4888,43,posgrado,200000,0,0,0,3005,4709,7544,4709,7574,9497,0.015,1.5671,no
R-4889,41,media,180000,2,0,2,111786,115921,117428,6000,5000,9000,0.621,0.0537,no
R-4890,39,universitaria,350000,0,0,0,179189,173622,171127,6695,6958,6669,0.512,0.0374,no
R-4891,43,universitaria,20000,2,0,2,11573,12372,14946,1300,2787,0,0.5786,0.1123,si
R-4892,36,posgrado,210000,0,0,2,931,2562,736,2570,0,270,0.0044,2.7605,no
R-4893,31,universitaria,150000,0,0,0,0,648,0,648,0,1448,0.0,3.0,no
R-4894,44,universitaria,50000,0,0,2,47674,45472,51447,1764,6739,29,0.9535,0.037,no
R-4895,38,media,50000,2,0,4,37501,34942,37502,2000,3455,1007,0.75,0.0533,si
R-4896,35,universitaria,20000,0,0,0,17809,18325,-1675,1000,0,0,0.8904,0.0562,no
R-4897,42,universitaria,150000,0,0,0,98965,100714,100645,3360,3630,4337,0.6598,0.034,no
R-4898,40,posgrado,500000,0,0,0,18110,0,0,0,0,0,0.0362,0.0,no
R-4899,46,universitaria,20000,0,0,2,11027,12038,13064,1199,1225,2049,0.5514,0.1087,no
R-4900,44,posgrado,210000,0,0,0,126113,107216,88039,5002,5030,10008,0.6005,0.0397,no
R-4901,35,posgrado,80000,1,0,2,0,4117,3370,4117,0,5018,0.0,3.0,si
R-4902,38,posgrado,230000,0,0,0,1088,2444,2905,2451,2911,4882,0.0047,2.2528,no
R-4903,44,universitaria,110000,0,0,0,82503,84214,90877,3083,9563,4000,0.75,0.0374,no
R-4904,32,universitaria,60000,0,0,0,22357,23663,24779,1684,1800,1287,0.3726,0.0753,no
R-4905,43,posgrado,240000,0,0,0,223151,226688,230690,7766,8300,7200,0.9298,0.0348,si
R-4906,46,media,70000,0,0,4,24345,25349,26694,1414,1759,3000,0.3478,0.0581,no
R-4907,26,universitaria,140000,0,0,0,21513,23147,24766,2000,2000,1434,0.1537,0.093,no
R-4908,37,universitaria,120000,2,2,2,45902,44868,45943,0,2100,2100,0.3825,0.0,si
R-4909,34,posgrado,250000,0,0,0,119310,132243,140069,15000,10000,10000,0.4772,0.1257,no
R-4910,35,otra,460000,0,0,0,0,737,4856,737,4872,6696,0.0,3.0,no
R-4911,30,posgrado,350000,2,2,4,832,0,1844,0,1844,0,0.0024,0.0,si
R-4912,39,posgrado,360000,0,0,0,396,396,396,396,396,396,0.0011,1.0,no
R-4913,37,universitaria,260000,0,0,0,131472,134283,130398,5036,5000,5035,0.5057,0.0383,no
R-4914,48,universitaria,390000,0,0,0,32708,34849,34370,3000,1500,1000,0.0839,0.0917,no
R-4915,32,posgrado,310000,0,0,0,8242,32447,17314,32617,17417,8702,0.0266,3.0,no
R-4916,49,universitaria,30000,0,0,0,29893,28289,24572,1697,1505,1305,0.9964,0.0568,no
R-4917,35,universitaria,50000,0,0,0,49986,46720,48166,23800,2200,2150,0.9997,0.4761,si
R-4918,41,posgrado,150000,0,0,2,0,0,6785,0,6785,0,0.0,0.0,no
R-4919,35,universitaria,90000,0,0,5,941,3008,1882,3008,200,0,0.0105,3.0,si
R-4920,36,posgrado,150000,1,0,0,0,-316,-632,0,0,0,0.0,0.0,no
R-4921,30,posgrado,20000,0,0,5,323,24910,22469,26703,0,0,0.0162,3.0,si
R-4922,43,posgrado,200000,0,0,0,145901,144678,140804,5216,5090,5014,0.7295,0.0358,no
R-4923,32,posgrado,140000,0,0,2,90590,97047,102468,8000,7000,15500,0.6471,0.0883,no
R-4924,46,universitaria,410000,0,0,0,5135,2916,13379,2916,13379,5180,0.0125,0.5679,no
R-4925,31,otra,210000,2,0,0,195615,199825,124788,9234,5185,4900,0.9315,0.0472,no
R-4926,32,universitaria,360000,0,0,0,942,3670,33148,3678,33148,1287,0.0026,3.0,no
R-4927,32,universitaria,200000,0,0,0,3254,1988,2780,1998,2795,3117,0.0163,0.614,no
R-4928,36,universitaria,200000,0,0,0,175353,150969,153856,25001,5701,5576,0.8768,0.1426,si
R-4929,42,posgrado,300000,0,0,0,23742,29184,27048,10000,1976,1200,0.0791,0.4212,no
R-4930,34,universitaria,230000,0,0,0,165090,135706,122232,6500,6000,3400,0.7178,0.0394,no
R-4931,36,media,180000,0,0,0,1321,590,584,590,584,1202,0.0073,0.4466,no
R-4932,43,posgrado,120000,0,0,0,165,0,788,0,788,0,0.0014,0.0,no
R-4933,30,universitaria,30000,0,0,0,30210,27826,28672,28000,1600,1500,1.007,0.9268,si
R-4934,30,universitaria,60000,0,0,0,4419,5683,6733,1500,1300,1200,0.0736,0.3394,si
R-4935,31,posgrado,100000,0,0,0,3746,11973,13139,12077,13210,7192,0.0375,3.0,no
R-4936,48,universitaria,80000,0,0,0,74349,75524,77448,3400,4000,2000,0.9294,0.0457,no
R-4937,35,posgrado,40000,0,0,0,0,2277,1521,2277,1521,0,0.0,3.0,no
R-4938,35,universitaria,80000,0,0,0,77298,71051,71239,2515,3000,6000,0.9662,0.0325,no
R-4939,38,universitaria,70000,0,0,0,48421,49620,49976,2006,1362,1268,0.6917,0.0414,no
R-4940,40,universitaria,100000,0,0,0,8853,-1000,389,0,10389,10051,0.0885,0.0,no
R-4941,44,universitaria,90000,0,0,0,16420,17441,18467,1300,1313,1400,0.1824,0.0792,no
R-4942,38,universitaria,420000,0,0,0,293402,297672,304702,10433,12000,13302,0.6986,0.0356,no
R-4943,33,posgrado,350000,0,0,0,6015,8751,686,8797,691,238241,0.0172,1.4625,no
R-4944,44,universitaria,30000,1,0,0,0,0,0,0,0,0,0.0,0.0,no
R-4945,43,posgrado,80000,0,0,0,84437,85065,77727,3093,8000,3000,1.0555,0.0366,no
R-4946,43,universitaria,50000,0,0,0,46594,47585,48887,1768,2070,1280,0.9319,0.0379,si
R-4947,44,otra,160000,0,0,0,151394,153702,156778,5500,7054,6511,0.9462,0.0363,no
R-4948,35,media,30000,0,0,0,28486,28182,26168,2000,3000,5000,0.9495,0.0702,no
R-4949,40,posgrado,220000,0,2,4,1208,534,212,0,538,3089,0.0055,0.0,no
R-4950,53,universitaria,20000,0,0,0,17053,18952,15732,2219,2000,2000,0.8526,0.1301,si
R-4951,49,media,100000,0,0,0,33333,0,0,0,0,0,0.3333,0.0,no
R-4952,61,media,160000,0,0,0,390,390,390,390,390,780,0.0024,1.0,no
R-4953,50,media,210000,0,0,0,4137,390,390,390,390,4962,0.0197,0.0943,si
R-4954,50,posgrado,190000,2,2,10,36137,37143,38051,1900,1800,1700,0.1902,0.0526,si
R-4955,51,posgrado,500000,0,0,0,79461,75952,77726,3000,3000,4000,0.1589,0.0378,no
R-4956,50,universitaria,20000,0,0,2,8639,10483,11016,2000,1000,1500,0.432,0.2315,no
R-4957,61,media,10000,0,0,0,7700,8595,9273,1293,1235,1000,0.77,0.1679,si
R-4958,54,universitaria,130000,0,0,0,129049,63099,57700,3000,2100,2500,0.9927,0.0232,no
R-4959,54,media,100000,0,0,9,37082,46041,59526,10000,15000,15000,0.3708,0.2697,si
R-4960,53,media,400000,0,0,0,15090,17934,21264,4004,5002,10004,0.0377,0.2653,no
R-4961,49,universitaria,20000,0,0,0,18260,19080,18871,1621,1292,1166,0.913,0.0888,si
R-4962,50,otra,240000,0,0,0,236470,242059,235353,9560,9000,8790,0.9853,0.0404,no
R-4963,54,universitaria,130000,0,0,0,89913,90555,93576,3300,5000,4500,0.6916,0.0367,no
R-4964,54,posgrado,500000,0,0,2,10287,15123,9957,5084,49,2270,0.0206,0.4942,no
R-4965,51,universitaria,60000,0,0,0,60114,54902,46956,1902,1650,3200,1.0019,0.0316,no
R-4966,48,universitaria,130000,2,0,0,121409,123106,125614,6000,6592,4000,0.9339,0.0494,si
R-4967,54,universitaria,50000,2,0,0,46431,47028,48063,1756,2181,2175,0.9286,0.0378,no
R-4968,48,posgrado,400000,0,0,0,3173,4265,8403,4265,8427,9096,0.0079,1.3442,no
R-4969,54,posgrado,270000,0,0,0,931,31838,11013,31838,11013,1196,0.0034,3.0,no
R-4970,66,posgrado,400000,0,0,0,279579,258070,77910,10700,47000,1500,0.6989,0.0383,no
R-4971,51,media,110000,0,0,0,2132,1946,27162,1946,27162,2000,0.0194,0.9128,no
R-4972,50,media,50000,2,0,0,8917,10080,11106,1468,1494,1497,0.1783,0.1646,si
R-4973,57,universitaria,50000,0,0,0,46540,48520,47875,2770,2100,1300,0.9308,0.0595,no
R-4974,54,posgrado,150000,0,0,0,4015,499,-948,501,632,0,0.0268,0.1248,si
R-4975,50,universitaria,220000,0,0,4,0,200,200,200,0,0,0.0,3.0,no
R-4976,50,posgrado,740000,0,0,0,321279,316083,317219,13000,13200,11000,0.4342,0.0405,no
R-4977,51,posgrado,290000,0,0,0,225478,225603,216488,10026,10006,7000,0.7775,0.0445,no
R-4978,52,posgrado,420000,0,0,0,11097,16106,10703,16106,10703,14540,0.0264,1.4514,no
R-4979,56,media,250000,0,0,0,6297,8636,17038,8657,23744,5169,0.0252,1.3748,no
R-4980,72,media,300000,0,0,2,4984,752,3737,756,3753,1433,0.0166,0.1517,no
R-4981,54,posgrado,500000,2,2,4,518950,539418,519267,39000,0,19000,1.0379,0.0752,si
R-4982,28,media,150000,0,0,0,100623,101593,101886,4700,4000,4032,0.6708,0.0467,no
R-4983,25,universitaria,360000,0,0,0,20952,12590,3479,12590,3479,3446,0.0582,0.6009,no
R-4984,46,universitaria,70000,0,0,0,70349,70068,71318,2600,3700,2600,1.005,0.037,no
R-4985,33,posgrado,350000,0,0,0,6016,4322,5568,4348,5596,9632,0.0172,0.7227,no
R-4986,27,posgrado,40000,0,0,0,9663,10696,11855,1200,1337,1906,0.2416,0.1242,no
R-4987,28,universitaria,250000,0,0,0,500,3344,2255,3344,2255,1000,0.002,3.0,no
R-4988,25,universitaria,60000,0,0,0,50791,49748,49735,1832,2500,2000,0.8465,0.0361,no
R-4989,21,universitaria,10000,0,0,2,8126,8830,8898,1668,1000,1000,0.8126,0.2053,no
R-4990,22,universitaria,50000,1,1,9,44531,50863,49555,7178,0,1656,0.8906,0.1612,no
R-4991,22,universitaria,20000,0,0,0,17377,18439,19117,1360,1286,1000,0.8688,0.0783,no
R-4992,23,media,50000,0,0,0,29496,30504,30785,1503,1493,1393,0.5899,0.051,no
R-4993,25,universitaria,30000,4,3,12,37695,35146,34637,0,2000,2000,1.2565,0.0,no
R-4994,23,universitaria,30000,2,2,10,12376,13475,12973,1600,0,2700,0.4125,0.1293,si
R-4995,24,universitaria,30000,1,0,0,-5,565,-25,570,25,0,-0.0002,3.0,no
R-4996,23,universitaria,30000,0,0,0,20059,21061,22092,1641,1672,1684,0.6686,0.0818,si
R-4997,22,universitaria,30000,0,0,0,3118,2411,1260,2414,1260,1181,0.1039,0.7742,no
R-4998,23,media,170000,0,0,0,28615,26410,27654,1446,1690,1208,0.1683,0.0505,no
R-4999,23,posgrado,50000,0,0,0,49711,50820,41981,2019,2564,1000,0.9942,0.0406,no
R-5000,29,universitaria,200000,1,0,0,0,0,900,0,900,900,0.0,0.0,no
R-5001,24,posgrado,30000,0,0,0,21540,22236,23574,1358,1696,1705,0.718,0.063,no
R-5002,25,universitaria,30000,1,2,4,30937,32627,31827,2500,0,1200,1.0312,0.0808,no
R-5003,26,universitaria,50000,0,0,0,50952,50836,50055,2700,2000,2700,1.019,0.053,no
R-5004,23,media,50000,2,0,0,32847,29705,15445,1941,1263,1600,0.6569,0.0591,si
R-5005,24,universitaria,50000,2,2,10,41500,39938,41688,0,2700,4960,0.83,0.0,si
R-5006,23,posgrado,50000,2,0,0,49316,49061,47209,4044,2138,1400,0.9863,0.082,si
R-5007,25,universitaria,80000,0,0,0,77440,78418,78015,3500,3000,3500,0.968,0.0452,no
R-5008,25,universitaria,50000,0,0,0,7444,326,326,326,326,15493,0.1489,0.0438,no
R-5009,27,posgrado,170000,0,0,0,41977,38895,39698,1650,4500,4000,0.2469,0.0393,no
R-5010,26,universitaria,210000,0,0,0,15599,11684,2821,1059,1069,1000,0.0743,0.0679,no
R-5011,26,posgrado,160000,1,2,4,100364,97863,100535,0,6497,8001,0.6273,0.0,no
R-5012,27,posgrado,100000,0,0,0,19164,23828,25138,5000,2000,2000,0.1916,0.2609,no
R-5013,24,universitaria,50000,0,0,0,48700,47544,47612,2401,2440,2396,0.974,0.0493,no
R-5014,21,universitaria,20000,0,0,2,14326,15334,18206,1252,3124,0,0.7163,0.0874,no
R-5015,25,posgrado,50000,0,0,0,44984,47217,47748,3000,3000,2000,0.8997,0.0667,no
R-5016,27,universitaria,200000,0,0,0,157768,108932,110405,6000,5000,10000,0.7888,0.038,no
R-5017,27,media,260000,0,0,0,106164,105133,100606,3834,4523,3154,0.4083,0.0361,no
R-5018,28,posgrado,520000,0,0,0,34167,53319,25689,40054,8011,151509,0.0657,1.1723,no
R-5019,22,universitaria,80000,0,0,0,76405,77043,79524,2780,3745,1628,0.9551,0.0364,no
R-5020,25,universitaria,300000,0,0,0,1800,1800,2148,1800,2148,1800,0.006,1.0,no
R-5021,27,universitaria,80000,0,0,0,20540,8985,8941,1985,2287,2287,0.2568,0.0966,no
R-5022,23,posgrado,50000,0,0,0,9861,6486,2636,1000,2636,2500,0.1972,0.1014,no
R-5023,26,universitaria,180000,0,0,0,2406,2410,2057,2410,2057,2392,0.0134,1.0017,no
R-5024,25,universitaria,20000,2,2,6,17496,16923,20319,0,4000,0,0.8748,0.0,no
R-5025,27,posgrado,200000,0,0,0,8666,9737,16013,1224,6500,15000,0.0433,0.1412,no
R-5026,28,universitaria,320000,0,0,0,10668,44197,36538,44462,12000,2000,0.0333,3.0,no
R-5027,28,posgrado,30000,0,0,0,13568,3166,821,3166,821,0,0.4523,0.2333,no
R-5028,24,posgrado,20000,0,0,0,4687,9060,5064,15000,6004,14776,0.2344,3.0,no
R-5029,26,posgrado,350000,0,0,0,0,0,0,0,0,0,0.0,0.0,no
R-5030,27,universitaria,80000,0,0,0,77039,78746,79757,2984,2449,1612,0.963,0.0387,si
R-5031,27,posgrado,100000,0,0,0,40576,41876,42699,1977,1800,2032,0.4058,0.0487,si
R-5032,24,universitaria,150000,1,0,0,-122,16711,8004,16924,8004,521,-0.0008,3.0,no
R-5033,27,posgrado,50000,0,0,0,45190,45277,44941,5277,4941,0,0.9038,0.1168,no
R-5034,23,universitaria,90000,0,0,0,11989,18746,19670,7000,1326,1095,0.1332,0.5839,no
R-5035,23,universitaria,50000,0,0,0,5215,6232,7251,1106,1125,1200,0.1043,0.2121,si
R-5036,30,media,70000,2,2,10,55352,56448,57550,2600,2600,2000,0.7907,0.047,si
R-5037,30,posgrado,300000,0,0,0,53377,54984,56738,2500,2640,2080,0.1779,0.0468,no
R-5038,31,posgrado,350000,0,0,0,49184,20738,47631,20738,27689,21451,0.1405,0.4216,no
R-5039,26,universitaria,100000,2,2,2,88728,86405,88636,0,3639,2347,0.8873,0.0,si
R-5040,26,universitaria,140000,0,0,0,22844,8178,3776,1119,1000,3776,0.1632,0.049,no
R-5041,22,media,50000,0,0,4,46476,47703,51922,2000,5000,1200,0.9295,0.043,no
R-5042,28,media,100000,3,2,18,1250,1250,1250,0,0,0,0.0125,0.0,no
R-5043,27,posgrado,360000,0,0,0,297275,307394,314534,20000,15000,19355,0.8258,0.0673,no
R-5044,25,universitaria,90000,0,0,2,86830,94016,88477,9000,0,4100,0.9648,0.1037,no
R-5045,28,universitaria,50000,0,0,0,15314,16327,17366,1269,1308,1267,0.3063,0.0829,no
R-5046,27,universitaria,210000,0,0,0,46066,38952,29735,1951,3034,3000,0.2194,0.0424,no
R-5047,28,posgrado,140000,0,0,7,47547,55621,54174,9532,0,1900,0.3396,0.2005,si
R-5048,27,universitaria,320000,0,0,0,1175,0,0,0,0,0,0.0037,0.0,no
R-5049,27,universitaria,280000,0,0,0,280913,283222,273160,11052,9563,15017,1.0033,0.0393,no
R-5050,28,posgrado,170000,0,0,2,42062,43170,44283,2000,2000,3000,0.2474,0.0475,no
R-5051,34,universitaria,210000,0,0,0,14724,16465,17694,2000,1500,1500,0.0701,0.1358,no
R-5052,26,universitaria,140000,0,0,2,271896,141057,144306,14000,7200,19000,1.9421,0.0515,si
R-5053,29,universitaria,50000,0,0,0,48529,42955,50543,3000,9000,2000,0.9706,0.0618,no
R-5054,29,posgrado,320000,0,0,0,42596,43548,33674,1955,2020,1605,0.1331,0.0459,no
R-5055,27,universitaria,80000,0,0,0,23424,20510,20330,5000,3500,3000,0.2928,0.2135,no
R-5056,29,posgrado,90000,0,0,0,4034,11387,4387,10400,3400,36139,0.0448,2.5781,no
R-5057,32,posgrado,260000,1,0,0,0,0,0,0,0,0,0.0,0.0,no
R-5058,26,posgrado,120000,1,0,0,-93,936,0,1029,0,680,-0.0008,3.0,no
R-5059,26,posgrado,200000,0,0,4,71574,74755,76945,5000,4000,8000,0.3579,0.0699,si
R-5060,33,media,150000,0,0,0,9516,9998,8336,1100,1074,1000,0.0634,0.1156,no
R-5061,34,posgrado,330000,0,0,0,4577,8400,626,8400,626,626,0.0139,1.8353,no
R-5062,34,universitaria,50000,0,0,0,2791,4563,5000,2000,1200,0,0.0558,0.7166,no
R-5063,34,posgrado,200000,0,0,0,0,0,0,0,0,0,0.0,0.0,no
R-5064,33,universitaria,300000,0,0,0,248832,255686,262075,11000,12000,20002,0.8294,0.0442,no
R-5065,44,universitaria,120000,0,0,0,390,0,780,0,780,337,0.0032,0.0,si
R-5066,37,universitaria,50000,0,0,0,48596,39623,28964,2152,2091,1034,0.9719,0.0443,no
R-5067,44,media,70000,0,0,0,9195,2301,3344,1041,1084,1043,0.1314,0.1132,no
R-5068,39,media,150000,0,0,0,60115,48412,37033,1662,1783,1282,0.4008,0.0276,no
R-5069,46,universitaria,150000,0,0,0,77066,68414,41692,2094,1558,1005,0.5138,0.0272,no
R-5070,37,posgrado,470000,0,0,0,12572,5363,5660,5305,3500,38007,0.0267,0.422,no
R-5071,43,media,390000,1,0,0,0,0,0,0,0,0,0.0,0.0,si
R-5072,40,media,450000,0,0,0,10815,4603,5266,4000,5000,4425,0.024,0.3699,no
R-5073,41,media,80000,0,0,0,59184,58316,56942,2665,2108,2051,0.7398,0.045,no
R-5074,37,posgrado,260000,0,0,0,3821,1316,2609,1316,2609,1017,0.0147,0.3444,no
R-5075,33,universitaria,160000,0,0,0,140122,140225,140745,6500,5211,5000,0.8758,0.0464,no
R-5076,47,universitaria,360000,0,0,0,93431,93784,93753,3389,3357,2973,0.2595,0.0363,no
R-5077,38,media,120000,0,0,0,118016,117738,120127,5720,5820,5670,0.9835,0.0485,no
R-5078,37,universitaria,120000,0,0,0,18486,0,0,0,0,0,0.154,0.0,no
R-5079,40,otra,200000,0,0,0,225480,211608,197824,7263,8857,9117,1.1274,0.0322,no
R-5080,44,posgrado,420000,1,2,2,35545,34332,35097,6,3016,1846,0.0846,0.0002,no
R-5081,28,universitaria,120000,0,0,0,103676,96833,78920,3283,3000,5000,0.864,0.0317,no
R-5082,30,universitaria,320000,0,0,0,91029,84644,87765,5005,15055,16752,0.2845,0.055,no
R-5083,30,universitaria,50000,0,0,2,25422,26456,27835,1450,1800,2000,0.5084,0.057,si
R-5084,30,universitaria,70000,2,2,6,14232,15398,14866,1700,0,1300,0.2033,0.1194,si
R-5085,30,universitaria,120000,0,2,4,5713,1492,0,0,0,6407,0.0476,0.0,no
R-5086,32,posgrado,150000,0,0,0,1999,3769,1999,3769,1999,1999,0.0133,1.8854,no
R-5087,44,universitaria,40000,2,2,10,35515,36176,37490,1550,2200,2170,0.8879,0.0436,si
R-5088,38,posgrado,430000,0,0,0,41092,43095,44692,3000,2300,2000,0.0956,0.073,no
R-5089,47,universitaria,130000,0,0,0,2317,29,2595,3000,3000,1000,0.0178,1.2948,si
R-5090,29,posgrado,90000,0,0,0,91643,90717,89053,3338,3096,4000,1.0183,0.0364,no
R-5091,38,posgrado,210000,0,0,0,13744,14565,13173,5000,3397,3000,0.0654,0.3638,no
R-5092,30,universitaria,220000,0,0,2,152514,150742,142633,7149,8000,5000,0.6932,0.0469,no
R-5093,33,posgrado,360000,0,0,0,20376,17726,18797,1500,2016,1095,0.0566,0.0736,no
R-5094,33,universitaria,160000,0,0,0,9765,2836,824,2836,824,948,0.061,0.2904,no
R-5095,34,universitaria,240000,0,0,0,0,0,0,0,0,0,0.0,0.0,no
R-5096,34,universitaria,100000,0,0,0,14815,10108,8022,2010,1149,3094,0.1482,0.1357,no
R-5097,26,universitaria,40000,0,0,0,28991,24391,13600,1300,1000,0,0.7248,0.0448,no
R-5098,47,universitaria,80000,0,0,0,78849,27733,28009,1433,1489,1457,0.9856,0.0182,no
R-5099,25,posgrado,30000,0,0,0,29668,28732,29752,1500,1505,1500,0.9889,0.0506,no
R-5100,35,posgrado,400000,0,0,0,4689,10043,17883,10097,18057,9368,0.0117,2.1533,no
R-5101,39,universitaria,30000,0,0,0,4042,5060,2300,5327,2300,0,0.1347,1.3179,no
R-5102,46,universitaria,200000,0,0,0,0,0,0,0,0,0,0.0,0.0,no
R-5103,32,universitaria,420000,0,0,0,476396,470185,481811,16007,19031,17014,1.1343,0.0336,no
R-5104,38,media,500000,0,0,0,-40,-40,-40,0,0,0,-0.0001,0.0,no
R-5105,41,media,150000,1,0,0,-1203,49909,46824,51772,2300,2176,-0.008,3.0,no
R-5106,34,universitaria,500000,0,0,0,144774,130097,134810,20053,19000,15000,0.2895,0.1385,no
R-5107,27,universitaria,200000,0,0,0,6369,5830,7254,5830,7254,7164,0.0318,0.9154,no
R-5108,28,posgrado,220000,0,0,0,55477,44109,32978,3000,5000,13500,0.2522,0.0541,no
R-5109,43,posgrado,80000,0,0,0,80958,77783,-478,1556,0,0,1.012,0.0192,no
R-5110,32,posgrado,220000,1,0,0,0,4048,4925,4048,4925,12606,0.0,3.0,no
R-5111,34,universitaria,290000,0,0,0,284150,288493,295333,12000,12500,11000,0.9798,0.0422,no
R-5112,40,universitaria,120000,1,0,0,-200,-200,-200,0,0,0,-0.0017,0.0,no
R-5113,44,universitaria,280000,0,0,0,390,0,780,0,780,0,0.0014,0.0,si
R-5114,38,posgrado,170000,0,0,0,822,-3,1243,0,1246,0,0.0048,0.0,no
R-5115,23,posgrado,50000,0,0,0,15213,16253,17289,1300,1300,1400,0.3043,0.0855,no
R-5116,38,universitaria,240000,0,0,4,32981,47320,46392,15000,0,6000,0.1374,0.4548,no
R-5117,41,universitaria,160000,1,0,0,0,1496,1496,1496,1496,1496,0.0,3.0,no
R-5118,30,posgrado,360000,0,0,0,13861,7795,4489,7884,4808,10044,0.0385,0.5688,no
R-5119,31,media,120000,1,2,2,122806,119325,112976,15,3500,2000,1.0234,0.0001,no
R-5120,31,posgrado,360000,0,0,0,-4,434,0,438,0,0,-0.0,3.0,si
R-5121,30,posgrado,320000,0,0,0,633,8226,12664,8226,12850,1316,0.002,3.0,no
R-5122,31,posgrado,330000,0,0,0,132514,137347,391478,10000,65042,12000,0.4016,0.0755,no
R-5123,31,posgrado,360000,0,0,0,19847,15979,6450,16059,6482,13242,0.0551,0.8091,no
R-5124,32,posgrado,140000,0,0,0,131540,135062,138303,5701,6302,3000,0.9396,0.0433,no
R-5125,41,media,80000,0,0,0,78069,54955,27911,1576,1589,1000,0.9759,0.0202,no
R-5126,37,posgrado,150000,0,0,0,20224,24837,4159,24840,4159,17589,0.1348,1.2282,no
R-5127,32,posgrado,500000,0,0,0,93174,45860,28362,45979,28435,41503,0.1863,0.4935,no
R-5128,38,universitaria,200000,0,0,0,3000,3000,3000,3000,3000,3000,0.015,1.0,no
R-5129,35,universitaria,50000,0,0,0,50521,50466,49821,1649,51869,1884,1.0104,0.0326,no
R-5130,35,universitaria,340000,0,0,0,132,132,132,132,132,132,0.0004,1.0,no
R-5131,28,posgrado,240000,0,0,0,5623,181,1133,181,1133,0,0.0234,0.0322,no
R-5132,38,posgrado,200000,0,0,0,15099,6370,5991,6370,5991,7298,0.0755,0.4219,no
R-5133,38,posgrado,200000,0,0,0,13311,10781,9592,1711,1411,2531,0.0666,0.1285,no
R-5134,45,posgrado,200000,0,0,0,2377,221,0,221,0,0,0.0119,0.093,no
R-5135,45,media,60000,0,0,0,62396,36034,30534,1500,1500,1404,1.0399,0.024,no
R-5136,34,posgrado,210000,1,2,4,3824,2045,0,0,0,322,0.0182,0.0,si
R-5137,33,universitaria,200000,0,0,0,194283,196485,197597,7520,6700,5130,0.9714,0.0387,no
R-5138,45,posgrado,500000,0,0,0,0,0,1742,0,1742,27291,0.0,0.0,no
R-5139,31,universitaria,170000,0,0,0,102477,104499,106657,5210,5323,5402,0.6028,0.0508,no
R-5140,42,media,70000,0,0,2,69362,71775,70050,6000,0,3000,0.9909,0.0865,si
R-5141,32,otra,320000,0,0,0,1145,4133,2488,4135,2488,21238,0.0036,3.0,no
R-5142,38,universitaria,80000,0,0,0,390,390,3529,390,3529,10207,0.0049,1.0,no
R-5143,37,universitaria,140000,0,0,0,326,326,326,326,326,1516,0.0023,1.0,si
R-5144,39,universitaria,20000,0,0,0,20885,20373,19391,2157,1660,1300,1.0442,0.1033,no
R-5145,36,universitaria,80000,1,0,0,4233,14233,15854,14233,15854,10000,0.0529,3.0,no
R-5146,26,universitaria,80000,0,0,0,78872,80301,74349,2800,2800,2400,0.9859,0.0355,no
R-5147,31,posgrado,340000,0,0,0,112119,119230,259489,25000,150000,90168,0.3298,0.223,no
R-5148,35,universitaria,360000,2,2,6,360996,370722,380523,16500,16500,6,1.0028,0.0457,si
R-5149,32,universitaria,90000,0,0,0,86076,87567,78646,3012,3100,3116,0.9564,0.035,no
R-5150,48,media,80000,2,2,6,66321,63695,33283,0,6056,652,0.829,0.0,no
R-5151,34,posgrado,250000,2,0,0,212681,193296,194659,9917,7350,7231,0.8507,0.0466,no
R-5152,41,posgrado,230000,0,0,0,177,0,376,0,376,48042,0.0008,0.0,no
R-5153,35,posgrado,320000,0,2,2,6793,3659,232702,5,232702,3529,0.0212,0.0007,no
R-5154,44,universitaria,50000,2,2,4,26587,29730,28565,3600,0,1500,0.5317,0.1354,si
R-5155,30,posgrado,100000,0,0,0,41150,0,0,0,0,74550,0.4115,0.0,no
R-5156,32,posgrado,260000,0,0,0,1009,2403,1880,2403,1880,0,0.0039,2.3816,no
R-5157,45,posgrado,150000,0,0,0,5423,4133,14279,4133,14296,5990,0.0362,0.7621,no
R-5158,30,universitaria,160000,0,0,0,151620,150984,152705,7300,6004,5170,0.9476,0.0481,no
R-5159,29,posgrado,120000,0,0,2,6385,9262,11793,3000,2691,0,0.0532,0.4699,si
R-5160,30,otra,150000,0,0,0,3826,2970,4015,2978,4026,3704,0.0255,0.7784,no
R-5161,37,universitaria,170000,1,0,0,0,213,2592,213,2592,13204,0.0,3.0,no
R-5162,41,universitaria,80000,0,0,0,264,264,264,264,264,264,0.0033,1.0,no
R-5163,33,universitaria,70000,0,0,15,56778,75037,73326,20000,0,0,0.8111,0.3522,no
R-5164,40,universitaria,60000,2,0,0,60211,55996,54178,3000,2000,2000,1.0035,0.0498,no
R-5165,40,media,360000,0,0,0,44518,46285,37917,8061,5043,8160,0.1237,0.1811,no
R-5166,35,universitaria,130000,0,0,0,105976,108127,110356,5400,5460,4033,0.8152,0.051,no
R-5167,37,universitaria,280000,0,0,0,213581,197238,193638,9000,10000,8000,0.7628,0.0421,no
R-5168,47,universitaria,80000,2,0,0,80019,81145,79171,3111,3667,3063,1.0002,0.0389,si
R-5169,32,universitaria,200000,0,0,0,166428,157908,150977,6026,6007,5000,0.8321,0.0362,no
R-5170,46,universitaria,280000,0,0,4,29523,154398,151984,126000,3000,0,0.1054,3.0,no
R-5171,35,universitaria,20000,0,0,0,15284,15303,14724,6230,1500,1500,0.7642,0.4076,no
R-5172,44,universitaria,80000,0,0,0,75901,74911,72172,3500,3205,3300,0.9488,0.0461,no
R-5173,29,universitaria,290000,0,0,0,7324,8174,8389,1130,1502,1300,0.0253,0.1543,no
R-5174,29,posgrado,650000,1,0,0,21289,518,216,3000,1000,2500,0.0328,0.1409,no
R-5175,30,posgrado,230000,2,0,0,63064,62725,61465,2800,2158,2610,0.2742,0.0444,si
R-5176,32,universitaria,400000,0,0,0,234779,240496,247813,5784,7395,7506,0.5869,0.0246,no
R-5177,30,universitaria,490000,0,0,0,195330,200768,206026,8683,10021,8017,0.3986,0.0445,no
R-5178,33,posgrado,230000,0,0,0,5869,11556,156,11556,156,2403,0.0255,1.969,no
R-5179,33,universitaria,180000,0,0,0,11281,3405,22630,3411,22657,7777,0.0627,0.3024,no
R-5180,35,posgrado,340000,0,0,0,732,1604,-1294,1618,27,20072,0.0022,2.2104,no
R-5181,43,posgrado,520000,0,0,0,146124,145785,147972,6024,18069,30000,0.281,0.0412,no
R-5182,28,posgrado,280000,0,2,4,5432,2146,1688,0,1688,1226,0.0194,0.0,no
R-5183,29,posgrado,240000,0,0,0,28438,29923,7655,29923,7655,23925,0.1185,1.0522,no
R-5184,32,otra,500000,0,0,0,139255,52757,24273,2040,1292,9555,0.2785,0.0146,no
R-5185,32,posgrado,240000,0,0,0,6101,1202,3227,1205,3236,4051,0.0254,0.1975,no
R-5186,33,posgrado,230000,1,2,2,4213,1922,5346,0,5500,4000,0.0183,0.0,si
R-5187,37,universitaria,160000,0,0,0,7596,898,850,920,852,1759,0.0475,0.1211,no
R-5188,36,universitaria,20000,1,2,10,16161,17596,17031,2000,0,3300,0.8081,0.1238,no
R-5189,43,posgrado,240000,0,0,0,7994,20487,27770,20487,27783,22920,0.0333,2.5628,no
R-5190,46,posgrado,210000,0,0,0,0,477,971,477,972,0,0.0,3.0,no
R-5191,37,universitaria,160000,2,2,10,144255,147333,143786,6900,200,12000,0.9016,0.0478,no
R-5192,27,posgrado,140000,0,0,0,2116,11028,9778,11033,9803,1004,0.0151,3.0,no
R-5193,27,posgrado,100000,1,2,2,77346,75513,77147,0,3451,3000,0.7735,0.0,si
R-5194,38,universitaria,80000,0,0,0,0,0,0,0,0,0,0.0,0.0,no
R-5195,35,posgrado,180000,0,0,0,7210,370,8479,370,8875,792,0.0401,0.0513,no
R-5196,30,universitaria,100000,0,0,0,100037,101163,102712,3607,4001,2449,1.0004,0.0361,no
R-5197,30,posgrado,200000,0,0,0,38540,38898,39669,1928,1699,1557,0.1927,0.05,no
R-5198,47,universitaria,220000,0,0,0,1526,1122,-11,1122,0,12608,0.0069,0.7353,no
R-5199,40,universitaria,10000,0,0,0,9135,0,1912,0,1912,1200,0.9135,0.0,no
R-5200,48,universitaria,230000,0,0,0,344458,320215,298031,11000,12500,11000,1.4976,0.0319,no
R-5201,33,posgrado,200000,0,0,0,285,0,0,0,0,0,0.0014,0.0,no
R-5202,35,posgrado,500000,0,0,0,3290,10881,2517,11000,2517,2957,0.0066,3.0,si
R-5203,44,posgrado,210000,0,0,0,112817,113349,113725,5000,6000,5000,0.5372,0.0443,no
R-5204,30,universitaria,130000,0,0,0,38967,40320,41324,2000,1700,2000,0.2997,0.0513,no
R-5205,45,universitaria,80000,0,0,0,67142,68052,68690,2420,2511,2512,0.8393,0.036,no
R-5206,35,posgrado,230000,0,0,0,22909,0,0,0,0,0,0.0996,0.0,no
R-5207,33,posgrado,170000,0,0,0,1554,360,1562,360,1562,844,0.0091,0.2317,no
R-5208,31,posgrado,310000,0,0,0,175357,168933,163384,6006,7006,10000,0.5657,0.0343,no
R-5209,29,universitaria,200000,0,0,0,8350,14139,3580,14185,7425,6386,0.0418,1.6988,si
R-5210,45,media,160000,0,0,0,2869,2357,5608,2361,5608,1851,0.0179,0.8229,no
R-5211,37,posgrado,360000,0,0,0,268,257074,66458,260416,72200,0,0.0007,3.0,no
R-5212,38,universitaria,100000,0,0,0,96707,89842,82669,4070,4025,2511,0.9671,0.0421,no
R-5213,38,media,50000,0,0,0,50312,50145,49386,6000,3120,4300,1.0062,0.1193,no
R-5214,47,media,270000,0,0,4,123,123,123,123,123,0,0.0005,1.0,si
R-5215,32,media,160000,0,0,0,1375,3503,2688,3645,2688,2142,0.0086,2.6509,si
R-5216,31,universitaria,330000,0,0,0,1732,1349,1366,1000,1400,1400,0.0052,0.5774,no
R-5217,36,posgrado,260000,0,0,0,203755,210668,182863,15000,10000,15000,0.7837,0.0736,no
R-5218,30,universitaria,80000,1,2,6,69942,68219,75688,0,8600,0,0.8743,0.0,si
R-5219,31,posgrado,210000,0,0,0,1332,3825,33515,3848,33515,48075,0.0063,2.8889,no
R-5220,28,posgrado,240000,0,0,0,1981,-2076,-2076,0,0,0,0.0083,0.0,no
R-5221,29,universitaria,230000,0,0,0,0,4375,1225,4375,1225,401,0.0,3.0,no
R-5222,30,posgrado,360000,0,0,0,13395,28327,6257,20460,6257,2967,0.0372,1.5274,no
R-5223,34,posgrado,210000,0,0,0,2501,639,699,639,699,0,0.0119,0.2555,si
R-5224,32,universitaria,90000,0,0,0,88729,88533,91001,3500,3908,4328,0.9859,0.0394,no
R-5225,46,universitaria,30000,1,2,2,26840,25311,25906,0,1804,1200,0.8947,0.0,no
R-5226,37,posgrado,280000,0,0,0,733,168,786,168,786,1028,0.0026,0.2292,no
R-5227,38,universitaria,490000,0,0,0,0,0,0,0,0,0,0.0,0.0,no
R-5228,29,universitaria,260000,0,0,0,16496,15610,7486,8027,3000,3000,0.0634,0.4866,no
R-5229,41,media,200000,0,0,2,3000,187,1306,187,1306,3332,0.015,0.0623,no
R-5230,35,universitaria,350000,0,0,2,439,884,421,884,0,267,0.0013,2.0137,si
R-5231,29,media,360000,0,0,0,4887,4982,4851,5005,4851,4784,0.0136,1.0241,no
R-5232,32,posgrado,240000,2,2,10,209368,204501,223137,0,22000,8500,0.8724,0.0,si
R-5233,44,universitaria,160000,0,0,0,118809,125323,170449,10000,50000,20000,0.7426,0.0842,no
R-5234,42,universitaria,160000,2,2,2,346,0,0,0,0,0,0.0022,0.0,no
R-5235,36,posgrado,360000,0,0,2,308711,305594,306176,11000,13000,11019,0.8575,0.0356,no
R-5236,40,posgrado,380000,0,0,0,4366,2566,4174,2566,4174,192,0.0115,0.5877,si
R-5237,34,universitaria,170000,0,0,0,85235,81462,59800,5000,3400,3000,0.5014,0.0587,no
R-5238,38,posgrado,100000,0,0,0,68916,66762,68566,3000,5000,2436,0.6892,0.0435,no
R-5239,32,posgrado,300000,0,0,0,880,788,10742,788,10774,1353,0.0029,0.8955,si
R-5240,27,universitaria,200000,0,0,0,7886,7101,5378,4500,3378,5501,0.0394,0.5706,no
R-5241,31,media,120000,0,0,0,396,396,396,396,396,396,0.0033,1.0,no
R-5242,32,posgrado,500000,0,0,0,422713,406204,415664,15000,16000,15000,0.8454,0.0355,no
R-5243,32,posgrado,280000,0,0,0,5855,13645,9127,13713,9171,9705,0.0209,2.3421,no
R-5244,35,universitaria,90000,0,0,0,5488,2380,0,1000,0,1700,0.061,0.1822,no
R-5245,34,universitaria,50000,0,0,0,31673,27572,29022,1449,1899,1245,0.6335,0.0457,no
R-5246,34,media,50000,0,0,0,390,390,390,390,390,11779,0.0078,1.0,no
R-5247,45,posgrado,170000,0,0,0,166388,165243,156688,7300,7067,6443,0.9788,0.0439,no
R-5248,43,media,30000,0,3,7,10330,10040,10903,0,1149,101,0.3443,0.0,no
R-5249,30,posgrado,320000,0,0,0,10283,2488,5187,2488,5209,11735,0.0321,0.242,no
R-5250,36,universitaria,500000,0,0,0,261502,286708,311641,30000,30000,20507,0.523,0.1147,no
R-5251,41,universitaria,450000,0,0,0,104624,28114,19758,28114,1424,12518,0.2325,0.2687,no
R-5252,37,posgrado,100000,0,0,0,68760,70113,71567,3095,3181,2628,0.6876,0.045,no
R-5253,43,posgrado,200000,1,0,2,0,2112,723,2112,981,150,0.0,3.0,no
R-5254,35,posgrado,140000,0,0,0,111941,114389,116956,5800,5900,5800,0.7996,0.0518,no
R-5255,36,universitaria,150000,0,0,2,11085,2500,190,2507,190,3180,0.0739,0.2262,no
R-5256,32,posgrado,220000,0,0,0,217636,221834,222830,8000,18000,7000,0.9893,0.0368,no
R-5257,42,posgrado,160000,0,0,0,3346,4420,3062,4420,3062,6119,0.0209,1.321,no
R-5258,49,universitaria,360000,0,0,0,801,908,1081,913,1081,1538,0.0022,1.1398,no
R-5259,50,media,230000,0,0,0,2789,2942,2520,2942,2520,2936,0.0121,1.0549,no
R-5260,49,media,70000,1,2,8,9915,9607,11913,0,2468,1100,0.1416,0.0,no
R-5261,49,universitaria,210000,0,0,0,991,4045,4056,6035,4056,65825,0.0047,3.0,si
R-5262,51,media,20000,0,0,0,13184,14200,16958,1242,3000,3000,0.6592,0.0942,no
R-5263,50,universitaria,200000,0,0,0,4701,3146,4486,2310,3518,12537,0.0235,0.4914,no
R-5264,50,media,50000,0,0,0,36149,38078,36766,3000,10000,5000,0.723,0.083,si
R-5265,65,media,80000,0,0,0,82074,80260,82116,3470,3750,3520,1.0259,0.0423,no
R-5266,50,posgrado,240000,0,0,0,498,-2,497,0,499,0,0.0021,0.0,no
R-5267,55,media,80000,1,0,0,78910,80362,77986,84361,3837,3141,0.9864,1.0691,no
R-5268,54,universitaria,50000,0,0,0,50566,49717,49661,2102,2013,1747,1.0113,0.0416,no
R-5269,56,posgrado,10000,1,2,6,12006,6367,9839,1000,4000,0,1.2006,0.0833,no
R-5270,52,universitaria,60000,1,2,2,28934,27122,27774,0,1481,1444,0.4822,0.0,no
R-5271,58,posgrado,160000,0,0,0,749,3883,3584,3894,3594,2246,0.0047,3.0,si
R-5272,51,media,10000,0,0,4,4416,6733,6480,2400,0,1131,0.4416,0.5435,no
R-5273,63,posgrado,280000,0,0,0,-200,-200,-200,0,0,0,-0.0007,0.0,si
R-5274,59,universitaria,110000,0,0,0,100800,40387,37689,1914,2000,2000,0.9164,0.019,no
R-5275,51,media,30000,1,2,4,30128,31325,29953,2000,0,1962,1.0043,0.0664,no
R-5276,52,universitaria,490000,0,0,0,7357,2779,22595,2779,22595,762,0.015,0.3777,no
R-5277,54,media,20000,0,0,0,16120,17160,18083,1308,1231,1244,0.806,0.0811,si
R-5278,51,universitaria,30000,1,2,9,16490,18908,18321,3000,0,1900,0.5497,0.1819,si
R-5279,59,media,140000,1,2,2,63654,62042,63445,0,3000,2000,0.4547,0.0,no
R-5280,51,universitaria,200000,0,0,0,2433,735,735,735,735,2301,0.0122,0.3021,no
R-5281,54,media,520000,0,0,0,653062,671563,689627,28500,30500,30000,1.2559,0.0436,no
R-5282,53,media,90000,0,0,0,827,0,2469,0,2469,827,0.0092,0.0,no
R-5283,59,universitaria,80000,0,0,0,80893,79175,78713,2799,3300,3600,1.0112,0.0346,si
R-5284,51,media,50000,0,0,0,44788,45471,46394,2352,2275,2398,0.8958,0.0525,si
R-5285,51,universitaria,50000,0,0,0,50566,50050,37005,1738,1746,1289,1.0113,0.0344,no
R-5286,51,media,200000,1,0,0,-186,846,1350,1032,1350,13534,-0.0009,3.0,no
R-5287,52,media,220000,2,0,0,220053,222857,196510,9000,6100,6000,1.0002,0.0409,si
R-5288,53,media,250000,1,0,0,-13,3823,839,3836,839,0,-0.0001,3.0,no
R-5289,27,posgrado,200000,0,0,2,186778,206582,201714,23000,157,10000,0.9339,0.1231,si
R-5290,55,media,80000,2,2,2,71905,70150,72017,0,3000,3000,0.8988,0.0,si
R-5291,39,media,230000,0,0,0,53672,75305,56484,25000,5000,5000,0.2334,0.4658,no
R-5292,24,universitaria,50000,0,0,0,5599,6696,7783,1200,1200,1200,0.112,0.2143,no
R-5293,23,universitaria,30000,1,2,2,29772,28707,29235,0,1600,1000,0.9924,0.0,no
R-5294,23,posgrado,20000,0,0,0,19247,18055,2059,2500,1100,1500,0.9624,0.1299,no
R-5295,24,universitaria,50000,0,0,0,999,593,-7,594,0,2643,0.02,0.5946,no
R-5296,23,universitaria,20000,0,0,11,10208,14972,17432,4972,3000,2700,0.5104,0.4871,si
R-5297,22,media,50000,2,0,0,47021,48423,44450,2543,2150,956,0.9404,0.0541,si
R-5298,23,universitaria,20000,0,0,2,14784,15483,18109,1253,2879,0,0.7392,0.0848,no
R-5299,22,posgrado,20000,0,0,0,16620,17446,18534,2000,2000,1278,0.831,0.1203,no
R-5300,25,universitaria,30000,0,0,0,7653,8864,10062,1500,1500,2000,0.2551,0.196,si
R-5301,24,posgrado,50000,0,0,0,20472,19077,20094,1700,1641,1600,0.4094,0.083,no
R-5302,24,universitaria,90000,0,0,0,86724,91394,78767,7016,3800,2406,0.9636,0.0809,no
R-5303,26,universitaria,170000,0,0,0,145354,143279,87885,8000,3500,4000,0.855,0.055,si
R-5304,24,universitaria,10000,1,2,10,6496,6246,8965,0,3000,0,0.6496,0.0,si
R-5305,24,posgrado,50000,0,0,2,30011,35743,34435,7000,416,3000,0.6002,0.2332,no
R-5306,25,universitaria,10000,0,0,0,3684,4715,5785,1100,1155,1500,0.3684,0.2986,si
R-5307,26,universitaria,20000,0,0,0,18838,15349,0,1200,0,0,0.9419,0.0637,no
R-5308,25,universitaria,70000,0,0,0,60719,61607,68091,2500,7500,3182,0.8674,0.0412,no
R-5309,28,posgrado,150000,0,0,0,145728,145240,148755,5002,6009,3259,0.9715,0.0343,no
R-5310,27,posgrado,60000,0,0,0,2165,18214,13172,18214,13000,2000,0.0361,3.0,no
R-5311,26,posgrado,40000,1,0,0,0,0,0,0,0,0,0.0,0.0,no
R-5312,25,universitaria,20000,1,2,2,19099,18114,18437,0,1370,1200,0.955,0.0,no
R-5313,25,universitaria,10000,0,0,0,7806,8615,7851,1114,1292,1145,0.7806,0.1427,si
R-5314,29,posgrado,210000,1,2,2,26845,23283,11896,66,2524,1311,0.1278,0.0025,no
R-5315,29,posgrado,360000,0,0,0,6001,5868,-1,5874,1,593,0.0167,0.9788,no
R-5316,27,posgrado,130000,0,0,0,1439,3548,1958,3555,1010,1466,0.0111,2.4705,no
R-5317,25,posgrado,50000,0,0,0,45626,16533,10745,3000,9537,5000,0.9125,0.0658,no
R-5318,27,media,160000,2,2,4,70373,80166,34775,11450,0,142848,0.4398,0.1627,si
R-5319,26,posgrado,200000,0,0,0,26230,2829,6721,2829,4000,780,0.1312,0.1079,no
R-5320,22,posgrado,10000,0,0,0,1483,46,915,46,915,352,0.1483,0.031,no
R-5321,27,posgrado,140000,0,0,0,130905,122390,122024,6067,6723,4069,0.935,0.0463,no
R-5322,29,universitaria,200000,0,0,2,10538,16201,20926,6201,5000,0,0.0527,0.5884,si
R-5323,31,posgrado,470000,0,0,0,99931,95096,80388,5070,4019,2019,0.2126,0.0507,no
R-5324,27,posgrado,190000,2,2,6,114355,124449,121093,13500,0,5500,0.6019,0.1181,si
R-5325,30,posgrado,180000,1,1,1,143900,0,0,10000,0,0,0.7994,0.0695,no
R-5326,30,posgrado,80000,0,0,0,40276,41897,45535,5000,7000,4000,0.5034,0.1241,no
R-5327,29,posgrado,180000,0,0,0,3810,6406,629,6406,629,11545,0.0212,1.6814,no
R-5328,27,universitaria,80000,0,0,0,79690,80976,57827,3181,2050,1684,0.9961,0.0399,no
R-5329,28,posgrado,160000,0,0,0,2235,13695,390,13695,390,4080,0.014,3.0,no
R-5330,31,posgrado,360000,0,0,0,81740,81980,90216,8000,10055,10000,0.2271,0.0979,no
R-5331,31,posgrado,390000,0,0,0,54007,62761,10373,49188,10411,6830,0.1385,0.9108,no
R-5332,32,posgrado,220000,0,0,0,100226,102103,103701,5200,5500,4700,0.4556,0.0519,no
R-5333,30,universitaria,290000,0,0,0,10823,13226,652,3000,978,0,0.0373,0.2772,no
R-5334,31,universitaria,130000,0,0,0,122486,116437,112881,6013,4911,3533,0.9422,0.0491,si
R-5335,29,universitaria,70000,0,0,0,53700,53938,47852,2200,8808,2200,0.7671,0.041,no
R-5336,29,posgrado,160000,1,0,0,0,0,0,0,0,0,0.0,0.0,si
R-5337,27,posgrado,100000,0,0,0,100751,99777,99479,3592,4252,2620,1.0075,0.0357,no
R-5338,29,posgrado,360000,0,0,0,6906,4893,508,4893,508,0,0.0192,0.7085,no
R-5339,34,media,250000,0,0,0,0,0,0,0,0,0,0.0,0.0,si
R-5340,46,posgrado,500000,0,0,0,11100,16966,10000,16966,10000,14218,0.0222,1.5285,no
R-5341,48,media,230000,0,0,2,20271,21979,20924,5034,0,2000,0.0881,0.2483,no
R-5342,38,media,130000,0,0,0,6360,5375,5476,1088,1189,2646,0.0489,0.1711,no
R-5343,47,media,80000,0,0,0,70062,19669,20696,1321,1348,1361,0.8758,0.0189,no
R-5344,48,universitaria,140000,1,2,10,86114,87896,89397,4100,3800,3500,0.6151,0.0476,si
R-5345,37,posgrado,390000,0,0,0,73,10925,0,10952,0,0,0.0002,3.0,si
R-5346,45,posgrado,290000,0,0,0,2316,2131,2476,2143,2485,9793,0.008,0.9253,no
R-5347,37,media,350000,0,0,0,70257,73151,47298,20001,5045,3000,0.2007,0.2847,no
R-5348,34,universitaria,440000,0,0,0,267475,237324,186359,10506,8833,5456,0.6079,0.0393,no
R-5349,49,otra,200000,0,0,0,49221,49599,50942,1689,2164,2500,0.2461,0.0343,no
R-5350,45,posgrado,500000,0,0,0,1302,5230,3373,5308,3527,14133,0.0026,3.0,si
R-5351,38,universitaria,20000,1,3,7,26288,23822,22922,0,1500,18,1.3144,0.0,no
R-5352,47,posgrado,460000,0,0,0,0,0,0,0,0,0,0.0,0.0,si
R-5353,39,universitaria,140000,1,0,0,10091,18324,8808,18539,1000,27329,0.0721,1.8372,no
R-5354,37,universitaria,110000,0,0,0,68773,69527,76273,3500,10000,3500,0.6252,0.0509,no
R-5355,38,posgrado,170000,0,0,0,2430,2430,2430,2430,2430,2430,0.0143,1.0,no
R-5356,36,universitaria,150000,2,2,10,47529,40605,39394,17,3105,2,0.3169,0.0004,si
R-5357,38,media,200000,0,0,0,101254,105254,121893,16002,30039,15019,0.5063,0.158,no
R-5358,37,universitaria,140000,0,0,0,64372,64937,59133,2300,2200,2000,0.4598,0.0357,no
R-5359,41,media,10000,0,0,3,6270,7303,8375,1300,1350,1200,0.627,0.2073,no
R-5360,44,universitaria,210000,1,2,4,89567,85552,86595,0,4100,7200,0.4265,0.0,si
R-5361,39,otra,280000,0,0,0,227604,218526,196479,7670,7221,7091,0.8129,0.0337,no
R-5362,28,universitaria,10000,1,2,10,3717,3659,5640,150,2200,0,0.3717,0.0404,si
R-5363,46,posgrado,80000,2,2,6,57477,58539,59722,2600,2700,0,0.7185,0.0452,si
R-5364,40,universitaria,240000,0,0,0,11671,10030,8132,1810,1151,2029,0.0486,0.1551,no
R-5365,34,posgrado,350000,0,0,0,120198,122480,82329,5900,3300,4089,0.3434,0.0491,no
R-5366,42,media,250000,0,0,0,41300,0,0,0,0,0,0.1652,0.0,no
R-5367,36,universitaria,410000,0,0,0,421227,416160,419988,15050,16000,13100,1.0274,0.0357,no
R-5368,40,universitaria,360000,0,0,0,69464,55638,43429,10034,15011,45919,0.193,0.1444,no
R-5369,44,universitaria,100000,0,0,0,390,390,390,390,390,390,0.0039,1.0,no
R-5370,46,posgrado,80000,0,0,0,52674,58068,28116,9000,7000,5004,0.6584,0.1709,no
R-5371,34,posgrado,400000,0,0,0,43711,37077,70369,37954,71577,15973,0.1093,0.8683,no
R-5372,45,universitaria,300000,0,0,0,360,360,360,360,360,360,0.0012,1.0,no
R-5373,39,universitaria,160000,1,3,11,47675,47243,48328,500,2000,1800,0.298,0.0105,no
R-5374,38,posgrado,220000,0,0,0,209044,211453,217237,7705,9656,7189,0.9502,0.0369,no
R-5375,35,universitaria,310000,0,0,0,124617,126982,125072,6015,5006,5006,0.402,0.0483,no
R-5376,42,universitaria,350000,0,0,0,195639,196554,177597,7200,7000,7007,0.559,0.0368,no
R-5377,41,media,10000,0,0,0,4520,3483,6862,2000,4946,2000,0.452,0.4425,no
R-5378,33,universitaria,30000,0,0,0,59867,28357,29312,1500,1433,1500,1.9956,0.0251,si
R-5379,35,universitaria,130000,0,0,0,129902,134400,0,7000,0,0,0.9992,0.0539,no
R-5380,47,media,50000,0,0,0,15019,16026,17257,1263,1494,25105,0.3004,0.0841,no
R-5381,45,posgrado,310000,0,0,0,8918,13813,6099,14000,6129,6286,0.0288,1.5699,no
R-5382,40,universitaria,80000,0,0,0,72185,76854,72408,12660,4573,3500,0.9023,0.1754,no
R-5383,37,posgrado,280000,0,0,0,1695,5827,10190,6644,10200,2355,0.0061,3.0,no
R-5384,38,posgrado,100000,0,0,0,46717,48435,49854,2500,2500,3000,0.4672,0.0535,si
R-5385,34,universitaria,100000,0,0,0,19138,6630,4958,1100,1254,1000,0.1914,0.0575,no
R-5386,41,media,290000,0,0,0,293281,268030,157691,7948,22429,5530,1.0113,0.0271,no
R-5387,33,universitaria,10000,0,0,0,10146,9352,9919,1158,1200,1137,1.0146,0.1141,no
R-5388,29,posgrado,320000,0,0,0,46758,31422,33619,2563,9842,24709,0.1461,0.0548,no
R-5389,34,otra,150000,0,0,0,92000,94000,96000,2000,2000,2000,0.6133,0.0217,no
R-5390,30,universitaria,140000,0,0,0,44300,54700,34050,54700,34050,3000,0.3164,1.2348,no
R-5391,43,posgrado,500000,1,0,0,0,0,0,0,0,0,0.0,0.0,no
R-5392,45,universitaria,300000,1,0,0,114324,238058,236220,244500,8613,8000,0.3811,2.1387,si
R-5393,34,universitaria,120000,0,0,0,1236,856,856,856,856,856,0.0103,0.6926,no
R-5394,30,posgrado,220000,0,0,0,2895,-1,-1,0,0,301,0.0132,0.0,no
R-5395,41,universitaria,130000,0,0,0,124391,126032,123746,4442,5200,5012,0.9569,0.0357,no
R-5396,37,universitaria,130000,0,0,6,25991,28053,30891,2500,3300,0,0.1999,0.0962,si
R-5397,46,media,70000,1,2,10,11300,10822,13633,0,3000,0,0.1614,0.0,si
R-5398,29,universitaria,60000,0,0,0,50901,54050,54555,4000,2500,2000,0.8484,0.0786,no
R-5399,38,posgrado,500000,0,0,0,0,0,0,0,0,8086,0.0,0.0,no
R-5400,34,posgrado,360000,0,0,0,350178,359050,366591,15000,15502,13801,0.9727,0.0428,no
R-5401,48,universitaria,240000,0,0,0,236767,236769,238769,8622,8922,8519,0.9865,0.0364,no
R-5402,30,universitaria,60000,0,0,2,921,1498,749,1498,0,749,0.0154,1.6265,no
R-5403,45,media,240000,0,0,0,135367,135091,133047,6300,4800,4737,0.564,0.0465,no
R-5404,30,posgrado,100000,2,2,6,33217,34372,33543,2000,0,1580,0.3322,0.0602,si
R-5405,46,posgrado,50000,0,0,4,13176,15945,17180,3000,1500,2000,0.2635,0.2277,no
R-5406,40,media,20000,3,2,10,300,300,300,0,0,0,0.015,0.0,si
R-5407,40,media,300000,0,0,0,39883,42349,44095,3000,2600,3000,0.1329,0.0752,no
R-5408,42,universitaria,50000,0,0,0,7217,8291,9649,1200,1500,1500,0.1443,0.1663,no
R-5409,48,media,200000,0,0,0,2772,3831,8640,4127,8683,436,0.0139,1.4888,no
R-5410,27,universitaria,80000,1,2,2,3751,832,2696,2,2704,1461,0.0469,0.0005,si
R-5411,28,posgrado,120000,0,0,0,120942,118576,118240,4585,5923,4533,1.0078,0.0379,no
R-5412,32,posgrado,250000,3,2,10,2500,2500,2500,0,0,0,0.01,0.0,si
R-5413,32,posgrado,330000,0,0,0,16352,0,0,0,0,0,0.0496,0.0,si
R-5414,32,universitaria,470000,0,0,0,176838,181224,143173,9000,7000,6000,0.3763,0.0509,no
R-5415,45,media,150000,0,0,0,6129,6051,5901,6051,5901,671,0.0409,0.9873,no
R-5416,35,universitaria,30000,1,0,2,0,26232,29093,26232,3300,0,0.0,3.0,si
R-5417,42,media,280000,1,0,0,-191,-191,5612,0,6100,4000,-0.0007,0.0,no
R-5418,41,universitaria,190000,0,0,2,66506,67540,116043,3000,50030,130,0.35,0.0451,no
R-5419,37,posgrado,220000,0,0,0,8821,17039,7113,20059,7540,9571,0.0401,2.274,no
R-5420,49,posgrado,130000,2,2,10,68739,70024,68345,3000,0,5900,0.5288,0.0436,si
R-5421,42,media,150000,0,0,0,148826,148568,151864,6000,6012,5012,0.9922,0.0403,no
R-5422,31,universitaria,90000,0,0,2,77107,93894,91508,20000,0,3752,0.8567,0.2594,no
R-5423,34,universitaria,170000,1,0,0,-8,-8,2698,0,2706,6954,-0.0,0.0,no
R-5424,32,posgrado,360000,0,0,0,7462,2708,5562,2721,5588,3924,0.0207,0.3646,no
R-5425,42,media,80000,0,0,2,11204,17587,17405,6922,441,3450,0.14,0.6178,no
R-5426,39,posgrado,240000,0,0,0,14719,3192,4389,3192,4397,10179,0.0613,0.2169,no
R-5427,42,universitaria,30000,2,0,0,29492,29329,30720,1488,1879,1624,0.9831,0.0505,no
R-5428,35,posgrado,80000,0,0,0,52132,52568,54108,3000,3000,3000,0.6516,0.0575,no
R-5429,48,media,100000,0,0,4,390,780,390,780,0,0,0.0039,2.0,si
R-5430,46,posgrado,80000,2,2,10,40509,40551,42592,1000,3000,1700,0.5064,0.0247,no
R-5431,45,media,150000,0,0,0,389,349,8362,350,8403,886,0.0026,0.8997,no
R-5432,42,media,140000,0,0,0,137952,141168,143215,7000,6110,5000,0.9854,0.0507,no
R-5433,46,posgrado,250000,0,0,0,0,0,500,0,500,0,0.0,0.0,si
R-5434,41,posgrado,360000,0,0,0,316,736,2178,736,2178,316,0.0009,2.3291,si
R-5435,39,universitaria,100000,0,0,0,91300,0,0,0,0,0,0.913,0.0,no
R-5436,46,posgrado,380000,1,0,0,0,0,0,0,0,0,0.0,0.0,no
R-5437,35,universitaria,240000,0,0,0,18392,16427,16475,1505,1327,1500,0.0766,0.0818,no
R-5438,30,universitaria,100000,0,0,0,37218,33720,24666,1641,1200,1000,0.3722,0.0441,no
R-5439,43,media,10000,0,0,0,9545,10443,7329,1117,1125,2139,0.9545,0.117,no
R-5440,32,posgrado,50000,0,0,9,15068,18303,20107,3500,2400,0,0.3014,0.2323,si
R-5441,30,universitaria,280000,0,3,5,652,652,326,0,0,476,0.0023,0.0,no
R-5442,49,posgrado,400000,0,0,0,38810,58265,49415,58265,49415,0,0.097,1.5013,no
R-5443,41,posgrado,180000,1,2,8,114952,117567,119314,6000,5100,5000,0.6386,0.0522,si
R-5444,31,posgrado,100000,0,0,0,30505,31509,32597,1509,1597,1520,0.305,0.0495,si
R-5445,39,universitaria,50000,0,0,0,26842,23540,16980,2500,2010,1500,0.5368,0.0931,no
R-5446,30,media,20000,0,0,0,19131,17834,18790,1500,1400,0,0.9566,0.0784,no
R-5447,33,universitaria,200000,0,0,0,2104,998,846,1003,848,12323,0.0105,0.4767,no
R-5448,33,posgrado,440000,0,0,0,2976,16911,5945,16911,5945,17165,0.0068,3.0,no
R-5449,37,posgrado,500000,0,0,0,50140,45984,44584,1862,1593,1538,0.1003,0.0371,no
R-5450,33,posgrado,350000,0,0,0,2394,1685,563,1685,569,7572,0.0068,0.7038,si
R-5451,38,universitaria,200000,1,2,6,185471,189921,193731,9000,8300,0,0.9274,0.0485,no
R-5452,43,universitaria,50000,0,0,0,29308,20491,20846,2000,1340,1298,0.5862,0.0682,si
R-5453,31,posgrado,180000,0,0,0,6383,3166,13346,3200,13500,4195,0.0355,0.5013,no
R-5454,36,media,50000,0,0,0,44917,46230,49319,2061,4150,2232,0.8983,0.0459,no
R-5455,36,media,430000,0,0,0,35488,39897,48916,5000,10000,4000,0.0825,0.1409,no
R-5456,48,media,200000,0,0,0,7331,4760,3529,4780,3529,11726,0.0367,0.652,no
R-5457,35,posgrado,180000,0,0,0,52160,46545,43604,3022,3005,3002,0.2898,0.0579,no
R-5458,39,universitaria,230000,1,0,2,-430,16659,1982,18675,0,991,-0.0019,3.0,no
R-5459,41,universitaria,180000,0,0,0,0,900,910,900,910,0,0.0,3.0,no
R-5460,35,posgrado,250000,0,0,0,70767,78906,84078,10000,10000,10000,0.2831,0.1413,no
R-5461,36,universitaria,180000,0,0,0,184661,183112,183172,7000,7000,7000,1.0259,0.0379,no
R-5462,40,universitaria,150000,0,0,0,142326,145231,150145,4500,6114,3500,0.9488,0.0316,si
R-5463,43,universitaria,80000,0,0,0,78726,78837,76792,3000,3000,3000,0.9841,0.0381,no
R-5464,41,universitaria,230000,0,0,0,301038,305327,213058,9405,7769,7757,1.3089,0.0312,si
R-5465,35,posgrado,100000,1,2,2,3515,2975,2342,10,3141,12021,0.0352,0.0028,no
R-5466,45,posgrado,300000,0,0,0,3016,-2659,40996,0,43655,1752,0.0101,0.0,no
R-5467,32,posgrado,210000,0,0,0,218742,218317,73874,10000,5000,5000,1.0416,0.0457,no
R-5468,44,universitaria,50000,0,0,0,10101,6295,7333,1300,1300,1300,0.202,0.1287,no
R-5469,38,universitaria,300000,1,0,5,0,780,780,1560,0,0,0.0,3.0,si
R-5470,32,posgrado,410000,0,0,0,198954,202511,199348,7000,9000,9000,0.4853,0.0352,no
R-5471,33,media,50000,0,0,0,8949,9745,30739,1030,31117,2000,0.179,0.1151,no
R-5472,33,media,140000,0,0,0,500,473,-27,473,0,3815,0.0036,0.946,no
R-5473,42,universitaria,110000,0,0,0,80338,83483,74258,5000,10000,3000,0.7303,0.0622,no
R-5474,49,universitaria,50000,1,2,10,17371,17789,18209,1000,1000,1000,0.3474,0.0576,si
R-5475,50,posgrado,330000,0,0,0,-17,-17,-17,0,0,1005,-0.0001,0.0,no
R-5476,51,media,10000,1,0,4,0,950,1170,950,1000,0,0.0,3.0,no
R-5477,50,universitaria,110000,1,0,0,-10682,50928,54711,62000,5000,3000,-0.0971,3.0,no
R-5478,57,universitaria,160000,0,0,0,-1,-1,-1,0,0,0,-0.0,0.0,si
R-5479,53,posgrado,50000,0,0,0,49512,50463,49793,1771,2061,1300,0.9902,0.0358,no
R-5480,51,media,160000,0,0,0,4042,4338,-1801,1000,0,0,0.0253,0.2474,si
R-5481,57,media,10000,0,0,4,7525,6952,9356,1276,2680,477,0.7525,0.1696,no
R-5482,48,posgrado,50000,0,0,0,48096,49267,48078,2300,2000,1600,0.9619,0.0478,no
R-5483,54,universitaria,80000,0,0,0,80449,77652,77980,2779,3075,5000,1.0056,0.0345,si
R-5484,62,universitaria,70000,6,5,14,112202,103834,95609,0,0,0,1.6029,0.0,no
R-5485,56,universitaria,20000,0,0,6,15397,17819,18239,3000,1000,1500,0.7698,0.1948,no
R-5486,53,media,420000,0,0,0,3717,-2953,-2953,5,0,0,0.0088,0.0013,no
R-5487,54,universitaria,130000,0,0,0,30184,31795,31467,2419,1000,0,0.2322,0.0801,no
R-5488,57,media,50000,0,0,0,49543,41465,24091,1500,1328,1600,0.9909,0.0303,no
R-5489,56,universitaria,50000,0,0,0,38111,37934,16816,2966,1000,602,0.7622,0.0778,no
R-5490,52,media,30000,0,0,4,25686,27449,30286,2500,3600,1390,0.8562,0.0973,no
R-5491,53,media,30000,1,2,10,18361,20250,19637,2500,0,2403,0.612,0.1362,si
R-5492,52,universitaria,330000,0,0,0,171004,173360,175958,6199,6386,6435,0.5182,0.0363,no
R-5493,55,universitaria,40000,1,0,0,-150,-540,-930,0,0,0,-0.0038,0.0,si
R-5494,54,media,360000,0,0,0,390,390,390,390,390,390,0.0011,1.0,no
R-5495,64,media,190000,0,0,2,65666,67379,72878,3800,7600,0,0.3456,0.0579,no
R-5496,57,media,50000,0,0,0,390,1726,390,1726,390,390,0.0078,3.0,no
R-5497,53,otra,30000,0,0,0,1780,0,0,24437,0,0,0.0593,3.0,si
R-5498,52,universitaria,100000,1,2,10,15420,16927,16432,2000,0,2100,0.1542,0.1297,no
R-5499,55,media,180000,0,0,0,193095,186835,182287,6900,7100,5659,1.0728,0.0357,no
R-5500,54,media,50000,0,0,0,47722,47080,48813,2100,3000,2000,0.9544,0.044,no
R-5501,55,posgrado,320000,2,2,6,200545,205973,211323,9600,9500,0,0.6267,0.0479,si
R-5502,61,media,70000,3,2,4,8909,9812,9511,1200,0,1482,0.1273,0.1347,no
R-5503,29,posgrado,210000,0,0,0,2783,1080,2855,1088,2855,20787,0.0133,0.3909,no
R-5504,24,universitaria,60000,0,0,0,62786,61764,62254,2212,3100,2000,1.0464,0.0352,si
R-5505,25,universitaria,50000,2,2,10,33995,34937,34394,1800,300,3000,0.6799,0.0529,si
R-5506,23,posgrado,50000,0,0,0,3430,2478,2299,2548,2321,4800,0.0686,0.7429,no
R-5507,24,universitaria,80000,0,0,0,386,1392,18634,1396,18754,5449,0.0048,3.0,no
R-5508,23,universitaria,70000,0,0,0,69951,70722,70815,3200,3202,2989,0.9993,0.0457,si
R-5509,23,universitaria,20000,0,0,2,15071,16082,17952,1266,2136,1000,0.7536,0.084,no
R-5510,23,universitaria,50000,0,0,6,865,1893,3991,1202,2300,0,0.0173,1.3896,no
R-5511,54,media,20000,2,0,6,14381,16174,18210,2350,2300,1721,0.719,0.1634,no
R-5512,23,posgrado,50000,1,0,0,-697,11361,0,12058,0,0,-0.0139,3.0,no
R-5513,22,universitaria,80000,2,2,2,53023,76708,39701,0,3320,1980,0.6628,0.0,si
R-5514,22,universitaria,20000,1,0,0,0,0,0,0,0,0,0.0,0.0,no
R-5515,23,universitaria,50000,0,0,2,9101,10446,12595,1502,2651,500,0.182,0.165,no
R-5516,24,media,50000,0,0,4,10901,16877,9673,22514,4000,8,0.218,2.0653,si
R-5517,22,universitaria,30000,2,0,0,27987,25690,27032,1420,1762,1800,0.9329,0.0507,si
R-5518,24,universitaria,120000,0,0,0,55829,53799,53021,2000,2600,4241,0.4652,0.0358,no
R-5519,26,media,450000,0,0,0,28765,24672,23095,1714,2012,1107,0.0639,0.0596,no
R-5520,24,universitaria,140000,0,0,0,62755,64001,65341,2285,2365,2413,0.4482,0.0364,no
R-5521,25,universitaria,30000,0,0,0,415,150,150,150,0,0,0.0138,0.3614,no
R-5522,25,posgrado,150000,0,0,0,87822,83850,56931,2575,2569,45000,0.5855,0.0293,no
R-5523,25,universitaria,30000,0,0,0,21020,21207,21403,2000,2000,1500,0.7007,0.0951,si
R-5524,24,universitaria,230000,0,0,2,64929,65093,59349,6000,0,3000,0.2823,0.0924,no
R-5525,24,posgrado,150000,0,0,0,291,291,291,291,291,291,0.0019,1.0,si
R-5526,24,posgrado,140000,2,0,2,778,982,1206,980,1000,5000,0.0056,1.2596,no
R-5527,23,universitaria,90000,0,0,0,28120,32429,0,5000,0,0,0.3124,0.1778,no
R-5528,24,posgrado,80000,1,2,2,2254,620,4220,0,3600,4500,0.0282,0.0,no
R-5529,22,posgrado,20000,2,0,2,13718,15033,15751,1550,1268,1585,0.6859,0.113,si
R-5530,23,universitaria,30000,2,2,10,34048,33053,33506,0,1800,9851,1.1349,0.0,no
R-5531,24,posgrado,100000,0,0,0,10376,36404,37813,26404,2000,2001,0.1038,2.5447,no
R-5532,26,universitaria,130000,2,0,0,130535,127155,126264,6000,5200,5000,1.0041,0.046,si
R-5533,27,posgrado,360000,0,0,0,0,0,0,0,0,0,0.0,0.0,no
R-5534,23,posgrado,110000,0,0,0,78793,79182,76460,3400,4000,2951,0.7163,0.0432,no
R-5535,23,universitaria,150000,0,0,0,58757,59555,59684,2714,2812,2599,0.3917,0.0462,no
R-5536,25,media,80000,0,0,0,79986,80012,78748,3000,3010,2700,0.9998,0.0375,no
R-5537,24,universitaria,50000,0,0,0,20173,15509,7085,1500,2008,10358,0.4035,0.0744,no
R-5538,22,posgrado,30000,0,0,0,8066,4869,3781,4869,4000,1991,0.2689,0.6036,no
R-5539,23,otra,50000,0,0,0,48473,49454,47893,2100,2021,1562,0.9695,0.0433,no
R-5540,24,posgrado,120000,0,0,0,2946,384,1914,384,1920,390,0.0246,0.1303,si
R-5541,25,universitaria,230000,0,0,0,9167,10468,10722,1392,2000,1000,0.0399,0.1518,no
R-5542,24,universitaria,60000,2,2,6,47210,46155,46838,0,1725,4000,0.7868,0.0,si
R-5543,26,universitaria,280000,0,0,0,6056,804,4712,1200,4720,1728,0.0216,0.1982,no
R-5544,28,posgrado,100000,1,2,2,11059,10105,388,0,388,90907,0.1106,0.0,no
R-5545,23,universitaria,120000,0,0,0,436,1476,475,1480,478,804,0.0036,3.0,no
R-5546,28,universitaria,100000,0,0,4,1506,89,89,89,0,0,0.0151,0.0591,si
R-5547,25,universitaria,110000,0,0,0,-2628,-5118,31503,165,36621,1496,-0.0239,3.0,no
R-5548,27,universitaria,50000,0,0,0,45750,1655,8425,1655,8425,10424,0.915,0.0362,no
R-5549,27,universitaria,120000,0,0,0,50620,15000,100,1000,100,0,0.4218,0.0198,no
R-5550,26,posgrado,80000,0,0,6,1238,376,2281,376,2281,0,0.0155,0.3037,no
R-5551,25,posgrado,100000,2,0,2,97570,87923,91078,4100,5514,2500,0.9757,0.042,si
R-5552,27,posgrado,170000,2,2,4,169057,170609,164777,7500,0,7400,0.9945,0.0444,no
R-5553,26,posgrado,150000,0,0,0,151812,145411,132560,7005,6612,4540,1.0121,0.0461,no
R-5554,27,posgrado,360000,1,0,0,0,0,9000,0,9000,3002,0.0,0.0,no
R-5555,27,media,60000,0,0,0,39325,40668,42009,2000,2000,2500,0.6554,0.0509,no
R-5556,22,universitaria,70000,0,0,0,66748,52642,40934,2049,1700,1446,0.9535,0.0307,no
R-5557,23,universitaria,20000,3,2,10,12508,12015,14459,0,2955,597,0.6254,0.0,si
R-5558,25,media,90000,0,0,0,74814,71859,0,5000,0,0,0.8313,0.0668,no
R-5559,27,posgrado,60000,2,0,0,322,530,8004,563,8004,692,0.0054,1.7484,no
R-5560,26,posgrado,70000,0,0,0,69754,71377,71225,2791,2939,2364,0.9965,0.04,no
R-5561,30,otra,300000,0,0,0,10915,3469,2316,3480,3016,58438,0.0364,0.3188,no
R-5562,27,universitaria,110000,1,2,2,59580,54255,55474,0,2230,2100,0.5416,0.0,si
R-5563,29,posgrado,100000,1,2,6,6266,2366,7042,0,5000,0,0.0627,0.0,no
R-5564,29,posgrado,150000,0,0,0,94062,65825,64041,3183,3023,2549,0.6271,0.0338,no
R-5565,28,universitaria,110000,2,2,4,105014,104574,94521,9000,10,3917,0.9547,0.0857,no
R-5566,27,media,80000,0,0,0,24003,21887,14799,3028,1241,3010,0.3,0.1262,si
R-5567,26,universitaria,50000,0,0,0,49378,49744,40859,2500,1500,1206,0.9876,0.0506,no
R-5568,28,universitaria,150000,0,0,0,97069,100743,103528,5300,5300,5300,0.6471,0.0546,no
R-5569,29,posgrado,200000,0,0,0,3655,3036,3423,3084,3475,7417,0.0183,0.8438,no
R-5570,28,posgrado,110000,0,0,0,52693,54148,73596,5064,42000,5091,0.479,0.0961,no
R-5571,27,posgrado,80000,0,3,9,2127,1948,1770,0,0,1400,0.0266,0.0,no
R-5572,27,posgrado,50000,1,2,4,19029,18431,22782,0,5000,10000,0.3806,0.0,no
R-5573,28,posgrado,180000,0,0,0,2393,5428,5683,5461,5834,39000,0.0133,2.2821,no
R-5574,27,universitaria,90000,1,0,0,0,1191,-21,1191,0,2151,0.0,3.0,no
R-5575,27,universitaria,200000,0,0,0,37076,18382,18834,5000,18834,60000,0.1854,0.1349,no
R-5576,29,universitaria,20000,0,0,0,12742,8438,9792,1500,1500,1500,0.6371,0.1177,no
R-5577,29,universitaria,170000,0,0,0,-807,-807,-807,0,0,0,-0.0047,0.0,no
R-5578,29,universitaria,360000,0,0,0,0,0,0,0,0,0,0.0,0.0,no
R-5579,27,posgrado,360000,1,0,0,0,0,0,0,0,0,0.0,0.0,no
R-5580,28,universitaria,230000,0,0,0,29500,4828,7633,4800,7021,8008,0.1283,0.1627,no
R-5581,28,universitaria,100000,0,0,0,94245,95268,96620,3500,3800,3900,0.9424,0.0371,no
R-5582,28,posgrado,60000,0,0,2,6393,10540,10232,4278,0,1483,0.1066,0.6692,si
R-5583,26,posgrado,210000,0,0,0,132909,135210,140056,7000,7003,8000,0.6329,0.0527,no
R-5584,29,posgrado,50000,0,0,2,6161,8998,8319,3500,0,1282,0.1232,0.5681,no
R-5585,30,universitaria,80000,0,0,0,4161,1819,6845,2000,6689,1817,0.052,0.4807,no
R-5586,30,universitaria,230000,0,0,0,234521,228486,216287,9800,8502,8350,1.0197,0.0418,no
R-5587,29,universitaria,150000,1,2,6,4577,4356,6643,0,2400,0,0.0305,0.0,si
R-5588,27,universitaria,140000,0,0,0,444,0,1650,0,1650,0,0.0032,0.0,si
R-5589,28,universitaria,20000,0,0,2,2937,5696,4144,3353,3,5101,0.1468,1.1416,si
R-5590,34,universitaria,50000,0,0,0,50680,50655,50710,50702,2033,1776,1.0136,1.0004,no
R-5591,30,universitaria,200000,0,0,0,42488,0,0,0,0,0,0.2124,0.0,no
R-5592,30,posgrado,100000,0,0,0,89242,91067,93409,4200,4700,4500,0.8924,0.0471,no
R-5593,28,posgrado,200000,0,0,0,466,161746,153377,161844,5228,5005,0.0023,3.0,no
R-5594,28,otra,180000,2,0,0,117328,115140,73730,4117,3504,3000,0.6518,0.0351,no
R-5595,28,posgrado,50000,0,0,0,48782,47708,49846,2100,3600,2146,0.9756,0.043,no
R-5596,32,universitaria,270000,0,0,0,59710,49986,104390,1808,69563,2891,0.2211,0.0303,no
R-5597,33,media,230000,0,0,0,233314,222220,210778,8005,10002,15037,1.0144,0.0343,no
R-5598,40,universitaria,100000,0,0,0,92393,85345,76109,3500,3500,3300,0.9239,0.0379,no
R-5599,48,otra,40000,0,0,0,36581,37896,40262,1926,3292,1400,0.9145,0.0527,no
R-5600,26,universitaria,50000,0,0,0,49296,39427,35674,1614,1546,1461,0.9859,0.0327,no
R-5601,36,universitaria,290000,0,0,2,110695,108583,70642,3260,5000,4706,0.3817,0.0295,no
R-5602,33,universitaria,120000,0,0,0,508,607,611,700,611,593,0.0042,1.378,no
R-5603,48,universitaria,100000,0,0,0,109033,97041,80993,3641,3782,5000,1.0903,0.0334,no
R-5604,41,universitaria,100000,0,0,0,96509,97042,98054,4500,5000,4000,0.9651,0.0466,no
R-5605,30,posgrado,200000,0,0,2,89874,92567,96064,4200,5000,9054,0.4494,0.0467,no
R-5606,30,posgrado,180000,2,2,6,14038,16980,16915,3500,500,1200,0.078,0.2493,si
R-5607,35,universitaria,50000,1,2,2,31507,30705,33467,0,3467,1229,0.6301,0.0,no
R-5608,39,posgrado,180000,0,0,0,892,6809,18390,6846,18399,13999,0.005,3.0,no
R-5609,41,posgrado,350000,0,0,0,15407,17826,23489,3000,6000,6000,0.044,0.1947,no
R-5610,43,universitaria,150000,0,0,0,111024,111486,12596,2720,1500,1229,0.7402,0.0245,no
R-5611,40,posgrado,200000,0,0,0,-50,-50,-50,0,0,0,-0.0002,0.0,no
R-5612,42,media,200000,0,0,0,2213,5283,1863,5286,1863,9323,0.0111,2.3886,no
R-5613,44,posgrado,180000,0,0,0,16891,0,521,0,521,0,0.0938,0.0,no
R-5614,36,media,200000,0,0,0,167385,171476,175956,8000,8045,8000,0.8369,0.0478,no
R-5615,46,posgrado,220000,3,2,4,249449,243517,228368,9501,0,10000,1.1339,0.0381,no
R-5616,47,universitaria,360000,0,0,0,71006,37066,49018,36448,48833,32928,0.1972,0.5133,no
R-5617,32,universitaria,80000,0,0,0,77808,77180,79147,3000,4000,4000,0.9726,0.0386,no
R-5618,30,posgrado,210000,0,0,0,187191,140417,107768,4700,4500,3100,0.8914,0.0251,no
R-5619,32,posgrado,120000,1,0,0,0,0,0,0,0,0,0.0,0.0,no
R-5620,30,posgrado,350000,0,0,0,951,601,714,605,716,263,0.0027,0.6362,no
R-5621,48,universitaria,110000,0,0,0,108668,111162,107172,4322,5369,4003,0.9879,0.0398,no
R-5622,31,posgrado,200000,0,0,0,0,0,0,0,0,0,0.0,0.0,no
R-5623,33,posgrado,360000,0,0,0,5334,6849,68133,3017,65009,6784,0.0148,0.5656,si
R-5624,33,universitaria,50000,0,0,0,37541,36504,26901,1434,1555,1148,0.7508,0.0382,no
R-5625,33,posgrado,80000,1,2,2,83367,81409,78790,0,2873,3101,1.0421,0.0,si
R-5626,33,posgrado,150000,0,0,0,20441,26417,1091,6549,1096,5962,0.1363,0.3204,no
R-5627,49,media,130000,0,0,0,25339,26342,27376,1427,1461,1500,0.1949,0.0563,no
R-5628,40,universitaria,300000,0,0,0,11704,10196,8900,1139,1322,1000,0.039,0.0973,no
R-5629,47,universitaria,20000,0,0,0,20151,19419,19864,2000,2013,4731,1.0076,0.0993,no
R-5630,31,media,180000,0,0,0,2941,1436,12900,1443,12964,3041,0.0163,0.4906,no
R-5631,41,universitaria,50000,0,0,0,74903,49413,50812,2120,2500,1905,1.4981,0.0283,no
R-5632,37,universitaria,110000,0,0,0,95986,189688,93984,4300,5000,4109,0.8726,0.0448,no
R-5633,33,posgrado,200000,0,0,0,4510,7430,4144,7430,4144,57836,0.0226,1.6475,no
R-5634,45,posgrado,270000,0,0,0,218116,207533,204532,10041,10064,9238,0.8078,0.046,no
R-5635,36,media,210000,0,0,0,1168,1511,0,1511,0,1783,0.0056,1.2937,no
R-5636,43,universitaria,30000,0,0,4,26806,30035,29274,4000,0,3000,0.8935,0.1492,no
R-5637,38,posgrado,160000,0,0,0,316,873,1392,873,1392,0,0.002,2.7627,si
R-5638,44,universitaria,90000,0,0,0,390,390,390,390,390,390,0.0043,1.0,si
R-5639,40,universitaria,110000,0,0,0,5457,6660,7590,1300,1200,1200,0.0496,0.2382,no
R-5640,32,universitaria,10000,0,0,0,5250,1223,2264,1223,1066,1032,0.525,0.233,si
R-5641,46,media,220000,0,0,0,214274,214207,211733,11000,10000,10000,0.974,0.0513,no
R-5642,41,universitaria,60000,0,0,0,19813,20064,23213,5000,5000,2000,0.3302,0.2524,no
R-5643,44,universitaria,70000,0,0,0,66301,68105,68287,3500,3000,1500,0.9472,0.0528,no
R-5644,38,media,100000,0,0,2,87181,84668,83898,4017,7121,94,0.8718,0.0461,no
R-5645,28,media,150000,0,0,0,1666,802,1793,806,1801,0,0.0111,0.4838,no
R-5646,32,media,300000,1,0,0,-27,72044,10000,72071,2050,0,-0.0001,3.0,no
R-5647,34,posgrado,170000,1,0,0,0,5010,7912,5010,3000,5000,0.0,3.0,no
R-5648,43,universitaria,80000,0,0,0,77479,77057,78102,3631,3177,2600,0.9685,0.0469,no
R-5649,45,posgrado,200000,0,0,0,69288,0,1800,0,1800,2000,0.3464,0.0,no
R-5650,42,universitaria,50000,0,0,4,565,5481,2874,5481,0,759,0.0113,3.0,no
R-5651,38,universitaria,250000,1,0,0,-163,-553,212,0,2000,51002,-0.0007,0.0,no
R-5652,40,universitaria,280000,0,0,0,291952,275948,240627,8562,7071,6574,1.0427,0.0293,no
R-5653,39,universitaria,100000,0,0,0,518,0,0,0,0,0,0.0052,0.0,no
R-5654,43,universitaria,170000,0,0,0,136113,137722,139384,7000,7000,7000,0.8007,0.0514,no
R-5655,30,posgrado,400000,0,0,0,634,5939,6624,5939,2624,3004,0.0016,3.0,no
R-5656,38,universitaria,30000,0,0,2,2828,4868,3963,3963,16,4527,0.0943,1.4013,no
R-5657,36,universitaria,80000,1,2,4,74328,75515,73741,3000,0,2700,0.9291,0.0404,si
R-5658,39,otra,260000,0,0,0,174591,175093,176088,10000,10000,7619,0.6715,0.0573,no
R-5659,34,media,50000,0,0,0,51037,47669,48940,2100,2329,2943,1.0207,0.0411,no
R-5660,43,media,80000,0,0,0,71604,73316,75039,3500,3500,3400,0.895,0.0489,no
R-5661,33,media,60000,1,2,4,56326,54833,56105,0,2750,4850,0.9388,0.0,no
R-5662,47,posgrado,160000,1,0,0,0,0,0,0,0,0,0.0,0.0,no
R-5663,28,universitaria,120000,1,0,0,0,0,0,0,0,0,0.0,0.0,no
R-5664,28,universitaria,150000,0,0,0,22943,18989,19961,1335,1307,1178,0.153,0.0582,no
R-5665,29,posgrado,230000,0,0,0,12394,12105,2439,2102,3000,6000,0.0539,0.1696,no
R-5666,32,universitaria,130000,0,0,0,11175,14181,70042,14181,70505,20749,0.086,1.269,no
R-5667,32,posgrado,80000,0,0,0,40478,38533,22243,5225,5091,3528,0.506,0.1291,no
R-5668,31,posgrado,210000,0,0,0,77830,68850,42884,2555,2027,1045,0.3706,0.0328,no
R-5669,30,posgrado,50000,1,2,10,41934,43041,44048,2100,2000,1800,0.8387,0.0501,no
R-5670,33,posgrado,500000,0,0,0,3994,7222,33823,8022,34000,100028,0.008,2.0085,no
R-5671,34,universitaria,260000,0,0,0,0,0,0,0,0,167,0.0,0.0,no
R-5672,35,posgrado,280000,0,0,0,7147,2500,0,2500,0,0,0.0255,0.3498,no
R-5673,48,media,80000,0,0,0,33058,1945,2587,1945,2587,2108,0.4132,0.0588,no
R-5674,42,universitaria,50000,0,0,0,12106,10946,11968,1184,1206,1216,0.2421,0.0978,no
R-5675,47,universitaria,100000,0,0,0,24735,27555,29798,3555,3000,2028,0.2474,0.1437,no
R-5676,33,media,50000,0,0,0,23500,0,0,0,0,0,0.47,0.0,no
R-5677,37,universitaria,320000,0,0,0,-5700,-5700,-5700,0,0,203000,-0.0178,0.0,no
R-5678,42,media,160000,0,0,0,0,1473,1863,1473,1863,0,0.0,3.0,no
R-5679,34,universitaria,20000,0,0,0,17625,14841,492,1019,990,23965,0.8812,0.0578,no
R-5680,37,media,360000,0,0,0,0,0,0,0,0,0,0.0,0.0,no
R-5681,41,universitaria,200000,0,0,2,-60,-60,1590,0,1650,8188,-0.0003,0.0,no
R-5682,45,media,230000,0,0,0,30099,20069,1000,1000,1000,0,0.1309,0.0332,no
R-5683,31,universitaria,90000,0,0,0,19929,17671,7870,1500,1000,0,0.2214,0.0753,no
R-5684,36,universitaria,310000,0,0,0,294180,295875,302438,11000,11300,10500,0.949,0.0374,no
R-5685,42,media,470000,0,0,0,219081,285141,408974,70000,140000,13000,0.4661,0.3195,no
R-5686,37,media,80000,2,2,6,93050,99396,100495,8840,3560,0,1.1631,0.095,si
R-5687,38,posgrado,160000,0,0,0,132932,134384,131724,8005,15000,10000,0.8308,0.0602,no
R-5688,35,posgrado,210000,0,0,2,67374,55004,56221,2500,2700,2500,0.3208,0.0371,no
R-5689,34,posgrado,360000,0,0,0,96169,96586,98927,4000,4223,4004,0.2671,0.0416,no
R-5690,41,universitaria,370000,0,0,0,1442,9750,0,9750,0,30100,0.0039,3.0,no
R-5691,46,posgrado,400000,0,0,2,2030,10520,6073,10540,18,8591,0.0051,3.0,si
R-5692,35,media,30000,0,0,0,27873,27326,27648,1441,1479,1406,0.9291,0.0517,no
R-5693,41,posgrado,250000,0,2,2,22423,16296,32631,60,32812,43932,0.0897,0.0027,no
R-5694,35,posgrado,220000,1,0,0,0,0,0,0,0,0,0.0,0.0,no
R-5695,41,media,260000,0,0,0,264549,227021,233426,10000,12007,9170,1.0175,0.0378,no
R-5696,39,posgrado,290000,0,0,0,264,264,264,264,264,264,0.0009,1.0,no
R-5697,44,universitaria,360000,0,0,0,0,0,0,0,0,0,0.0,0.0,no
R-5698,40,posgrado,240000,1,0,0,0,9965,4100,9965,4100,4100,0.0,3.0,no
R-5699,30,posgrado,200000,0,0,0,896,896,670,900,674,6450,0.0045,1.0045,no
R-5700,48,media,50000,0,0,0,47945,35712,23177,4100,1150,1200,0.9589,0.0855,no
R-5701,31,posgrado,310000,0,0,0,0,0,24480,0,24480,0,0.0,0.0,no
R-5702,31,posgrado,210000,0,0,0,1983,422,815,422,815,191,0.0094,0.2128,no
R-5703,32,universitaria,500000,0,0,0,405490,417191,429469,20000,19000,12000,0.811,0.0493,no
R-5704,35,universitaria,260000,0,0,0,9286,7926,33379,2036,33393,6094,0.0357,0.2193,no
R-5705,41,universitaria,120000,0,0,0,919,8209,421,8209,421,5000,0.0077,3.0,no
R-5706,38,posgrado,150000,0,0,0,109244,96560,86565,3506,5000,5003,0.7283,0.0321,no
R-5707,38,universitaria,230000,0,0,0,75459,76607,78868,3000,3500,3000,0.3281,0.0398,no
R-5708,38,universitaria,10000,1,3,5,3980,3771,3564,0,0,1000,0.398,0.0,si
R-5709,43,media,80000,0,0,0,80707,77532,77492,3332,3051,2600,1.0088,0.0413,no
R-5710,44,media,50000,2,2,10,40985,42115,41164,2100,0,3500,0.8197,0.0512,si
R-5711,27,universitaria,210000,1,0,0,0,0,0,0,0,0,0.0,0.0,si
R-5712,28,posgrado,140000,0,0,0,31,1272,1446,2000,1500,3000,0.0002,3.0,si
R-5713,40,posgrado,300000,0,0,0,1529,3717,4541,3717,4541,5620,0.0051,2.431,no
R-5714,36,universitaria,500000,0,0,0,-1,229,504,230,625,24246,-0.0,3.0,no
R-5715,28,posgrado,150000,0,0,0,41387,40310,42652,2000,3000,1500,0.2759,0.0483,no
R-5716,28,universitaria,120000,0,0,0,792,0,792,0,792,0,0.0066,0.0,no
R-5717,31,universitaria,200000,0,2,2,3850,2025,1926,6,1931,3267,0.0192,0.0016,no
R-5718,32,universitaria,70000,0,0,0,57550,22049,17349,3000,2000,4000,0.8221,0.0521,no
R-5719,34,posgrado,500000,0,0,0,161716,143382,123316,6018,5198,46047,0.3234,0.0372,no
R-5720,34,otra,330000,0,0,0,252755,272262,281220,25000,15000,7000,0.7659,0.0989,no
R-5721,35,posgrado,360000,0,0,0,3925,5320,1016,5352,1022,7408,0.0109,1.3636,no
R-5722,35,media,180000,0,0,2,175200,175285,60790,7002,1807,2000,0.9733,0.04,si
R-5723,37,posgrado,260000,1,2,6,58261,59706,60969,3000,2800,0,0.2241,0.0515,no
R-5724,42,media,100000,0,0,0,1651,631,3611,631,3611,631,0.0165,0.3822,no
R-5725,46,media,290000,0,0,0,73612,44236,3253,2207,1000,766,0.2538,0.03,no
R-5726,37,posgrado,200000,0,0,0,454,2015,3603,2500,3700,16200,0.0023,3.0,no
R-5727,42,posgrado,340000,0,0,0,139808,176743,34402,873552,1215471,889043,0.4112,3.0,no
R-5728,39,media,70000,0,0,2,124493,125680,129498,4800,5900,6000,1.7785,0.0386,no
R-5729,35,universitaria,240000,0,2,2,528,264,264,0,264,264,0.0022,0.0,si
R-5730,28,universitaria,140000,0,0,0,138901,140732,140661,5600,5500,2650,0.9922,0.0403,si
R-5731,30,posgrado,240000,0,0,0,0,0,2999,0,2999,0,0.0,0.0,no
R-5732,29,posgrado,400000,0,0,0,16666,62545,98214,62545,53704,4142,0.0417,3.0,no
R-5733,48,universitaria,500000,0,0,0,30252,47506,28171,38009,28005,22000,0.0605,1.2564,no
R-5734,33,universitaria,140000,0,0,0,89226,90212,-1037,3133,0,0,0.6373,0.0351,no
R-5735,32,posgrado,120000,0,2,2,1192,696,1210,0,1179,1799,0.0099,0.0,no
R-5736,38,universitaria,230000,0,0,0,1129,2117,2283,1029,1056,1000,0.0049,0.9114,no
R-5737,36,posgrado,200000,1,0,0,0,0,0,0,0,0,0.0,0.0,no
R-5738,40,universitaria,50000,0,0,0,60131,49486,41463,3000,2000,2174,1.2026,0.0499,no
R-5739,32,otra,220000,0,0,0,84942,56366,4252,2500,1500,2000,0.3861,0.0294,no
R-5740,43,universitaria,50000,0,0,0,24847,26043,26724,2000,2000,2020,0.4969,0.0805,no
R-5741,42,universitaria,400000,0,0,0,3608,4032,9885,4052,9939,65243,0.009,1.1231,no
R-5742,44,posgrado,340000,0,0,0,2732,2183,4103,2183,4142,12950,0.008,0.799,no
R-5743,36,universitaria,280000,0,0,0,2874,2874,2874,2888,2888,2888,0.0103,1.0049,no
R-5744,33,posgrado,130000,0,0,0,1365,84118,44404,84118,44404,27309,0.0105,3.0,no
R-5745,48,universitaria,40000,0,0,0,27273,27207,28055,2000,3000,3000,0.6818,0.0733,no
R-5746,45,posgrado,50000,1,2,2,6805,532,17453,0,17453,1290,0.1361,0.0,no
R-5747,46,posgrado,340000,0,0,0,94915,92955,89689,3224,4000,3504,0.2792,0.034,no
R-5748,33,posgrado,220000,0,2,4,1379,1205,825,705,325,1283,0.0063,0.5112,no
R-5749,38,universitaria,180000,0,0,0,25895,26173,26260,2000,2000,2000,0.1439,0.0772,no
R-5750,37,otra,400000,0,0,0,14889,929,1191,929,1191,11930,0.0372,0.0624,no
R-5751,49,posgrado,170000,0,0,0,163951,136825,140450,5100,6000,4000,0.9644,0.0311,no
R-5752,48,universitaria,130000,0,0,0,0,1240,1487,1240,1487,1279,0.0,3.0,no
R-5753,30,posgrado,290000,0,0,0,216328,218435,218783,8000,8600,6700,0.746,0.037,no
R-5754,48,universitaria,510000,0,0,0,113616,96756,72730,9019,8000,20000,0.2228,0.0794,no
R-5755,37,posgrado,200000,0,0,0,83000,62084,64610,2500,5000,2509,0.415,0.0301,no
R-5756,35,posgrado,310000,0,0,0,1815,3689,20524,3689,20658,7986,0.0059,2.0325,no
R-5757,43,universitaria,230000,2,2,11,206245,215936,221001,13126,10000,5000,0.8967,0.0636,si
R-5758,40,universitaria,300000,1,0,0,0,0,0,0,0,0,0.0,0.0,no
R-5759,36,media,110000,0,0,0,3681,6026,1555,6026,1555,2045,0.0335,1.6371,no
R-5760,45,otra,300000,1,0,0,0,1669,0,1669,0,0,0.0,3.0,no
R-5761,28,posgrado,360000,0,0,0,79161,81260,83055,4000,4000,4000,0.2199,0.0505,no
R-5762,35,universitaria,50000,0,0,0,41657,47969,49131,10000,11000,5000,0.8331,0.2401,no
R-5763,40,posgrado,140000,1,0,0,0,1220,0,1220,0,584,0.0,3.0,no
R-5764,42,posgrado,320000,0,0,4,304057,318844,324589,20000,10000,450,0.9502,0.0658,si
R-5765,48,media,80000,0,0,2,396,792,396,792,0,792,0.005,2.0,si
R-5766,40,posgrado,200000,1,0,0,0,0,0,0,0,0,0.0,0.0,no
R-5767,34,posgrado,460000,0,0,0,14460,8869,21494,8869,23664,12659,0.0314,0.6133,no
R-5768,37,posgrado,170000,0,0,0,397,396,396,395,396,596,0.0023,0.995,no
R-5769,44,posgrado,210000,0,0,0,89519,50144,52148,20033,10000,5012,0.4263,0.2238,no
R-5770,46,posgrado,230000,0,0,0,266,0,0,0,0,0,0.0012,0.0,no
R-5771,43,media,250000,0,0,0,278,278,278,278,278,278,0.0011,1.0,no
R-5772,30,posgrado,280000,0,0,0,26679,52223,25088,52223,25100,9427,0.0953,1.9575,no
R-5773,34,universitaria,220000,0,0,0,36242,38320,39700,3000,2000,2000,0.1647,0.0828,no
R-5774,29,posgrado,200000,0,0,0,181821,185506,190977,6000,7000,6000,0.9091,0.033,no
R-5775,36,posgrado,100000,0,0,0,905,3450,1195,3450,1195,2775,0.0091,3.0,no
R-5776,40,posgrado,50000,0,0,0,52841,52016,51990,1860,2619,2000,1.0568,0.0352,no
R-5777,40,posgrado,250000,1,2,2,16503,13894,14669,0,1400,1090,0.066,0.0,no
R-5778,38,universitaria,210000,0,0,0,76418,78798,82525,5000,5000,3200,0.3639,0.0654,no
R-5779,45,posgrado,150000,0,0,0,1923,101,0,101,0,0,0.0128,0.0525,no
R-5780,32,posgrado,110000,0,0,0,46603,48351,51815,2536,5000,1653,0.4237,0.0544,no
R-5781,39,posgrado,480000,0,0,0,98569,106660,400000,10620,302000,66270,0.2054,0.1077,si
R-5782,36,media,50000,0,0,0,48032,48175,48691,1771,2123,2675,0.9606,0.0369,no
R-5783,34,posgrado,150000,1,0,0,0,53,0,53,0,0,0.0,3.0,no
R-5784,40,posgrado,200000,1,0,0,0,114558,1898,114558,3796,849,0.0,3.0,no
R-5785,41,posgrado,260000,0,0,2,157551,160759,351026,7312,18934,23,0.606,0.0464,no
R-5786,36,universitaria,100000,0,0,0,101513,98736,99072,3600,5006,2910,1.0151,0.0355,no
R-5787,32,posgrado,350000,0,0,0,24522,18876,5571,18970,5594,11024,0.0701,0.7736,no
R-5788,46,universitaria,90000,0,0,0,1829,2793,696,2793,696,546,0.0203,1.5271,no
R-5789,41,posgrado,210000,0,0,0,194,6479,-200,6479,0,0,0.0009,3.0,si
R-5790,50,posgrado,170000,0,0,0,1978,2191,3185,2191,3185,0,0.0116,1.1077,no
R-5791,49,posgrado,400000,1,2,4,9279,7419,0,0,0,3378,0.0232,0.0,no
R-5792,50,media,200000,0,0,0,3943,1443,2203,1443,2583,2189,0.0197,0.366,no
R-5793,50,universitaria,460000,0,0,0,581319,552144,523423,19141,19141,20141,1.2637,0.0329,si
R-5794,50,universitaria,290000,0,0,0,272799,261286,246740,10109,10126,7095,0.9407,0.0371,no
R-5795,53,media,360000,0,0,0,0,208,2489,208,2489,786,0.0,3.0,si
R-5796,52,media,30000,0,0,0,27964,25817,27097,1720,2000,1700,0.9321,0.0615,no
R-5797,54,posgrado,450000,0,0,0,2500,0,0,0,0,0,0.0056,0.0,no
R-5798,51,posgrado,290000,0,0,0,0,22888,783,22888,783,40720,0.0,3.0,no
R-5799,52,universitaria,130000,0,0,2,50662,51562,47928,4600,0,1500,0.3897,0.0908,no
R-5800,55,posgrado,260000,1,0,0,0,0,0,0,0,0,0.0,0.0,no
R-5801,56,posgrado,220000,1,0,0,0,0,0,0,0,0,0.0,0.0,no
R-5802,52,universitaria,30000,1,2,2,34104,31600,30199,0,2000,2000,1.1368,0.0,si
R-5803,59,universitaria,330000,0,0,0,130797,112383,79505,20000,3500,19000,0.3964,0.1529,no
R-5804,52,media,320000,0,0,0,650,2080,218,2080,218,0,0.002,3.0,no
R-5805,57,media,50000,2,2,2,50525,0,0,0,0,0,1.0105,0.0,si
R-5806,54,posgrado,140000,1,3,11,17962,17381,18104,0,1300,0,0.1283,0.0,si
R-5807,50,media,300000,0,0,0,0,0,0,0,0,0,0.0,0.0,si
R-5808,66,media,230000,0,0,0,0,5580,500,5580,500,1614,0.0,3.0,no
R-5809,59,posgrado,350000,0,0,0,0,0,0,0,0,0,0.0,0.0,no
R-5810,50,media,610000,0,0,0,10579,11299,7380,11299,9710,3769,0.0173,1.0681,no
R-5811,51,universitaria,70000,2,2,10,42815,43913,44911,2100,2000,1900,0.6116,0.049,si
R-5812,56,universitaria,360000,0,0,0,919,2374,-7,2385,0,0,0.0026,2.5952,no
R-5813,59,universitaria,20000,1,2,2,19328,18711,17657,0,1700,3000,0.9664,0.0,si
R-5814,56,universitaria,100000,0,0,2,390,780,390,780,0,390,0.0039,2.0,no
R-5815,55,media,70000,0,0,0,68467,64657,55201,2249,1519,1435,0.9781,0.0328,no
R-5816,53,universitaria,300000,0,0,0,7733,7424,8042,7424,8351,7733,0.0258,0.96,no
R-5817,74,media,160000,0,0,0,79201,69376,66192,3783,2268,16905,0.495,0.0478,no
R-5818,56,universitaria,240000,3,2,4,2500,2500,0,0,0,0,0.0104,0.0,si
R-5819,34,posgrado,120000,0,0,2,646,1278,639,1271,0,621,0.0054,1.9675,si
R-5820,41,universitaria,80000,0,0,2,60588,61369,44810,2505,3745,0,0.7574,0.0413,no
R-5821,29,universitaria,180000,0,0,0,177554,175969,174812,6500,7000,7100,0.9864,0.0366,no
R-5822,35,media,100000,0,0,0,94467,96521,98728,3627,3938,2515,0.9447,0.0384,no
R-5823,23,universitaria,50000,0,0,0,11148,13637,14959,3000,1850,1800,0.223,0.2691,no
R-5824,23,posgrado,160000,0,0,0,6760,7043,9499,4000,3000,1000,0.0422,0.5917,no
R-5825,22,universitaria,50000,0,0,0,51159,51699,50584,3000,2650,2100,1.0232,0.0586,no
R-5826,24,posgrado,20000,1,2,6,6696,7437,8810,1000,1495,1000,0.3348,0.1493,si
R-5827,24,universitaria,60000,0,0,0,58197,47537,46576,3000,3010,3004,0.97,0.0515,no
R-5828,25,universitaria,20000,0,0,0,3855,3150,2862,1040,1225,1000,0.1928,0.2698,no
R-5829,23,posgrado,10000,1,0,0,0,0,0,0,0,0,0.0,0.0,no
R-5830,24,posgrado,10000,0,0,2,7760,8928,8386,1471,1100,1107,0.776,0.1896,no
R-5831,24,universitaria,20000,2,0,0,16794,17496,18981,1288,1773,1400,0.8397,0.0767,no
R-5832,24,universitaria,50000,0,0,0,6701,8770,11312,2200,2700,2000,0.134,0.3283,no
R-5833,23,universitaria,10000,0,0,2,2427,6109,2736,3775,0,1000,0.2427,1.5554,si
R-5834,23,universitaria,20000,0,0,0,16994,18105,19504,1700,2000,1011,0.8497,0.1,no
R-5835,25,media,70000,1,2,2,69447,67209,56580,0,4000,1500,0.9921,0.0,si
R-5836,25,universitaria,20000,1,2,7,18885,21563,20943,3300,0,0,0.9442,0.1747,si
R-5837,25,universitaria,30000,0,0,0,11355,12670,13383,1512,1225,1541,0.3785,0.1332,si
R-5838,24,universitaria,70000,1,2,4,32536,26351,45870,0,20000,1807,0.4648,0.0,no
R-5839,25,universitaria,20000,0,0,0,13429,14502,15564,1300,1300,1300,0.6714,0.0968,no
R-5840,27,universitaria,300000,0,0,0,1386,25051,9505,25125,9565,91559,0.0046,3.0,no
R-5841,26,universitaria,70000,0,0,0,64691,65259,66673,2500,2500,2500,0.9242,0.0386,no
R-5842,26,universitaria,50000,3,3,14,29373,28607,29843,0,2000,3200,0.5875,0.0,si
R-5843,26,universitaria,80000,2,0,0,31740,74415,56435,50000,1796,2126,0.3968,1.5753,no
R-5844,27,universitaria,290000,0,0,0,98861,89638,50453,3221,3104,160045,0.3409,0.0326,no
R-5845,25,posgrado,160000,0,0,0,85748,86473,89120,4000,5000,3096,0.5359,0.0466,no
R-5846,26,universitaria,110000,0,0,0,61167,60549,55400,2721,2422,1132,0.5561,0.0445,no
R-5847,25,posgrado,50000,0,0,0,9716,25045,15180,25045,15522,6964,0.1943,2.5777,si
R-5848,26,posgrado,310000,0,0,0,47330,48947,49738,4000,5000,5052,0.1527,0.0845,no
R-5849,26,universitaria,120000,0,0,0,101215,100685,15452,5006,2000,3010,0.8435,0.0495,no
R-5850,26,universitaria,10000,0,0,0,1198,0,0,0,0,0,0.1198,0.0,si
R-5851,30,universitaria,110000,2,2,10,88168,90585,89555,7300,3800,3000,0.8015,0.0828,si
R-5852,26,universitaria,50000,0,0,0,44781,46033,47289,2000,2000,2000,0.8956,0.0447,no
R-5853,26,media,50000,0,0,0,50632,49654,49746,1808,2084,1703,1.0126,0.0357,no
R-5854,26,posgrado,50000,0,0,0,14577,15329,16575,1300,1500,1500,0.2915,0.0892,no
R-5855,26,posgrado,100000,0,0,0,1872,4490,4056,4503,4066,10900,0.0187,2.4054,no
R-5856,27,universitaria,10000,0,0,0,5002,6014,7111,1103,1200,1200,0.5002,0.2205,no
R-5857,26,universitaria,310000,0,0,0,2154,359,256,360,257,2537,0.0069,0.1671,no
R-5858,27,otra,20000,0,0,0,543,2070,370,1100,5193,0,0.0272,2.0258,no
R-5859,28,universitaria,50000,0,0,4,5281,7025,7758,2000,1000,1000,0.1056,0.3787,no
R-5860,24,universitaria,30000,1,2,10,21788,22832,23473,1700,1300,0,0.7263,0.078,si
R-5861,26,universitaria,140000,0,0,0,80351,166526,83514,4000,2890,3118,0.5739,0.0498,no
R-5862,27,posgrado,10000,0,0,0,8907,6599,7736,1500,1400,1000,0.8907,0.1684,no
R-5863,27,posgrado,60000,0,0,0,5370,7268,10131,2000,3000,2000,0.0895,0.3724,no
R-5864,29,posgrado,200000,1,2,2,7885,7613,9318,0,2003,2063,0.0394,0.0,si
R-5865,28,posgrado,20000,1,2,6,8469,8187,9097,0,1200,2000,0.4234,0.0,si
R-5866,28,posgrado,70000,1,3,7,72605,70859,71946,0,2800,0,1.0372,0.0,no
R-5867,27,posgrado,80000,0,0,0,2197,3613,4820,3613,1500,867,0.0275,1.6445,no
R-5868,26,universitaria,170000,0,0,0,7228,6238,6265,1200,2367,5430,0.0425,0.166,no
R-5869,27,posgrado,170000,0,0,0,2190,264,1408,264,1408,1434,0.0129,0.1205,no
R-5870,27,posgrado,10000,0,0,0,5703,6734,8833,1130,2229,1000,0.5703,0.1981,no
R-5871,29,posgrado,200000,1,2,2,199417,188778,195335,0,8278,4100,0.9971,0.0,no
R-5872,30,media,200000,0,0,0,24853,24065,19153,3158,3007,3014,0.1243,0.1271,no
R-5873,28,universitaria,230000,0,0,0,26574,-26,-26,26,0,90650,0.1155,0.001,no
R-5874,28,universitaria,20000,0,0,0,12234,11762,13007,1192,1827,1500,0.6117,0.0974,no
R-5875,27,otra,150000,0,0,0,133374,40283,49746,10000,10000,2900,0.8892,0.075,no
R-5876,28,posgrado,200000,0,0,2,5765,12386,2662,12453,12,6053,0.0288,2.1601,no
R-5877,29,universitaria,130000,0,0,0,58299,59352,51420,2626,8585,1620,0.4485,0.045,no
R-5878,27,universitaria,60000,0,0,0,58982,59063,58440,2097,2141,3000,0.983,0.0356,no
R-5879,29,universitaria,30000,0,0,0,390,390,390,390,390,390,0.013,1.0,no
R-5880,29,posgrado,160000,0,0,0,498,680,0,682,0,362,0.0031,1.3695,no
R-5881,28,posgrado,80000,0,0,0,198,734,1580,734,1044,1000,0.0025,3.0,no
R-5882,30,media,50000,0,0,0,9610,9132,8681,1147,1169,1000,0.1922,0.1194,si
R-5883,31,posgrado,280000,0,0,0,-6,-6,1345,0,1351,0,-0.0,0.0,no
R-5884,30,posgrado,200000,1,0,0,0,1870,1000,1870,1000,0,0.0,3.0,no
R-5885,30,posgrado,140000,0,0,2,90313,103560,78842,15037,5,2007,0.6451,0.1665,no
R-5886,45,posgrado,70000,1,2,2,73958,72097,46445,67,3006,4659,1.0565,0.0009,no
R-5887,28,universitaria,120000,0,0,0,8022,9493,11612,2000,3000,3000,0.0669,0.2493,no
R-5888,31,universitaria,130000,0,0,0,2280,1725,3895,1725,3895,1500,0.0175,0.7566,no
R-5889,30,posgrado,260000,0,0,0,27855,28307,27842,1259,1305,1113,0.1071,0.0452,no
R-5890,32,universitaria,250000,0,0,0,79319,0,0,0,0,174749,0.3173,0.0,no
R-5891,31,posgrado,140000,0,0,0,128036,106657,45887,4180,2800,100005,0.9145,0.0326,no
R-5892,34,media,60000,0,0,0,43293,28305,22298,1368,1396,1287,0.7216,0.0316,no
R-5893,41,media,220000,0,0,0,193903,176755,147558,8000,7000,3500,0.8814,0.0413,no
R-5894,31,universitaria,310000,0,2,2,4673,3851,547,0,547,3913,0.0151,0.0,no
R-5895,35,universitaria,80000,0,0,0,1692,2694,1130,2702,1246,397,0.0212,1.5969,no
R-5896,40,posgrado,50000,0,0,0,47695,48879,44765,2017,3000,2000,0.9539,0.0423,no
R-5897,43,posgrado,300000,0,0,2,1920,410,5015,412,5459,0,0.0064,0.2146,no
R-5898,39,universitaria,100000,0,0,0,66177,70177,80914,4000,10737,6849,0.6618,0.0604,no
R-5899,29,media,130000,0,0,0,129602,130079,122267,5437,5088,4180,0.9969,0.042,no
R-5900,46,media,10000,0,0,0,9592,8844,7560,1150,1166,2000,0.9592,0.1199,si
R-5901,29,universitaria,50000,0,0,2,48632,52100,50611,4600,0,2200,0.9726,0.0946,no
R-5902,38,universitaria,100000,0,0,0,1473,390,390,390,390,1170,0.0147,0.2648,no
R-5903,36,posgrado,50000,1,2,2,49395,50058,50753,1776,2374,0,0.9879,0.036,no
R-5904,49,universitaria,50000,0,0,0,48481,48526,50056,2313,2313,2082,0.9696,0.0477,si
R-5905,34,universitaria,120000,2,2,10,115040,117371,119044,6000,5600,4500,0.9587,0.0522,no
R-5906,40,universitaria,10000,0,0,0,9649,10084,9421,1500,1200,1137,0.9649,0.1555,si
R-5907,47,universitaria,20000,1,2,4,8198,6465,5450,300,1000,1000,0.4099,0.0366,no
R-5908,30,media,50000,0,0,0,37208,38204,39243,1615,1654,1666,0.7442,0.0434,si
R-5909,30,posgrado,50000,0,0,0,49194,50036,47855,1978,1797,1836,0.9839,0.0402,no
R-5910,29,posgrado,70000,1,0,2,10449,2343,14336,6000,15000,4000,0.1493,0.5742,no
R-5911,45,universitaria,200000,1,0,0,-7,34137,33749,34144,1492,1402,-0.0,3.0,no
R-5912,45,universitaria,10000,1,2,2,9298,9093,8528,1000,1200,1142,0.9298,0.1076,no
R-5913,26,posgrado,120000,0,0,0,2382,884,0,884,0,0,0.0198,0.3711,no
R-5914,35,universitaria,230000,0,0,0,149697,155697,165978,6000,10281,8866,0.6509,0.0401,no
R-5915,49,posgrado,30000,0,0,2,25144,25831,29122,1500,4500,0,0.8381,0.0597,no
R-5916,40,otra,260000,0,0,0,18503,19616,20725,3000,3000,3000,0.0712,0.1621,no
R-5917,44,universitaria,140000,0,0,0,129301,129885,131886,6104,7000,5518,0.9236,0.0472,no
R-5918,38,universitaria,100000,0,0,0,15788,8242,10095,2000,2000,2007,0.1579,0.1267,no
R-5919,32,posgrado,150000,0,0,0,833,1601,9253,1606,9297,33243,0.0056,1.928,no
R-5920,37,universitaria,50000,5,4,9,19859,19268,18687,0,0,0,0.3972,0.0,no
R-5921,37,posgrado,280000,0,0,0,7523,1567,-8,1574,0,0,0.0269,0.2092,no
R-5922,44,media,30000,1,2,6,19397,18659,22544,1500,4500,0,0.6466,0.0773,si
R-5923,34,universitaria,310000,0,0,0,89600,83373,80533,3100,3604,2366,0.289,0.0346,no
R-5924,29,universitaria,80000,0,0,0,28175,0,68227,0,68227,2000,0.3522,0.0,no
R-5925,34,posgrado,320000,0,0,0,5250,-3,988,0,991,6452,0.0164,0.0,no
R-5926,44,universitaria,480000,0,0,0,29112,43015,17223,43111,17223,10135,0.0606,1.4809,no
R-5927,37,posgrado,500000,0,0,0,14817,2480,122750,3904,123000,10052,0.0296,0.2635,no
R-5928,31,universitaria,70000,0,0,0,35515,36619,37725,2000,2000,2000,0.5074,0.0563,no
R-5929,36,universitaria,20000,2,2,10,25238,25274,25026,2000,1700,0,1.2619,0.0792,no
R-5930,44,media,150000,0,0,0,65903,35916,34409,5011,3045,70092,0.4394,0.076,no
R-5931,28,universitaria,50000,0,0,0,430,0,46257,0,46257,2200,0.0086,0.0,no
R-5932,33,posgrado,360000,0,0,0,57709,23707,11850,23718,11850,13898,0.1603,0.411,no
R-5933,30,universitaria,380000,0,0,0,47765,47945,135167,3000,90527,5000,0.1257,0.0628,no
R-5934,44,universitaria,300000,0,0,4,223211,239061,239874,21000,6000,3662,0.744,0.0941,no
R-5935,32,universitaria,20000,0,0,4,8768,9622,10974,1159,1511,4500,0.4384,0.1322,si
R-5936,31,universitaria,240000,2,0,4,60511,41296,2181,2300,2185,4,0.2521,0.038,si
R-5937,35,posgrado,240000,1,0,0,0,0,0,0,0,0,0.0,0.0,no
R-5938,33,universitaria,500000,0,0,0,5322,5920,6061,1125,1280,1791,0.0106,0.2114,no
R-5939,39,media,140000,0,0,0,138317,142082,136034,6047,6405,6452,0.988,0.0437,no
R-5940,36,universitaria,60000,3,2,24,2400,2400,2400,0,0,0,0.04,0.0,si
R-5941,34,posgrado,200000,0,0,0,485,1313,1144,1316,1147,935,0.0024,2.7134,no
R-5942,45,universitaria,10000,1,2,8,6321,6075,10062,0,4312,0,0.6321,0.0,no
R-5943,32,universitaria,100000,0,0,0,60121,61575,63028,2454,2700,1712,0.6012,0.0408,no
R-5944,31,universitaria,470000,0,0,0,12281,13323,13149,2014,3000,3000,0.0261,0.164,no
R-5945,36,media,10000,0,0,0,6728,8050,9531,1446,2017,1000,0.6728,0.2149,no
R-5946,49,media,10000,1,0,0,2365,9148,7264,10008,5000,5019,0.2365,3.0,no
R-5947,29,universitaria,30000,0,0,0,13172,7965,3101,1082,1000,3126,0.4391,0.0821,no
R-5948,37,universitaria,10000,0,4,13,7501,7243,6988,0,0,0,0.7501,0.0,si
R-5949,34,posgrado,260000,0,0,0,251267,254332,257628,12021,11710,7503,0.9664,0.0478,no
R-5950,34,universitaria,100000,0,0,0,47908,48909,49954,1800,1830,1850,0.4791,0.0376,si
R-5951,30,universitaria,90000,1,2,4,45271,44247,45287,0,2055,2100,0.503,0.0,no
R-5952,47,universitaria,10000,2,0,0,8640,9043,9489,1145,1136,1144,0.864,0.1325,si
R-5953,41,media,140000,0,0,0,1476,2139,0,2139,0,1686,0.0105,1.4492,no
R-5954,35,universitaria,310000,0,0,0,259636,263812,269351,10000,9775,12000,0.8375,0.0385,no
R-5955,35,posgrado,360000,0,0,0,3771,900,0,900,0,0,0.0105,0.2387,no
R-5956,43,universitaria,50000,0,0,0,12661,13743,14777,1600,1605,2000,0.2532,0.1264,si
R-5957,46,otra,50000,0,0,0,49336,49623,19900,1423,1000,19183,0.9867,0.0288,no
R-5958,35,media,250000,0,0,0,29363,4501,27548,4501,27548,1800,0.1175,0.1533,no
R-5959,34,universitaria,30000,0,0,0,24380,17858,19563,2000,2000,2000,0.8127,0.082,no
R-5960,34,media,130000,0,0,0,10557,12069,14849,2000,3000,3000,0.0812,0.1894,no
R-5961,48,posgrado,320000,2,2,10,206732,201932,215392,0,18300,8000,0.646,0.0,si
R-5962,42,media,10000,2,2,4,9013,8714,9121,0,1200,1500,0.9013,0.0,si
R-5963,39,posgrado,400000,0,0,0,10260,17794,6402,12201,6430,20118,0.0256,1.1892,no
R-5964,36,universitaria,270000,1,0,0,-16,3326,-54,3342,0,0,-0.0001,3.0,no
R-5965,44,media,80000,1,2,4,58606,57076,58358,0,2800,2200,0.7326,0.0,no
R-5966,41,media,30000,0,0,2,19904,21267,22120,2000,1510,3000,0.6635,0.1005,no
R-5967,42,universitaria,190000,0,0,0,3747,3313,4085,1000,1004,1500,0.0197,0.2669,si
R-5968,44,posgrado,650000,0,0,0,2119,5094,5158,5115,5180,7201,0.0033,2.4139,no
R-5969,44,posgrado,80000,0,0,0,77156,77494,77438,3000,2734,2215,0.9644,0.0389,no
R-5970,30,posgrado,320000,0,0,0,95526,97737,101151,5000,5000,5000,0.2985,0.0523,no
R-5971,36,universitaria,340000,0,0,0,19628,14586,15018,14594,15047,12064,0.0577,0.7435,no
R-5972,36,media,340000,0,0,0,362178,303611,92112,10116,3300,5000,1.0652,0.0279,si
R-5973,38,universitaria,140000,0,0,0,135261,137999,141532,4494,5303,2806,0.9662,0.0332,si
R-5974,34,posgrado,420000,0,0,0,454391,466810,483277,20000,24000,11000,1.0819,0.044,no
R-5975,34,universitaria,140000,0,0,0,32538,36002,40422,4000,5000,5000,0.2324,0.1229,no
R-5976,40,media,180000,0,0,0,105918,81091,-1659,4400,0,112736,0.5884,0.0415,no
R-5977,49,posgrado,210000,0,0,0,291,291,291,291,582,291,0.0014,1.0,no
R-5978,45,universitaria,210000,0,0,0,1792,4339,4049,4369,4049,348,0.0085,2.4381,si
R-5979,46,posgrado,230000,0,0,0,39900,1200,0,1200,0,11211,0.1735,0.0301,no
R-5980,29,posgrado,140000,0,0,0,142044,142087,255846,6100,5528,4500,1.0146,0.0429,si
R-5981,30,media,50000,1,2,4,17479,18195,17614,1300,0,1310,0.3496,0.0744,si
R-5982,29,posgrado,240000,0,0,6,64826,72951,62848,10589,34,4400,0.2701,0.1633,si
R-5983,29,posgrado,140000,0,0,0,0,0,0,0,0,0,0.0,0.0,si
R-5984,32,posgrado,360000,0,0,0,0,0,0,0,0,0,0.0,0.0,no
R-5985,32,posgrado,390000,0,0,0,60425,49480,46201,1781,2188,1000,0.1549,0.0295,no
R-5986,33,universitaria,330000,0,0,0,50999,50055,47398,2000,2007,2000,0.1545,0.0392,no
R-5987,33,posgrado,30000,0,3,5,31724,30923,29928,0,0,31200,1.0575,0.0,si
R-5988,35,posgrado,360000,0,0,0,200,317,12349,317,12357,0,0.0006,1.585,no
R-5989,46,media,170000,0,0,0,1804,1804,1804,1804,1804,1804,0.0106,1.0,si
R-5990,48,universitaria,50000,0,0,0,48187,48344,46895,46895,1775,51209,0.9637,0.9732,si
R-5991,44,posgrado,320000,0,0,0,14075,6813,13482,6818,13482,2975,0.044,0.4844,no
R-5992,39,universitaria,80000,3,2,2,75635,73830,74968,0,2968,1867,0.9454,0.0,si
R-5993,32,posgrado,220000,0,2,2,528,264,264,0,264,292,0.0024,0.0,no
R-5994,30,universitaria,180000,0,0,2,51323,44638,28674,2124,1588,1526,0.2851,0.0414,no
R-5995,29,universitaria,10000,0,0,0,9406,9968,9385,3009,2000,2009,0.9406,0.3199,no
R-5996,31,otra,150000,2,0,0,134866,136692,91815,4633,2000,0,0.8991,0.0344,si
R-5997,33,universitaria,200000,0,0,0,110006,76950,63834,5000,2183,2059,0.55,0.0455,no
R-5998,37,universitaria,50000,1,2,6,10904,9316,4328,0,3000,0,0.2181,0.0,si
R-5999,34,posgrado,250000,0,0,0,279640,252913,243075,65000,8800,9011,1.1186,0.2324,no
R-6000,43,media,10000,0,0,0,8802,10400,0,2000,0,0,0.8802,0.2272,no
